provincia,macro_sector,anio,vab,participacion_pct
Buenos Aires,Industria manufacturera,2004,43772.66177579405,33.19485887294681
Buenos Aires,Comercio,2004,18983.730629880876,14.396251760257547
Buenos Aires,"Administración pública, salud y educación",2004,14299.741606837406,10.844163578397389
Buenos Aires,Servicios financieros e inmobiliarios,2004,13633.532091607762,10.338945710881466
Buenos Aires,"Agro, pesca y silvicultura",2004,12202.623834195709,9.253820983757977
Buenos Aires,Transporte y comunicaciones,2004,9772.646337500031,7.4110552757823305
Buenos Aires,Resto / no clasificado,2004,5302.569483703895,4.0211867072904814
Buenos Aires,Otros servicios,2004,4671.983159410345,3.542983573349242
Buenos Aires,Construcción,2004,4354.142771958701,3.3019503261681322
Buenos Aires,Minería y energía,2004,3314.7624589432653,2.5137395707293106
Buenos Aires,Hotelería y gastronomía,2004,1557.392486989451,1.181043640439311
Buenos Aires,Industria manufacturera,2005,47111.49709874431,32.65961241519841
Buenos Aires,Comercio,2005,21038.390273056943,14.584670716737504
Buenos Aires,"Administración pública, salud y educación",2005,15675.07521095157,10.866601838097983
Buenos Aires,"Agro, pesca y silvicultura",2005,14477.909069501002,10.036677412337879
Buenos Aires,Servicios financieros e inmobiliarios,2005,14145.333769465418,9.806122641911788
Buenos Aires,Transporte y comunicaciones,2005,11000.289410446621,7.625849542568957
Buenos Aires,Resto / no clasificado,2005,5711.764126237493,3.959627990147716
Buenos Aires,Otros servicios,2005,5169.662951393479,3.583821332526108
Buenos Aires,Construcción,2005,4536.59020307856,3.1449494676126752
Buenos Aires,Minería y energía,2005,3555.1018746273207,2.46454170366342
Buenos Aires,Hotelería y gastronomía,2005,1828.4049650204518,1.2675249391975696
Buenos Aires,Industria manufacturera,2006,51234.00218413125,33.12032953247214
Buenos Aires,Comercio,2006,23319.094256864508,15.074678011887723
Buenos Aires,"Administración pública, salud y educación",2006,15982.026518852275,10.331614988786601
Buenos Aires,Servicios financieros e inmobiliarios,2006,14814.478582522019,9.576851145485033
Buenos Aires,"Agro, pesca y silvicultura",2006,14057.309636994649,9.08737767242912
Buenos Aires,Transporte y comunicaciones,2006,12193.517680589584,7.882525403534418
Buenos Aires,Resto / no clasificado,2006,6268.370556051073,4.052201459919533
Buenos Aires,Otros servicios,2006,5713.488128729771,3.693496536212601
Buenos Aires,Construcción,2006,5286.914636183604,3.4177371959180305
Buenos Aires,Minería y energía,2006,3745.8101794822405,2.4214869465920112
Buenos Aires,Hotelería y gastronomía,2006,2075.484103107756,1.3417011067627929
Buenos Aires,Industria manufacturera,2007,54907.22108262491,33.11675099912469
Buenos Aires,Comercio,2007,25489.166951516105,15.373540646652643
Buenos Aires,"Administración pública, salud y educación",2007,16747.82674067593,10.10128717155124
Buenos Aires,Servicios financieros e inmobiliarios,2007,15460.707922133148,9.32497410052865
Buenos Aires,"Agro, pesca y silvicultura",2007,14368.26355869875,8.666077014664245
Buenos Aires,Transporte y comunicaciones,2007,13813.354042852374,8.33138879149455
Buenos Aires,Resto / no clasificado,2007,6865.286005499604,4.1407298111076924
Buenos Aires,Otros servicios,2007,6102.488795587936,3.6806561675070046
Buenos Aires,Construcción,2007,5857.010262632759,3.532598201883981
Buenos Aires,Minería y energía,2007,3782.8873103870887,2.2816113189796985
Buenos Aires,Hotelería y gastronomía,2007,2404.724197968364,1.45038577650561
Buenos Aires,Industria manufacturera,2008,57029.61637299407,32.830789228123535
Buenos Aires,Comercio,2008,26995.64525147609,15.54084343706195
Buenos Aires,"Administración pública, salud y educación",2008,17852.18425728988,10.277139070678597
Buenos Aires,Servicios financieros e inmobiliarios,2008,15983.255090888275,9.20123459425502
Buenos Aires,"Agro, pesca y silvicultura",2008,14904.185322690922,8.580036094682026
Buenos Aires,Transporte y comunicaciones,2008,14754.223768956315,8.493706280874717
Buenos Aires,Resto / no clasificado,2008,7321.984662499208,4.215117520935981
Buenos Aires,Otros servicios,2008,6344.093956020201,3.6521657475525613
Buenos Aires,Construcción,2008,6239.001081363516,3.591665918925535
Buenos Aires,Minería y energía,2008,3889.539721977608,2.239128840907491
Buenos Aires,Hotelería y gastronomía,2008,2393.9933977680826,1.3781732660025763
Buenos Aires,Industria manufacturera,2009,53104.95547822675,32.63227056490547
Buenos Aires,Comercio,2009,24737.254314462756,15.200705255338978
Buenos Aires,"Administración pública, salud y educación",2009,18805.35145671899,11.555631885528967
Buenos Aires,Servicios financieros e inmobiliarios,2009,16193.431811091406,9.95064290093492
Buenos Aires,Transporte y comunicaciones,2009,14709.405719087961,9.038729115798784
Buenos Aires,"Agro, pesca y silvicultura",2009,10389.081201074268,6.383948647000145
Buenos Aires,Resto / no clasificado,2009,6711.898763632951,4.124370211531877
Buenos Aires,Otros servicios,2009,6398.23151708612,3.9316259682783112
Buenos Aires,Construcción,2009,5604.931086308996,3.444153677542863
Buenos Aires,Minería y energía,2009,3739.303643719324,2.2977510691297987
Buenos Aires,Hotelería y gastronomía,2009,2343.698424704232,1.4401707040098815
Buenos Aires,Industria manufacturera,2010,59203.489768099746,32.48132174180948
Buenos Aires,Comercio,2010,28354.5459078562,15.556399328544948
Buenos Aires,"Administración pública, salud y educación",2010,19084.337976808314,10.470405114330825
Buenos Aires,Servicios financieros e inmobiliarios,2010,16653.150420594196,9.136561695008874
Buenos Aires,Transporte y comunicaciones,2010,16486.4443889147,9.045100325544135
Buenos Aires,"Agro, pesca y silvicultura",2010,15932.484506531584,8.7411765325005
Buenos Aires,Resto / no clasificado,2010,7182.494045637684,3.9405937203839354
Buenos Aires,Otros servicios,2010,6741.725756203082,3.6987712082517783
Buenos Aires,Construcción,2010,6192.195496591785,3.397277677393867
Buenos Aires,Minería y energía,2010,3840.8773622721264,2.1072537085814727
Buenos Aires,Hotelería y gastronomía,2010,2597.5913103537423,1.4251389476501886
Buenos Aires,Industria manufacturera,2011,63157.45739889855,32.616198351379666
Buenos Aires,Comercio,2011,31335.85911675756,16.182674834545793
Buenos Aires,"Administración pública, salud y educación",2011,19518.55342719026,10.079902458586648
Buenos Aires,Transporte y comunicaciones,2011,17984.085561511707,9.287462257033146
Buenos Aires,Servicios financieros e inmobiliarios,2011,17334.668027818745,8.952085692425547
Buenos Aires,"Agro, pesca y silvicultura",2011,16299.679686930633,8.417590061853174
Buenos Aires,Resto / no clasificado,2011,7642.9719255902755,3.9470348963640536
Buenos Aires,Otros servicios,2011,7016.930775084172,3.6237305205709087
Buenos Aires,Construcción,2011,6656.301274445328,3.4374918116579587
Buenos Aires,Minería y energía,2011,3928.215712456912,2.028635542360122
Buenos Aires,Hotelería y gastronomía,2011,2763.5936086033525,1.4271935732229784
Buenos Aires,Industria manufacturera,2012,61753.435731158264,32.05315398282829
Buenos Aires,Comercio,2012,30812.64157199158,15.993318156813393
Buenos Aires,"Administración pública, salud y educación",2012,20237.095204387748,10.504075134788131
Buenos Aires,Transporte y comunicaciones,2012,18583.28994672434,9.645666627571265
Buenos Aires,Servicios financieros e inmobiliarios,2012,18128.888356114545,9.409809237914985
Buenos Aires,"Agro, pesca y silvicultura",2012,15009.876213713045,7.790884310240661
Buenos Aires,Resto / no clasificado,2012,7349.362227231678,3.814690411244272
Buenos Aires,Otros servicios,2012,7267.982579532496,3.772450261398584
Buenos Aires,Construcción,2012,6604.717811683217,3.428182327419795
Buenos Aires,Minería y energía,2012,4062.4227188668497,2.1086026940761564
Buenos Aires,Hotelería y gastronomía,2012,2849.7549853702485,1.4791668557044655
Buenos Aires,Industria manufacturera,2013,62953.47624926069,32.06937027884961
Buenos Aires,Comercio,2013,31640.77403506118,16.118247297768626
Buenos Aires,"Administración pública, salud y educación",2013,20297.89620662215,10.340028670608435
Buenos Aires,Transporte y comunicaciones,2013,19046.351463518437,9.702474492849872
Buenos Aires,Servicios financieros e inmobiliarios,2013,18543.07606959274,9.446099056231681
Buenos Aires,"Agro, pesca y silvicultura",2013,16022.899424928844,8.162286266198748
Buenos Aires,Resto / no clasificado,2013,7279.408495764647,3.7082312267771185
Buenos Aires,Otros servicios,2013,7112.800529001914,3.6233588274140556
Buenos Aires,Construcción,2013,6511.678782886171,3.317139107592296
Buenos Aires,Minería y energía,2013,4095.514843499412,2.086311826191646
Buenos Aires,Hotelería y gastronomía,2013,2800.18507059331,1.4264529495179084
Buenos Aires,Industria manufacturera,2014,59898.35745647737,31.622889165830742
Buenos Aires,Comercio,2014,29072.18452456067,15.348442061984192
Buenos Aires,"Administración pública, salud y educación",2014,20563.07653217409,10.856122232699342
Buenos Aires,Transporte y comunicaciones,2014,19023.62561573844,10.043380652230232
Buenos Aires,Servicios financieros e inmobiliarios,2014,18656.671939346244,9.84965020735157
Buenos Aires,"Agro, pesca y silvicultura",2014,14763.952128685729,7.794517940734811
Buenos Aires,Resto / no clasificado,2014,7025.682605806584,3.7091565076581396
Buenos Aires,Otros servicios,2014,6915.024100050912,3.650735178403649
Buenos Aires,Construcción,2014,6598.109254392702,3.483422359407939
Buenos Aires,Minería y energía,2014,4147.305415922288,2.1895388300063914
Buenos Aires,Hotelería y gastronomía,2014,2750.57385389238,1.4521448636929954
Buenos Aires,Industria manufacturera,2015,60163.98646940796,30.797510317352124
Buenos Aires,Comercio,2015,30084.13897627681,15.399853548295926
Buenos Aires,"Administración pública, salud y educación",2015,21892.088077138047,11.206401835870153
Buenos Aires,Transporte y comunicaciones,2015,19701.776144083742,10.085196970385395
Buenos Aires,Servicios financieros e inmobiliarios,2015,18985.287354760596,9.718431531850719
Buenos Aires,"Agro, pesca y silvicultura",2015,16642.100791898556,8.518971247051963
Buenos Aires,Resto / no clasificado,2015,7079.679678613959,3.6240369154482184
Buenos Aires,Otros servicios,2015,6921.466804470028,3.543048887398195
Buenos Aires,Construcción,2015,6754.972623222004,3.457821718028818
Buenos Aires,Minería y energía,2015,4289.055262830655,2.1955364240347746
Buenos Aires,Hotelería y gastronomía,2015,2838.8573931035053,1.4531906042837208
Buenos Aires,Industria manufacturera,2016,57015.65206358108,29.817969946877003
Buenos Aires,Comercio,2016,29221.26037899337,15.282095920240288
Buenos Aires,"Administración pública, salud y educación",2016,22029.083329458754,11.520740724714491
Buenos Aires,Transporte y comunicaciones,2016,20241.525097690734,10.585885896189295
Buenos Aires,Servicios financieros e inmobiliarios,2016,19172.097617330834,10.026598133696009
Buenos Aires,"Agro, pesca y silvicultura",2016,16464.77221733341,8.610724693828706
Buenos Aires,Resto / no clasificado,2016,6908.688952729927,3.613096967392349
Buenos Aires,Otros servicios,2016,6857.866573324911,3.5865179469500745
Buenos Aires,Construcción,2016,5992.492456812457,3.1339457415107934
Buenos Aires,Minería y energía,2016,4391.728276862223,2.296780217970601
Buenos Aires,Hotelería y gastronomía,2016,2917.2199460536517,1.5256438106303838
Buenos Aires,Industria manufacturera,2017,58972.70976868713,30.07987002866922
Buenos Aires,Comercio,2017,30317.816001104387,15.464033591865764
Buenos Aires,"Administración pública, salud y educación",2017,22458.25341409584,11.455151822201215
Buenos Aires,Transporte y comunicaciones,2017,20782.00981325677,10.60015991412376
Buenos Aires,Servicios financieros e inmobiliarios,2017,19469.160826771687,9.930522601617058
Buenos Aires,"Agro, pesca y silvicultura",2017,16326.652206954335,8.32764134995259
Buenos Aires,Resto / no clasificado,2017,7041.076548352906,3.5914013154067987
Buenos Aires,Otros servicios,2017,6871.208082719807,3.504757486621333
Buenos Aires,Construcción,2017,6532.142513877493,3.331812267010804
Buenos Aires,Minería y energía,2017,4310.126377231565,2.1984413085780217
Buenos Aires,Hotelería y gastronomía,2017,2972.583085047385,1.5162083139534275
Buenos Aires,Industria manufacturera,2018,56192.102247652845,29.62077015493639
Buenos Aires,Comercio,2018,29115.117393089567,15.34756960210934
Buenos Aires,"Administración pública, salud y educación",2018,22722.97322428064,11.978052790173106
Buenos Aires,Transporte y comunicaciones,2018,20207.357316662827,10.651986001120711
Buenos Aires,Servicios financieros e inmobiliarios,2018,19759.368150600054,10.415835659897246
Buenos Aires,"Agro, pesca y silvicultura",2018,13918.897933297932,7.337124969540689
Buenos Aires,Resto / no clasificado,2018,7034.801884534915,3.708283573178222
Buenos Aires,Otros servicios,2018,6795.301416951204,3.5820347229210987
Buenos Aires,Construcción,2018,6567.5202312647,3.4619635051349604
Buenos Aires,Minería y energía,2018,4454.533591906419,2.3481363108961575
Buenos Aires,Hotelería y gastronomía,2018,2937.094890329127,1.5482427100920777
Buenos Aires,Industria manufacturera,2019,52352.90089492784,28.316673449196973
Buenos Aires,Comercio,2019,26738.206319554876,14.462179631414557
Buenos Aires,"Administración pública, salud y educación",2019,22088.461537224415,11.947222439498658
Buenos Aires,Transporte y comunicaciones,2019,20213.870310632396,10.933292233020286
Buenos Aires,Servicios financieros e inmobiliarios,2019,19440.92919242801,10.515223303400166
Buenos Aires,"Agro, pesca y silvicultura",2019,16917.72310340943,9.150469838999745
Buenos Aires,Otros servicios,2019,6705.091193580957,3.626654388393467
Buenos Aires,Resto / no clasificado,2019,6571.951151946492,3.5546415100709807
Buenos Aires,Construcción,2019,6534.885265587517,3.5345932876766066
Buenos Aires,Minería y energía,2019,4421.865050008869,2.391701443800018
Buenos Aires,Hotelería y gastronomía,2019,2897.771148931902,1.5673484745285402
Buenos Aires,Industria manufacturera,2020,48299.855873492,28.731792412886858
Buenos Aires,Comercio,2020,25383.67781418272,15.09980823841268
Buenos Aires,"Administración pública, salud y educación",2020,20485.94572340202,12.186329115517907
Buenos Aires,Servicios financieros e inmobiliarios,2020,19576.812862100356,11.645519703683016
Buenos Aires,Transporte y comunicaciones,2020,17506.890118845702,10.414199454494739
Buenos Aires,"Agro, pesca y silvicultura",2020,15571.328273573923,9.262805518945251
Buenos Aires,Resto / no clasificado,2020,5908.9124919638325,3.514992830407063
Buenos Aires,Construcción,2020,4972.874401890894,2.958178496116455
Buenos Aires,Minería y energía,2020,4454.997560895027,2.650112775798207
Buenos Aires,Otros servicios,2020,4316.228832254715,2.567564407224671
Buenos Aires,Hotelería y gastronomía,2020,1628.4374834434873,0.9686970465131425
Buenos Aires,Industria manufacturera,2021,56091.198409936515,30.0896731582512
Buenos Aires,Comercio,2021,28924.616223309244,15.516378202984635
Buenos Aires,"Administración pública, salud y educación",2021,22295.61278890955,11.96030251980443
Buenos Aires,Servicios financieros e inmobiliarios,2021,19676.05359260946,10.555061015436825
Buenos Aires,Transporte y comunicaciones,2021,18772.427739366492,10.070318179623031
Buenos Aires,"Agro, pesca y silvicultura",2021,15427.45541378053,8.275934624743464
Buenos Aires,Resto / no clasificado,2021,7009.105044122781,3.75997814074415
Buenos Aires,Construcción,2021,6293.4954324178825,3.3760951085483364
Buenos Aires,Otros servicios,2021,5475.120205849317,2.9370842871304847
Buenos Aires,Minería y energía,2021,4516.9173417264365,2.4230640519049507
Buenos Aires,Hotelería y gastronomía,2021,1931.449741912689,1.0361107108284946
Buenos Aires,Industria manufacturera,2022,59080.405167947916,30.06503444883296
Buenos Aires,Comercio,2022,30892.71124202563,15.72078636003048
Buenos Aires,"Administración pública, salud y educación",2022,23200.28683590116,11.806239665441375
Buenos Aires,Transporte y comunicaciones,2022,20355.56988647396,10.35861057693764
Buenos Aires,Servicios financieros e inmobiliarios,2022,19766.374653592542,10.058778933547384
Buenos Aires,"Agro, pesca y silvicultura",2022,15741.899342576142,8.010790458853778
Buenos Aires,Resto / no clasificado,2022,7469.641247335371,3.8011760546184803
Buenos Aires,Construcción,2022,6556.506674224861,3.3364970748629084
Buenos Aires,Otros servicios,2022,6067.578489206871,3.087689662595092
Buenos Aires,Minería y energía,2022,4792.5965747035125,2.4388725958838027
Buenos Aires,Hotelería y gastronomía,2022,2585.119302269281,1.3155241683960937
Buenos Aires,Industria manufacturera,2023,58077.88159251901,30.10908583603721
Buenos Aires,Comercio,2023,31033.104278423467,16.088369183873656
Buenos Aires,"Administración pública, salud y educación",2023,23588.609060751238,12.228949050620482
Buenos Aires,Transporte y comunicaciones,2023,20167.552628611444,10.45538433130241
Buenos Aires,Servicios financieros e inmobiliarios,2023,19900.127533759834,10.316744199899361
Buenos Aires,"Agro, pesca y silvicultura",2023,12220.722684891361,6.335540798120248
Buenos Aires,Resto / no clasificado,2023,7513.886017281506,3.8953941303132873
Buenos Aires,Construcción,2023,6669.894048379167,3.4578467208726527
Buenos Aires,Otros servicios,2023,6219.42547514127,3.2243120848606517
Buenos Aires,Minería y energía,2023,4794.805094986657,2.4857517907577695
Buenos Aires,Hotelería y gastronomía,2023,2705.539036377837,1.4026218733422726
Buenos Aires,Industria manufacturera,2024,52833.847380330815,28.25078470157493
Buenos Aires,Comercio,2024,28858.62783082481,15.430995887212733
Buenos Aires,"Administración pública, salud y educación",2024,22990.214099568348,12.293096584365212
Buenos Aires,Transporte y comunicaciones,2024,20356.40777716798,10.88477409699928
Buenos Aires,Servicios financieros e inmobiliarios,2024,20035.692566176727,10.713284477645775
Buenos Aires,"Agro, pesca y silvicultura",2024,15706.473977429861,8.39840815610279
Buenos Aires,Resto / no clasificado,2024,7287.694885123646,3.8968030794411517
Buenos Aires,Otros servicios,2024,6000.598385053566,3.2085797544979973
Buenos Aires,Construcción,2024,5580.374212258322,2.98388170162715
Buenos Aires,Minería y energía,2024,4536.767270082101,2.4258546697463466
Buenos Aires,Hotelería y gastronomía,2024,2830.5754313388593,1.5135368907866389
Catamarca,Minería y energía,2004,1691.6528928502173,43.84838714018946
Catamarca,"Administración pública, salud y educación",2004,509.7940368923858,13.21408569446794
Catamarca,Industria manufacturera,2004,453.40008703142286,11.752329706393096
Catamarca,Comercio,2004,385.7294967082752,9.998278236948256
Catamarca,"Agro, pesca y silvicultura",2004,193.23705992695244,5.0087895982212185
Catamarca,Servicios financieros e inmobiliarios,2004,178.7978679708911,4.634519390924652
Catamarca,Transporte y comunicaciones,2004,151.49942028260364,3.9269316182667167
Catamarca,Construcción,2004,109.87260628005872,2.8479462876999317
Catamarca,Resto / no clasificado,2004,85.34358152939829,2.212143175853464
Catamarca,Otros servicios,2004,64.34766192497554,1.667919703609186
Catamarca,Hotelería y gastronomía,2004,34.28450484893787,0.888669447426079
Catamarca,Minería y energía,2005,1947.720335682766,44.77407088910417
Catamarca,"Administración pública, salud y educación",2005,553.7110761167684,12.72867491289176
Catamarca,Industria manufacturera,2005,480.2973415532836,11.041044663640866
Catamarca,Comercio,2005,420.0897932659149,9.656997382472634
Catamarca,"Agro, pesca y silvicultura",2005,200.77719604969656,4.615453381141294
Catamarca,Servicios financieros e inmobiliarios,2005,194.5117105892972,4.471422800867955
Catamarca,Transporte y comunicaciones,2005,180.17695825781203,4.141896428262373
Catamarca,Construcción,2005,159.59888576197434,3.6688490097957067
Catamarca,Resto / no clasificado,2005,104.45936235527893,2.401305161444725
Catamarca,Otros servicios,2005,71.71714343034466,1.6486291204577248
Catamarca,Hotelería y gastronomía,2005,37.04796468229334,0.8516562499207813
Catamarca,Minería y energía,2006,1986.280781659887,43.30931699134767
Catamarca,"Administración pública, salud y educación",2006,634.093332795513,13.825914949039344
Catamarca,Industria manufacturera,2006,511.7333667659816,11.15795047757374
Catamarca,Comercio,2006,466.0483477414359,10.161823953590389
Catamarca,Servicios financieros e inmobiliarios,2006,211.42433557433455,4.609944200045037
Catamarca,"Agro, pesca y silvicultura",2006,203.40603205020477,4.435111290082945
Catamarca,Transporte y comunicaciones,2006,196.73793227912142,4.289718529209305
Catamarca,Construcción,2006,150.8988516312277,3.290232810622961
Catamarca,Resto / no clasificado,2006,109.47144777906524,2.386940294213212
Catamarca,Otros servicios,2006,81.6324102573197,1.7799316014362858
Catamarca,Hotelería y gastronomía,2006,34.53985797535907,0.7531149028390982
Catamarca,Minería y energía,2007,1926.4173447595563,40.68329615458219
Catamarca,"Administración pública, salud y educación",2007,714.4931497688577,15.089116847675998
Catamarca,Industria manufacturera,2007,537.4744711256706,11.350724776132191
Catamarca,Comercio,2007,504.3652059195359,10.651502437054933
Catamarca,Transporte y comunicaciones,2007,235.4858986963603,4.97313969008503
Catamarca,Servicios financieros e inmobiliarios,2007,200.52278551979055,4.234766620657491
Catamarca,"Agro, pesca y silvicultura",2007,194.0927469800164,4.0989730124289165
Catamarca,Construcción,2007,169.06235973248644,3.570365512073256
Catamarca,Resto / no clasificado,2007,130.83248444261574,2.7630029005386936
Catamarca,Otros servicios,2007,84.01539378885394,1.7742900604346492
Catamarca,Hotelería y gastronomía,2007,38.393682161573224,0.8108219883366653
Catamarca,Minería y energía,2008,1644.0871954871575,36.084729831758004
Catamarca,"Administración pública, salud y educación",2008,747.823952485292,16.413378415220425
Catamarca,Industria manufacturera,2008,508.67510586040197,11.164495300186703
Catamarca,Comercio,2008,499.3597869398254,10.960040957699068
Catamarca,Transporte y comunicaciones,2008,248.22762582727552,5.448145840039735
Catamarca,"Agro, pesca y silvicultura",2008,226.4124141518399,4.969341539579593
Catamarca,Servicios financieros e inmobiliarios,2008,210.19618563787088,4.613424757049554
Catamarca,Construcción,2008,185.32335809212069,4.06751133797791
Catamarca,Resto / no clasificado,2008,152.8940453018185,3.355746783226976
Catamarca,Otros servicios,2008,88.9123027365828,1.951463664321282
Catamarca,Hotelería y gastronomía,2008,44.27343652284994,0.9717215729407503
Catamarca,Minería y energía,2009,1446.3174365661287,34.78391906512189
Catamarca,"Administración pública, salud y educación",2009,734.2194006418196,17.657968826402694
Catamarca,Industria manufacturera,2009,459.04095357169234,11.039930082377921
Catamarca,Comercio,2009,450.6931679707633,10.83916592689273
Catamarca,Transporte y comunicaciones,2009,254.05960686314305,6.110130860225026
Catamarca,Servicios financieros e inmobiliarios,2009,210.17271969961928,5.054651687727094
Catamarca,"Agro, pesca y silvicultura",2009,178.4248570884968,4.291115927432468
Catamarca,Resto / no clasificado,2009,148.64319473850364,3.574867262639727
Catamarca,Construcción,2009,145.42489038336737,3.497467076908874
Catamarca,Otros servicios,2009,89.42011677587794,2.1505528634921314
Catamarca,Hotelería y gastronomía,2009,41.589640760398154,1.0002304207794428
Catamarca,Minería y energía,2010,1362.8259164263475,31.996928936773063
Catamarca,"Administración pública, salud y educación",2010,756.2564509422799,17.75566756334435
Catamarca,Industria manufacturera,2010,532.8987590104133,12.511593386235885
Catamarca,Comercio,2010,521.9815314372943,12.255274695320715
Catamarca,Transporte y comunicaciones,2010,249.2464521590878,5.8519000272535155
Catamarca,Servicios financieros e inmobiliarios,2010,221.88089389041005,5.209401368632411
Catamarca,"Agro, pesca y silvicultura",2010,200.85470162683748,4.715740680528805
Catamarca,Resto / no clasificado,2010,141.41410419611148,3.3201724358790763
Catamarca,Construcción,2010,127.97653270096576,3.004680181857048
Catamarca,Otros servicios,2010,92.9970390198298,2.1834187426157743
Catamarca,Hotelería y gastronomía,2010,50.90736975321133,1.195221981559348
Catamarca,Minería y energía,2011,1157.0239123070085,27.340820664448668
Catamarca,"Administración pública, salud y educación",2011,819.2778743702024,19.35978089929294
Catamarca,Comercio,2011,574.7412024438706,13.581306295697264
Catamarca,Industria manufacturera,2011,560.7809551121463,13.25142148115875
Catamarca,Transporte y comunicaciones,2011,264.00672056005646,6.2385576687428275
Catamarca,Servicios financieros e inmobiliarios,2011,236.65042070378226,5.592120131490949
Catamarca,"Agro, pesca y silvicultura",2011,189.68750220980243,4.482372339102783
Catamarca,Resto / no clasificado,2011,156.0121686192782,3.686614147140971
Catamarca,Construcción,2011,129.9919974858028,3.0717497307261734
Catamarca,Otros servicios,2011,94.11994427257505,2.2240823978939206
Catamarca,Hotelería y gastronomía,2011,49.5623969290983,1.1711742443047601
Catamarca,Minería y energía,2012,1256.8066457017776,29.05176523877875
Catamarca,"Administración pública, salud y educación",2012,853.7067110132589,19.733892270499833
Catamarca,Comercio,2012,558.6295274124668,12.91302360736232
Catamarca,Industria manufacturera,2012,540.2270328152553,12.48763999352285
Catamarca,Transporte y comunicaciones,2012,286.47107367861213,6.621933778496855
Catamarca,Servicios financieros e inmobiliarios,2012,253.10138558765937,5.850575393477886
Catamarca,Resto / no clasificado,2012,152.78071526785573,3.5316088502189937
Catamarca,"Agro, pesca y silvicultura",2012,148.8023369502236,3.4396464840824277
Catamarca,Construcción,2012,130.4118831471874,3.014541199711431
Catamarca,Otros servicios,2012,98.29098364321993,2.2720492381682105
Catamarca,Hotelería y gastronomía,2012,46.86561120085289,1.0833239456804475
Catamarca,Minería y energía,2013,1013.3636873357349,24.489814215401157
Catamarca,"Administración pública, salud y educación",2013,907.3500270885033,21.92779736380541
Catamarca,Comercio,2013,560.9398458376003,13.556152428054514
Catamarca,Industria manufacturera,2013,546.5521879788037,13.208447973710918
Catamarca,Transporte y comunicaciones,2013,296.1057090539714,7.1559440045821265
Catamarca,Servicios financieros e inmobiliarios,2013,256.70242011231016,6.203690398382648
Catamarca,Construcción,2013,160.4084370617182,3.8765675850814745
Catamarca,Resto / no clasificado,2013,140.6526094650062,3.399131346185853
Catamarca,"Agro, pesca y silvicultura",2013,104.45247656475416,2.5242879504936133
Catamarca,Otros servicios,2013,103.13629209477601,2.492479910057799
Catamarca,Hotelería y gastronomía,2013,48.2349391508329,1.1656868242444882
Catamarca,Minería y energía,2014,1141.0743965327986,26.767878722928284
Catamarca,"Administración pública, salud y educación",2014,962.6942566132138,22.583350556793786
Catamarca,Industria manufacturera,2014,522.1351157072643,12.248499744365656
Catamarca,Comercio,2014,518.5479524241831,12.164350321670149
Catamarca,Transporte y comunicaciones,2014,319.0074356975456,7.483431734522139
Catamarca,Servicios financieros e inmobiliarios,2014,258.72913871825165,6.06939409765188
Catamarca,Construcción,2014,172.70650023352252,4.0514331641823285
Catamarca,Resto / no clasificado,2014,132.029426074895,3.097210555042921
Catamarca,"Agro, pesca y silvicultura",2014,102.11966848873853,2.3955729001002286
Catamarca,Otros servicios,2014,89.54208905563495,2.100521918397094
Catamarca,Hotelería y gastronomía,2014,44.2635661499289,1.0383562843455265
Catamarca,"Administración pública, salud y educación",2015,875.2583984687424,22.705023955035713
Catamarca,Minería y energía,2015,702.0575829511951,18.21203231709478
Catamarca,Comercio,2015,543.6398805847757,14.102528502650978
Catamarca,Industria manufacturera,2015,528.169651462795,13.701216246271631
Catamarca,Transporte y comunicaciones,2015,346.08599021825285,8.977795256983542
Catamarca,Servicios financieros e inmobiliarios,2015,273.2773450787466,7.089070698706458
Catamarca,Construcción,2015,160.8807611098642,4.173397868897222
Catamarca,"Agro, pesca y silvicultura",2015,148.46404196085345,3.851296525780195
Catamarca,Resto / no clasificado,2015,144.58408659731816,3.7506468437803893
Catamarca,Otros servicios,2015,89.09215778272772,2.3111341521562045
Catamarca,Hotelería y gastronomía,2015,43.40080637669898,1.1258576326428804
Catamarca,"Administración pública, salud y educación",2016,865.8896763044456,22.44893387546406
Catamarca,Minería y energía,2016,810.1684763083956,21.004313887024534
Catamarca,Comercio,2016,522.6082716326455,13.549068494179465
Catamarca,Industria manufacturera,2016,478.8714167155518,12.415152949482076
Catamarca,Transporte y comunicaciones,2016,358.22494500578847,9.287289504707319
Catamarca,Servicios financieros e inmobiliarios,2016,267.3597239097017,6.93153057168561
Catamarca,"Agro, pesca y silvicultura",2016,185.5698469527604,4.811057733477122
Catamarca,Resto / no clasificado,2016,123.36401864317928,3.198318184080686
Catamarca,Construcción,2016,116.84032115758068,3.029185721267672
Catamarca,Otros servicios,2016,84.10056072974196,2.1803793004775587
Catamarca,Hotelería y gastronomía,2016,44.155519284245024,1.1447697781539026
Catamarca,"Administración pública, salud y educación",2017,904.1814074412836,23.80996469001286
Catamarca,Minería y energía,2017,641.5411469372327,16.893813487043868
Catamarca,Comercio,2017,532.0689291660076,14.011062726832584
Catamarca,Industria manufacturera,2017,487.136195504161,12.82784131450356
Catamarca,Transporte y comunicaciones,2017,380.9382780647059,10.031313268719199
Catamarca,Servicios financieros e inmobiliarios,2017,277.28017873100293,7.301666690436081
Catamarca,Construcción,2017,157.6180730476724,4.1505838572738565
Catamarca,"Agro, pesca y silvicultura",2017,149.70097480618435,3.942101546063056
Catamarca,Resto / no clasificado,2017,132.1143647855496,3.4789903162122786
Catamarca,Otros servicios,2017,86.60907020179016,2.2806915585392447
Catamarca,Hotelería y gastronomía,2017,48.30297448986857,1.2719705443634086
Catamarca,"Administración pública, salud y educación",2018,943.4137481101194,26.0277091816854
Catamarca,Minería y energía,2018,525.4756385652141,14.49727347098125
Catamarca,Comercio,2018,507.6579000270821,14.005702388966792
Catamarca,Industria manufacturera,2018,449.66554651766427,12.40575950608182
Catamarca,Transporte y comunicaciones,2018,355.5419964497758,9.808998124108774
Catamarca,Servicios financieros e inmobiliarios,2018,281.3587166076048,7.7623660522913935
Catamarca,"Agro, pesca y silvicultura",2018,149.56220371519882,4.126250598604592
Catamarca,Construcción,2018,146.4177970681158,4.039500005958276
Catamarca,Resto / no clasificado,2018,141.84254947167207,3.9132741436438945
Catamarca,Otros servicios,2018,80.30922589061329,2.215639935579121
Catamarca,Hotelería y gastronomía,2018,43.406165438037434,1.197526592098689
Catamarca,"Administración pública, salud y educación",2019,1021.0839509024048,31.15379842440149
Catamarca,Comercio,2019,439.59691917762245,13.412328923536812
Catamarca,Industria manufacturera,2019,405.4221206783416,12.369638180331803
Catamarca,Transporte y comunicaciones,2019,339.53606360247994,10.359420568639859
Catamarca,Servicios financieros e inmobiliarios,2019,272.927736494258,8.327166125425638
Catamarca,Minería y energía,2019,247.42430950002364,7.549043402991664
Catamarca,"Agro, pesca y silvicultura",2019,187.40047883187063,5.717685345073488
Catamarca,Resto / no clasificado,2019,128.2727956869005,3.913669210677948
Catamarca,Construcción,2019,117.80460372411385,3.594279270224593
Catamarca,Otros servicios,2019,75.01224014852208,2.2886621681640906
Catamarca,Hotelería y gastronomía,2019,43.077225307050405,1.3143083805326063
Catamarca,"Administración pública, salud y educación",2020,960.6430581644541,32.52909766188334
Catamarca,Comercio,2020,383.3248544436325,12.980067383456294
Catamarca,Industria manufacturera,2020,347.79949047913254,11.77711481532631
Catamarca,Transporte y comunicaciones,2020,305.0548207261247,10.329703599367146
Catamarca,Servicios financieros e inmobiliarios,2020,274.8454569880671,9.306760337573017
Catamarca,Minería y energía,2020,244.28885969361454,8.272059124507129
Catamarca,"Agro, pesca y silvicultura",2020,148.91665438031993,5.042585123213455
Catamarca,Construcción,2020,110.32882313106282,3.7359319177390096
Catamarca,Resto / no clasificado,2020,108.98794536017978,3.6905273904372202
Catamarca,Otros servicios,2020,47.32203817374708,1.6024091240033376
Catamarca,Hotelería y gastronomía,2020,21.668772638064283,0.733743522493733
Catamarca,"Administración pública, salud y educación",2021,1095.7526931087762,31.87987153616455
Catamarca,Comercio,2021,468.1373674085389,13.620006802740255
Catamarca,Industria manufacturera,2021,439.3625268203928,12.782830469802283
Catamarca,Transporte y comunicaciones,2021,329.81740826190986,9.595720523350462
Catamarca,Servicios financieros e inmobiliarios,2021,279.62389244745316,8.135388419056492
Catamarca,Minería y energía,2021,257.4945156921526,7.491555469732102
Catamarca,"Agro, pesca y silvicultura",2021,169.47066580549833,4.930586152336502
Catamarca,Construcción,2021,167.7456091998656,4.8803972882560895
Catamarca,Resto / no clasificado,2021,138.83127421803334,4.039162499994487
Catamarca,Otros servicios,2021,56.73432067487118,1.6506305356868591
Catamarca,Hotelería y gastronomía,2021,34.159928928580264,0.9938503028799244
Catamarca,"Administración pública, salud y educación",2022,1113.2192437503945,29.12067433517034
Catamarca,Comercio,2022,507.47865977398016,13.275121559648792
Catamarca,Industria manufacturera,2022,464.7813099405197,12.158202654001638
Catamarca,Transporte y comunicaciones,2022,366.16947553295955,9.578618145830683
Catamarca,Minería y energía,2022,332.1760910895193,8.689386052974742
Catamarca,Construcción,2022,295.2687410950588,7.723927608201559
Catamarca,Servicios financieros e inmobiliarios,2022,277.6082404925516,7.261947014954643
Catamarca,Resto / no clasificado,2022,177.6166395555545,4.646269228673495
Catamarca,"Agro, pesca y silvicultura",2022,175.3753810384057,4.5876402032185135
Catamarca,Otros servicios,2022,65.82114588015426,1.721813707681005
Catamarca,Hotelería y gastronomía,2022,47.26482941273104,1.2363994896445871
Catamarca,"Administración pública, salud y educación",2023,1146.4008862156538,28.317344633846016
Catamarca,Comercio,2023,519.2529891774778,12.826111723650007
Catamarca,Industria manufacturera,2023,456.5798416752926,11.278017040152532
Catamarca,Minería y energía,2023,415.28247428842093,10.257927297702167
Catamarca,Transporte y comunicaciones,2023,378.6365295860262,9.352732737886235
Catamarca,Construcción,2023,371.6715878522541,9.180691126787217
Catamarca,Servicios financieros e inmobiliarios,2023,283.2759493164652,6.997223030552737
Catamarca,Resto / no clasificado,2023,218.4507030135236,5.3959691737155815
Catamarca,"Agro, pesca y silvicultura",2023,137.45297122024098,3.395237393647204
Catamarca,Otros servicios,2023,69.93094206862442,1.7273700770275262
Catamarca,Hotelería y gastronomía,2023,51.470444089754466,1.2713757650327766
Catamarca,"Administración pública, salud y educación",2024,1098.2635590255343,28.658180655218736
Catamarca,Comercio,2024,462.5907400410766,12.070881245746838
Catamarca,Minería y energía,2024,402.91449153019636,10.513684253644172
Catamarca,Industria manufacturera,2024,398.98052606711553,10.41103103165036
Catamarca,Transporte y comunicaciones,2024,397.37701764880927,10.369188949614278
Catamarca,Construcción,2024,291.1153682597654,7.596388632343684
Catamarca,Servicios financieros e inmobiliarios,2024,280.42937669652855,7.317547479705327
Catamarca,Resto / no clasificado,2024,216.6473360046975,5.653213604941383
Catamarca,"Agro, pesca y silvicultura",2024,159.5868461618849,4.1642724370840805
Catamarca,Otros servicios,2024,67.89682357036668,1.7717053614357812
Catamarca,Hotelería y gastronomía,2024,56.48431251011241,1.473906348615358
Chaco,"Administración pública, salud y educación",2004,1159.2614114370238,20.712500676292514
Chaco,"Agro, pesca y silvicultura",2004,1157.4040394044093,20.67931504697534
Chaco,Comercio,2004,1021.7982601041192,18.256449274203074
Chaco,Industria manufacturera,2004,573.2861640037337,10.242892536996635
Chaco,Servicios financieros e inmobiliarios,2004,430.78288184187454,7.696789217217708
Chaco,Transporte y comunicaciones,2004,397.0490843542762,7.094068125682649
Chaco,Resto / no clasificado,2004,300.33314729311445,5.366046393893639
Chaco,Construcción,2004,237.84109733608815,4.249502175111
Chaco,Otros servicios,2004,179.91660453028896,3.214566409478303
Chaco,Minería y energía,2004,92.16009033656233,1.6466225085996702
Chaco,Hotelería y gastronomía,2004,47.08392948763446,0.8412476355494702
Chaco,"Agro, pesca y silvicultura",2005,1342.4104583487633,21.463456119539533
Chaco,"Administración pública, salud y educación",2005,1210.0207340121297,19.34671081164576
Chaco,Comercio,2005,1117.9635272115793,17.87483177020756
Chaco,Industria manufacturera,2005,605.886459680651,9.68736302663713
Chaco,Transporte y comunicaciones,2005,448.7245496267768,7.174541602217051
Chaco,Servicios financieros e inmobiliarios,2005,443.24418727702414,7.086917495833241
Chaco,Construcción,2005,388.0038938309005,6.203694628313442
Chaco,Resto / no clasificado,2005,358.3159073507511,5.729021035649415
Chaco,Otros servicios,2005,186.51210942395792,2.982094225716939
Chaco,Minería y energía,2005,102.032420123987,1.6313701658696815
Chaco,Hotelería y gastronomía,2005,51.286027106085285,0.8199991183702406
Chaco,"Agro, pesca y silvicultura",2006,1584.5696481456573,23.106322746608694
Chaco,"Administración pública, salud y educación",2006,1285.7177458445544,18.74844014038292
Chaco,Comercio,2006,1265.8965965787547,18.45940653893773
Chaco,Industria manufacturera,2006,660.5995549439582,9.63291613004445
Chaco,Transporte y comunicaciones,2006,526.5908321398424,7.678790097404395
Chaco,Servicios financieros e inmobiliarios,2006,464.45982552640214,6.772790734699283
Chaco,Resto / no clasificado,2006,358.521423102764,5.2279883837737255
Chaco,Construcción,2006,341.8985178191358,4.985591834704831
Chaco,Otros servicios,2006,199.5662489414019,2.910091180129819
Chaco,Minería y energía,2006,107.70442760234556,1.5705546728923485
Chaco,Hotelería y gastronomía,2006,62.20700246937429,0.9071075404218013
Chaco,"Agro, pesca y silvicultura",2007,1641.6077435942752,21.96352016968583
Chaco,Comercio,2007,1405.2551688817475,18.801294259073426
Chaco,"Administración pública, salud y educación",2007,1395.405400221951,18.66951150313167
Chaco,Industria manufacturera,2007,718.6892271946011,9.615540252425738
Chaco,Transporte y comunicaciones,2007,592.2387126962979,7.923724143195051
Chaco,Servicios financieros e inmobiliarios,2007,488.6960225683141,6.538398098088649
Chaco,Resto / no clasificado,2007,455.49654678650177,6.094213207512836
Chaco,Construcción,2007,363.58178443165576,4.864460396739374
Chaco,Otros servicios,2007,216.15123689816738,2.8919466723036935
Chaco,Minería y energía,2007,119.26895621589503,1.5957320716151633
Chaco,Hotelería y gastronomía,2007,77.85618328720331,1.041659226228573
Chaco,"Agro, pesca y silvicultura",2008,1656.6748238035625,20.987785954005517
Chaco,"Administración pública, salud y educación",2008,1587.7646955974599,20.114789636277777
Chaco,Comercio,2008,1496.517773733617,18.95881693872487
Chaco,Industria manufacturera,2008,750.6907330442132,9.510216607635009
Chaco,Transporte y comunicaciones,2008,604.8265657102546,7.662318710970067
Chaco,Servicios financieros e inmobiliarios,2008,507.93567793727306,6.434844746704628
Chaco,Resto / no clasificado,2008,462.9254386185888,5.864627070317026
Chaco,Construcción,2008,395.14224177270745,5.005907419218938
Chaco,Otros servicios,2008,223.12027030083783,2.8266262079860605
Chaco,Minería y energía,2008,125.32613220135423,1.5877093073983397
Chaco,Hotelería y gastronomía,2008,82.59441783623372,1.046357400761776
Chaco,"Administración pública, salud y educación",2009,1592.1795250416963,21.17686224362015
Chaco,Comercio,2009,1534.209807822762,20.40583316270364
Chaco,"Agro, pesca y silvicultura",2009,1130.7693960826794,15.039854082734385
Chaco,Industria manufacturera,2009,810.5489807688703,10.7807466667426
Chaco,Transporte y comunicaciones,2009,621.4110200888587,8.265107899025777
Chaco,Servicios financieros e inmobiliarios,2009,524.0834244615137,6.970597416579349
Chaco,Resto / no clasificado,2009,459.00107270047846,6.10496638938838
Chaco,Construcción,2009,379.33257609216247,5.0453316237758505
Chaco,Otros servicios,2009,240.48865988944044,3.1986312733786275
Chaco,Minería y energía,2009,133.82245394707812,1.7799121441825219
Chaco,Hotelería y gastronomía,2009,92.63956483696688,1.2321570978687146
Chaco,"Agro, pesca y silvicultura",2010,1788.5973483703485,21.123865250671532
Chaco,Comercio,2010,1671.6944243045753,19.743207039573953
Chaco,"Administración pública, salud y educación",2010,1525.781790399276,18.019935549881517
Chaco,Industria manufacturera,2010,839.7680856091839,9.91791019839403
Chaco,Transporte y comunicaciones,2010,699.5673893549347,8.262098386739781
Chaco,Servicios financieros e inmobiliarios,2010,530.5405842622057,6.265841678776118
Chaco,Resto / no clasificado,2010,504.0950488773155,5.95351206112278
Chaco,Construcción,2010,414.46468414544745,4.894950865843357
Chaco,Otros servicios,2010,254.43053435001391,3.0049000845064366
Chaco,Minería y energía,2010,138.29287428795527,1.633279868299314
Chaco,Hotelería y gastronomía,2010,99.9550690679702,1.1804990161911906
Chaco,"Agro, pesca y silvicultura",2011,2011.9631226256372,21.50370078157396
Chaco,Comercio,2011,1879.9123166990607,20.092352339508526
Chaco,"Administración pública, salud y educación",2011,1613.04031675195,17.240045769220217
Chaco,Industria manufacturera,2011,903.3641499262919,9.655083713197063
Chaco,Transporte y comunicaciones,2011,748.875880661858,8.003925459267304
Chaco,Resto / no clasificado,2011,665.963534381509,7.11776493999092
Chaco,Servicios financieros e inmobiliarios,2011,549.1724026329156,5.869510673886045
Chaco,Construcción,2011,474.1256336240672,5.06741681478779
Chaco,Otros servicios,2011,258.62227026236474,2.764134119871755
Chaco,Minería y energía,2011,145.6711900402071,1.5569220170559082
Chaco,Hotelería y gastronomía,2011,105.64669063124899,1.129143371640515
Chaco,Comercio,2012,1717.5216214917805,20.148333662449375
Chaco,"Administración pública, salud y educación",2012,1647.5842858664007,19.327895214391326
Chaco,"Agro, pesca y silvicultura",2012,1249.480720947142,14.657722007932982
Chaco,Industria manufacturera,2012,856.3166273403947,10.04549399114517
Chaco,Resto / no clasificado,2012,806.2587923594037,9.458262978157505
Chaco,Transporte y comunicaciones,2012,759.1146217949083,8.90521231091301
Chaco,Servicios financieros e inmobiliarios,2012,563.8919795854079,6.615045547081784
Chaco,Construcción,2012,396.9529889393364,4.656675741007318
Chaco,Otros servicios,2012,251.17497786175483,2.946546464562915
Chaco,Minería y energía,2012,163.24632213949124,1.9150509236543587
Chaco,Hotelería y gastronomía,2012,112.84250349709392,1.3237611587042482
Chaco,Comercio,2013,1788.412034879624,19.997436527120108
Chaco,"Administración pública, salud y educación",2013,1768.9041950534784,19.779306263458118
Chaco,"Agro, pesca y silvicultura",2013,1251.645259703186,13.995486580960046
Chaco,Resto / no clasificado,2013,930.2614818049174,10.401878634903433
Chaco,Industria manufacturera,2013,895.7669764655961,10.016172395175566
Chaco,Transporte y comunicaciones,2013,768.075026297728,8.588362909047833
Chaco,Servicios financieros e inmobiliarios,2013,577.4261691481737,6.4565899476380695
Chaco,Construcción,2013,426.4873106406667,4.768841160662925
Chaco,Otros servicios,2013,251.99928386948068,2.81777330155288
Chaco,Minería y energía,2013,168.53474949562312,1.88450026611438
Chaco,Hotelería y gastronomía,2013,115.6939704003328,1.2936520133666471
Chaco,"Agro, pesca y silvicultura",2014,1947.2121130038163,20.171628856931473
Chaco,Comercio,2014,1785.949879513011,18.501075402126638
Chaco,"Administración pública, salud y educación",2014,1746.7323644356288,18.0948119275164
Chaco,Resto / no clasificado,2014,952.6708079158047,9.868941258005108
Chaco,Industria manufacturera,2014,877.7408034875867,9.092723695737261
Chaco,Transporte y comunicaciones,2014,772.1113831717706,7.9984836544216975
Chaco,Servicios financieros e inmobiliarios,2014,577.1175568107523,5.978496685113186
Chaco,Construcción,2014,462.69311931394935,4.793146989548645
Chaco,Otros servicios,2014,249.01557304699418,2.579610965623769
Chaco,Minería y energía,2014,166.91942278807196,1.7291576110319824
Chaco,Hotelería y gastronomía,2014,115.05896872027876,1.1919229539438478
Chaco,Comercio,2015,1826.0713132968333,19.13476772094011
Chaco,"Administración pública, salud y educación",2015,1824.056683834235,19.11365711779451
Chaco,"Agro, pesca y silvicultura",2015,1527.414160849765,16.005243042106773
Chaco,Resto / no clasificado,2015,1055.4474164105402,11.059667280036377
Chaco,Industria manufacturera,2015,907.4899068956457,9.509271872956191
Chaco,Transporte y comunicaciones,2015,777.6296941243891,8.14851175944033
Chaco,Servicios financieros e inmobiliarios,2015,579.6608592540855,6.074065025818902
Chaco,Construcción,2015,486.20496200429056,5.094773103863067
Chaco,Otros servicios,2015,259.4049595193023,2.7182145680281358
Chaco,Minería y energía,2015,176.35944377519692,1.848009421899308
Chaco,Hotelería y gastronomía,2015,123.4718891828224,1.293819087116296
Chaco,"Administración pública, salud y educación",2016,1984.7841899993718,21.051605053539777
Chaco,Comercio,2016,1734.0093377170292,18.391762651424852
Chaco,"Agro, pesca y silvicultura",2016,1504.2094319775345,15.954390930436867
Chaco,Resto / no clasificado,2016,1007.1945574168682,10.682804781320538
Chaco,Industria manufacturera,2016,835.063630047832,8.857098833676105
Chaco,Transporte y comunicaciones,2016,812.2302456377716,8.614916639229868
Chaco,Servicios financieros e inmobiliarios,2016,576.006914692205,6.109414886165591
Chaco,Construcción,2016,383.6988538101836,4.069700257895764
Chaco,Otros servicios,2016,273.5156287804548,2.901042351137709
Chaco,Minería y energía,2016,180.26382870334433,1.9119675309903357
Chaco,Hotelería y gastronomía,2016,137.20800158978548,1.4552960841826013
Chaco,"Administración pública, salud y educación",2017,2049.72328510544,20.918133893705487
Chaco,Comercio,2017,1781.6084462442077,18.181929383104915
Chaco,"Agro, pesca y silvicultura",2017,1499.5269140366645,15.303189944207704
Chaco,Resto / no clasificado,2017,1076.029697076577,10.981254611591792
Chaco,Transporte y comunicaciones,2017,876.9214797347374,8.949286501574758
Chaco,Industria manufacturera,2017,844.7014053688272,8.620469517082828
Chaco,Servicios financieros e inmobiliarios,2017,585.9461520526772,5.979782808833588
Chaco,Construcción,2017,467.3617267961221,4.7695878019026265
Chaco,Otros servicios,2017,284.38821165050655,2.902279899108789
Chaco,Minería y energía,2017,181.20029752266117,1.849211604659756
Chaco,Hotelería y gastronomía,2017,151.3789086828755,1.544874034227754
Chaco,"Administración pública, salud y educación",2018,2006.0811780432914,20.742594116544414
Chaco,Comercio,2018,1750.9922334392954,18.105010702946288
Chaco,"Agro, pesca y silvicultura",2018,1609.151435250369,16.63839701941165
Chaco,Resto / no clasificado,2018,1079.1531152416333,11.158289756197801
Chaco,Transporte y comunicaciones,2018,843.8130471949853,8.724906917915563
Chaco,Industria manufacturera,2018,807.2692157090848,8.347048896878354
Chaco,Servicios financieros e inmobiliarios,2018,600.3133707963628,6.207154889568913
Chaco,Construcción,2018,358.76657147864324,3.7095953325399886
Chaco,Otros servicios,2018,285.67918986224004,2.953882199640376
Chaco,Minería y energía,2018,191.70103811290852,1.9821614742304623
Chaco,Hotelería y gastronomía,2018,138.39249260314793,1.4309586941261976
Chaco,"Administración pública, salud y educación",2019,1968.1064193950674,21.521581396115785
Chaco,"Agro, pesca y silvicultura",2019,1571.6013702476898,17.18573064886855
Chaco,Comercio,2019,1554.061579335067,16.9939300256518
Chaco,Resto / no clasificado,2019,1019.0319487405252,11.14328921136421
Chaco,Transporte y comunicaciones,2019,860.8880630816222,9.413958686365344
Chaco,Industria manufacturera,2019,760.1303157339096,8.312155430472513
Chaco,Servicios financieros e inmobiliarios,2019,587.5384601122257,6.42483387485743
Chaco,Otros servicios,2019,277.3825901255737,3.033226218065918
Chaco,Construcción,2019,244.32708821001987,2.6717586327492073
Chaco,Minería y energía,2019,179.1413716496315,1.9589416371876884
Chaco,Hotelería y gastronomía,2019,122.59471447026277,1.340594238301556
Chaco,"Administración pública, salud y educación",2020,1907.4433490860786,22.222313577368404
Chaco,"Agro, pesca y silvicultura",2020,1675.4227200669611,19.519200440639324
Chaco,Comercio,2020,1483.2560839290109,17.280398827258946
Chaco,Resto / no clasificado,2020,926.8179867360282,10.79772038328769
Chaco,Transporte y comunicaciones,2020,699.3999749341485,8.148229181452278
Chaco,Industria manufacturera,2020,688.5984631390791,8.02238817949818
Chaco,Servicios financieros e inmobiliarios,2020,591.5329804165284,6.891544846388097
Chaco,Minería y energía,2020,189.21793162206555,2.204448280459436
Chaco,Construcción,2020,186.9702362372159,2.1782619238934777
Chaco,Otros servicios,2020,178.7103993096141,2.082032231729336
Chaco,Hotelería y gastronomía,2020,56.08965896557285,0.6534621280248382
Chaco,"Administración pública, salud y educación",2021,1962.3471254507165,21.44152594110676
Chaco,Comercio,2021,1617.4161486845562,17.672648156793134
Chaco,"Agro, pesca y silvicultura",2021,1519.1742259309615,16.59921078788645
Chaco,Resto / no clasificado,2021,1102.501000895296,12.046443518683338
Chaco,Industria manufacturera,2021,769.3439020764523,8.406212652216531
Chaco,Transporte y comunicaciones,2021,768.3945257080916,8.395839320319196
Chaco,Servicios financieros e inmobiliarios,2021,598.275914732694,6.537043512489709
Chaco,Construcción,2021,324.3004400678402,3.54345885508398
Chaco,Otros servicios,2021,224.52009963208116,2.453212012352524
Chaco,Minería y energía,2021,192.44450507033787,2.1027390078813717
Chaco,Hotelería y gastronomía,2021,73.3691919367611,0.8016662351869983
Chaco,"Administración pública, salud y educación",2022,2104.78305276382,21.61093687527281
Chaco,Comercio,2022,1707.90699134767,17.535997418064188
Chaco,"Agro, pesca y silvicultura",2022,1558.91896080343,16.006257372393037
Chaco,Resto / no clasificado,2022,1190.018951500272,12.218563052130625
Chaco,Transporte y comunicaciones,2022,852.2644577959076,8.7506564509253
Chaco,Industria manufacturera,2022,783.3988204580252,8.043576004116227
Chaco,Servicios financieros e inmobiliarios,2022,604.0157723045108,6.201754004908681
Chaco,Construcción,2022,410.8922399309988,4.218851082076189
Chaco,Otros servicios,2022,246.2414019975712,2.528292589424094
Chaco,Minería y energía,2022,194.18416549849462,1.9937930121848002
Chaco,Hotelería y gastronomía,2022,86.80973631564665,0.8913221385040436
Chaco,"Administración pública, salud y educación",2023,2081.138131261115,21.947385129528197
Chaco,Comercio,2023,1752.56841501723,18.48233588748941
Chaco,Resto / no clasificado,2023,1252.1556856661095,13.205054802772489
Chaco,"Agro, pesca y silvicultura",2023,1143.1568511817654,12.055568681133863
Chaco,Transporte y comunicaciones,2023,891.302341285479,9.39954703496239
Chaco,Industria manufacturera,2023,799.6109242734169,8.432582463025762
Chaco,Servicios financieros e inmobiliarios,2023,609.437539829081,6.427041145469657
Chaco,Construcción,2023,402.1189776573517,4.2406892353608665
Chaco,Otros servicios,2023,259.63838661529684,2.73810929695579
Chaco,Minería y energía,2023,201.27830293174847,2.1226521999210206
Chaco,Hotelería y gastronomía,2023,89.99118074334707,0.9490341233805457
Chaco,"Administración pública, salud y educación",2024,2295.8997693701754,25.85228006987807
Chaco,Comercio,2024,1444.0216253983256,16.259965693972344
Chaco,Resto / no clasificado,2024,1181.7906786236376,13.307193987885082
Chaco,"Agro, pesca y silvicultura",2024,1059.4915954725918,11.930082411808971
Chaco,Transporte y comunicaciones,2024,872.3691346145554,9.823046934910161
Chaco,Industria manufacturera,2024,657.1102978495387,7.399190366863212
Chaco,Servicios financieros e inmobiliarios,2024,616.3470449865237,6.940188173634622
Chaco,Otros servicios,2024,242.3675829321041,2.7291063475035817
Chaco,Minería y energía,2024,209.16024466775892,2.355185229239549
Chaco,Construcción,2024,198.73157542509455,2.2377563755873524
Chaco,Hotelería y gastronomía,2024,103.55099224602917,1.1660044087170653
Chubut,Minería y energía,2004,3693.7497355607557,38.69080627969069
Chubut,Industria manufacturera,2004,1430.4833879410903,14.983840165539009
Chubut,"Administración pública, salud y educación",2004,1039.0046093359003,10.88322949346166
Chubut,Comercio,2004,687.4404992199137,7.200711766709257
Chubut,"Agro, pesca y silvicultura",2004,614.1700342835637,6.433227890478315
Chubut,Construcción,2004,545.6967141231394,5.7159925184798315
Chubut,Servicios financieros e inmobiliarios,2004,501.4838905385935,5.252877820719154
Chubut,Transporte y comunicaciones,2004,421.52650207391343,4.415350633120651
Chubut,Resto / no clasificado,2004,369.5584659063903,3.8710026496240513
Chubut,Otros servicios,2004,160.99840598660754,1.6864050310168521
Chubut,Hotelería y gastronomía,2004,82.72869925634032,0.8665557511605284
Chubut,Minería y energía,2005,3813.425070450347,38.26468290595048
Chubut,Industria manufacturera,2005,1470.1156528959023,14.751439520612577
Chubut,"Administración pública, salud y educación",2005,1087.6375571185179,10.913576501669086
Chubut,Comercio,2005,726.2611699013164,7.287452319050447
Chubut,Construcción,2005,627.027530386569,6.29172179347681
Chubut,"Agro, pesca y silvicultura",2005,604.9977337683722,6.0706703327807885
Chubut,Servicios financieros e inmobiliarios,2005,521.7895147435972,5.235742136387544
Chubut,Transporte y comunicaciones,2005,486.7366066171637,4.884014125580976
Chubut,Resto / no clasificado,2005,370.35609205460617,3.716228367660812
Chubut,Otros servicios,2005,174.20692285502534,1.7480277021102455
Chubut,Hotelería y gastronomía,2005,83.35931206750766,0.8364442947202476
Chubut,Minería y energía,2006,4142.947009714874,37.66393845971859
Chubut,Industria manufacturera,2006,1661.7005031855863,15.106682596640944
Chubut,"Administración pública, salud y educación",2006,1063.624509440822,9.669514954907548
Chubut,Comercio,2006,829.7764353124634,7.543579128974702
Chubut,Construcción,2006,754.4726066110567,6.8589846209251855
Chubut,"Agro, pesca y silvicultura",2006,749.7342989436298,6.815908200210488
Chubut,Transporte y comunicaciones,2006,555.5871355667193,5.0508972559695815
Chubut,Servicios financieros e inmobiliarios,2006,549.0889260426452,4.991821394502087
Chubut,Resto / no clasificado,2006,407.7236225984161,3.7066555266361303
Chubut,Otros servicios,2006,191.05563842915626,1.73690558708672
Chubut,Hotelería y gastronomía,2006,94.06039265120936,0.8551122744280356
Chubut,Minería y energía,2007,4021.7326312311056,35.89613600462028
Chubut,Industria manufacturera,2007,1793.6831233992323,16.009590703950266
Chubut,"Administración pública, salud y educación",2007,1112.1967731454508,9.926956934605517
Chubut,Comercio,2007,908.1971189806026,8.106149834220206
Chubut,Construcción,2007,780.1870107743409,6.963590475983724
Chubut,"Agro, pesca y silvicultura",2007,691.6460440683425,6.173314524226543
Chubut,Transporte y comunicaciones,2007,593.5653904019955,5.297891713647633
Chubut,Servicios financieros e inmobiliarios,2007,576.3827578710204,5.144527437400237
Chubut,Resto / no clasificado,2007,419.357218394,3.742989682877615
Chubut,Otros servicios,2007,204.4388046869508,1.8247267559948053
Chubut,Hotelería y gastronomía,2007,102.41687548790001,0.9141259324731725
Chubut,Minería y energía,2008,3914.435999410597,34.55919866699719
Chubut,Industria manufacturera,2008,1893.43299185788,16.7164636075583
Chubut,"Administración pública, salud y educación",2008,1131.2961917753585,9.98782196175102
Chubut,Comercio,2008,971.6924639867982,8.578735968911001
Chubut,Construcción,2008,778.5232693609598,6.873312103397968
Chubut,"Agro, pesca y silvicultura",2008,668.2906918298022,5.900106883783174
Chubut,Transporte y comunicaciones,2008,607.5594492021053,5.363931792510712
Chubut,Servicios financieros e inmobiliarios,2008,598.8885395903404,5.287379336948359
Chubut,Resto / no clasificado,2008,420.65787776348583,3.7138425997141544
Chubut,Otros servicios,2008,234.2701676448165,2.0682901104033906
Chubut,Hotelería y gastronomía,2008,107.7080417272814,0.9509169680247204
Chubut,Minería y energía,2009,4042.001438482174,37.70706138934049
Chubut,Industria manufacturera,2009,1620.149084994916,15.114062163898595
Chubut,"Administración pública, salud y educación",2009,1147.0937776160204,10.70101932178927
Chubut,Comercio,2009,834.2946233607273,7.7829756022236465
Chubut,Servicios financieros e inmobiliarios,2009,613.2828110820004,5.721198509810545
Chubut,Construcción,2009,613.2717458597672,5.721095284460335
Chubut,Transporte y comunicaciones,2009,592.9359137181352,5.5313861805329045
Chubut,"Agro, pesca y silvicultura",2009,517.7673628265034,4.8301530894128595
Chubut,Resto / no clasificado,2009,391.2719388750992,3.6501013776555857
Chubut,Otros servicios,2009,239.90630300308433,2.238040196844654
Chubut,Hotelería y gastronomía,2009,107.50641706233264,1.0029068840311093
Chubut,Minería y energía,2010,4075.608090264215,35.56759222311024
Chubut,Industria manufacturera,2010,1888.06696624002,16.47704942621124
Chubut,"Administración pública, salud y educación",2010,1273.6408464841227,11.114988797538548
Chubut,Comercio,2010,958.9658916546548,8.36883896460047
Chubut,Transporte y comunicaciones,2010,656.316583043846,5.72763623929681
Chubut,Construcción,2010,640.8954273629042,5.593056720186748
Chubut,Servicios financieros e inmobiliarios,2010,638.6428350135476,5.573398479170345
Chubut,"Agro, pesca y silvicultura",2010,563.8397111961126,4.920596014843881
Chubut,Resto / no clasificado,2010,393.1334005973456,3.4308520770515374
Chubut,Otros servicios,2010,249.63647996420684,2.17856288601192
Chubut,Hotelería y gastronomía,2010,120.02237050253575,1.047428171978258
Chubut,Minería y energía,2011,4142.518435298548,34.7597734310067
Chubut,Industria manufacturera,2011,2069.529891621255,17.365375982030187
Chubut,"Administración pública, salud y educación",2011,1215.2457987455177,10.197098525243531
Chubut,Comercio,2011,1076.4246206369382,9.03225332929647
Chubut,Transporte y comunicaciones,2011,703.537620308946,5.903367399345355
Chubut,Construcción,2011,691.68398096341,5.803903794193288
Chubut,Servicios financieros e inmobiliarios,2011,661.304777972643,5.548992626152217
Chubut,"Agro, pesca y silvicultura",2011,573.2689802708276,4.810286346451013
Chubut,Resto / no clasificado,2011,397.9884997509311,3.339512013177469
Chubut,Otros servicios,2011,255.611122338616,2.1448268336542227
Chubut,Hotelería y gastronomía,2011,130.45081986155463,1.094609719449544
Chubut,Minería y energía,2012,3879.442114360888,33.761097390277385
Chubut,Industria manufacturera,2012,1965.8578302288079,17.108005663007066
Chubut,"Administración pública, salud y educación",2012,1300.9119302891802,11.321270708508129
Chubut,Comercio,2012,1033.923633321929,8.997787684336073
Chubut,Transporte y comunicaciones,2012,702.880606740037,6.1168642083984315
Chubut,Servicios financieros e inmobiliarios,2012,687.2892319441313,5.981179254888149
Chubut,Construcción,2012,642.8123853277757,5.594116603619646
Chubut,"Agro, pesca y silvicultura",2012,512.8411552606327,4.463033518248272
Chubut,Resto / no clasificado,2012,378.3785539302994,3.2928639822578387
Chubut,Otros servicios,2012,258.03202936277654,2.2455405226642404
Chubut,Hotelería y gastronomía,2012,128.49550176284197,1.118240463794766
Chubut,Minería y energía,2013,3913.2436947578312,33.03687951448216
Chubut,Industria manufacturera,2013,2063.4601347852863,17.420403423165112
Chubut,"Administración pública, salud y educación",2013,1367.5415656526407,11.545231899570844
Chubut,Comercio,2013,1079.557637350762,9.113977655384241
Chubut,Transporte y comunicaciones,2013,732.8595049645337,6.187038951596559
Chubut,Servicios financieros e inmobiliarios,2013,706.2830761506823,5.962672072062686
Chubut,"Agro, pesca y silvicultura",2013,598.4662152068846,5.052446969189211
Chubut,Construcción,2013,588.8297258073949,4.971092582888149
Chubut,Resto / no clasificado,2013,402.6225239722795,3.399070656424338
Chubut,Otros servicios,2013,259.8309119627512,2.1935772985849398
Chubut,Hotelería y gastronomía,2013,132.38163971176763,1.1176089766517605
Chubut,Minería y energía,2014,4073.4479581860514,33.51852428322231
Chubut,Industria manufacturera,2014,2023.9223378132642,16.653923340549888
Chubut,"Administración pública, salud y educación",2014,1488.105128342469,12.244930680922797
Chubut,Comercio,2014,1028.4299871080711,8.46247597866118
Chubut,Transporte y comunicaciones,2014,757.570373790833,6.233697160443273
Chubut,Servicios financieros e inmobiliarios,2014,718.765231716188,5.9143875460098805
Chubut,"Agro, pesca y silvicultura",2014,657.3606330793461,5.409117428007185
Chubut,Construcción,2014,601.0696802678708,4.945925142723304
Chubut,Resto / no clasificado,2014,394.8870879303615,3.249343696493156
Chubut,Otros servicios,2014,266.30483673322817,2.191299662695867
Chubut,Hotelería y gastronomía,2014,142.96281746479258,1.1763750802711648
Chubut,Minería y energía,2015,4209.61051543828,34.35963636761647
Chubut,Industria manufacturera,2015,1936.3844250002794,15.80513552665302
Chubut,"Administración pública, salud y educación",2015,1504.3311419438578,12.278635000580497
Chubut,Comercio,2015,1011.032711898368,8.252240013462687
Chubut,Transporte y comunicaciones,2015,786.8511299295419,6.422427585800624
Chubut,Servicios financieros e inmobiliarios,2015,732.8353199145056,5.981540339008465
Chubut,"Agro, pesca y silvicultura",2015,651.0928765191394,5.314343072048761
Chubut,Construcción,2015,611.6908660582661,4.992736418268423
Chubut,Resto / no clasificado,2015,395.5415395717049,3.228484777422687
Chubut,Otros servicios,2015,262.5014046294171,2.1425860601538975
Chubut,Hotelería y gastronomía,2015,149.74351228505128,1.2222348389844777
Chubut,Minería y energía,2016,3886.137983774725,32.9976640997317
Chubut,Industria manufacturera,2016,1848.1951913592366,15.693247221235758
Chubut,"Administración pública, salud y educación",2016,1552.7033270143284,13.184190331190448
Chubut,Comercio,2016,983.5832114128998,8.3517231142711
Chubut,Transporte y comunicaciones,2016,852.1691072612953,7.235870181393568
Chubut,Servicios financieros e inmobiliarios,2016,737.0487103156044,6.258369072245641
Chubut,"Agro, pesca y silvicultura",2016,638.6321310875419,5.4227020844106315
Chubut,Construcción,2016,512.6952658709658,4.353357044800566
Chubut,Resto / no clasificado,2016,354.6084932735281,3.01102328244816
Chubut,Otros servicios,2016,263.3033668039285,2.235740493621169
Chubut,Hotelería y gastronomía,2016,147.9325541518566,1.256113074651264
Chubut,Minería y energía,2017,3651.6626542733807,30.178008412435176
Chubut,Industria manufacturera,2017,1989.8166063205126,16.444208561946784
Chubut,"Administración pública, salud y educación",2017,1591.7123639099782,13.154202251415391
Chubut,Comercio,2017,1059.141466939653,8.752938900820737
Chubut,Transporte y comunicaciones,2017,918.2161746522465,7.588306496675377
Chubut,"Agro, pesca y silvicultura",2017,826.2631433984196,6.8283898194107095
Chubut,Servicios financieros e inmobiliarios,2017,752.5878015256873,6.219523311924746
Chubut,Construcción,2017,554.4153136772178,4.5817896076884965
Chubut,Resto / no clasificado,2017,346.669042394598,2.8649364051939634
Chubut,Otros servicios,2017,259.2126388366284,2.142180682070108
Chubut,Hotelería y gastronomía,2017,150.7124843568498,1.2455155504185078
Chubut,Minería y energía,2018,3822.369723276922,31.735366666417
Chubut,Industria manufacturera,2018,1903.4005800454092,15.803054046018994
Chubut,"Administración pública, salud y educación",2018,1518.7245714177457,12.609267189862415
Chubut,Comercio,2018,1040.7306933211769,8.640705254756732
Chubut,"Agro, pesca y silvicultura",2018,887.8233699545498,7.371186520483116
Chubut,Transporte y comunicaciones,2018,877.6896539003365,7.287050966375046
Chubut,Servicios financieros e inmobiliarios,2018,769.5542567178819,6.38925281296622
Chubut,Construcción,2018,480.1966719781561,3.9868507131631827
Chubut,Resto / no clasificado,2018,339.618373878852,2.8196941693169726
Chubut,Otros servicios,2018,254.59710477219105,2.1138019231763128
Chubut,Hotelería y gastronomía,2018,149.80598261816988,1.2437697374640087
Chubut,Minería y energía,2019,3846.818980051208,31.574377308014284
Chubut,Industria manufacturera,2019,1867.8332088263353,15.331023058209169
Chubut,"Administración pública, salud y educación",2019,1854.931295768536,15.225125205205249
Chubut,Comercio,2019,971.257451549811,7.97200216529188
Chubut,Transporte y comunicaciones,2019,867.0582647089308,7.116743714721786
Chubut,"Agro, pesca y silvicultura",2019,826.6394652969931,6.784989496603502
Chubut,Servicios financieros e inmobiliarios,2019,756.1797236129229,6.206661667689534
Chubut,Construcción,2019,468.5981068922077,3.846215148038709
Chubut,Resto / no clasificado,2019,329.78201262017126,2.7068239368328695
Chubut,Otros servicios,2019,248.31351901626164,2.0381371675554787
Chubut,Hotelería y gastronomía,2019,145.94456654598298,1.1979011318375379
Chubut,Minería y energía,2020,3461.237667153444,31.66793367455642
Chubut,"Administración pública, salud y educación",2020,1829.8285778694592,16.741667464700285
Chubut,Industria manufacturera,2020,1598.8532847965796,14.628403087940887
Chubut,Comercio,2020,862.244280317027,7.8889395372845215
Chubut,"Agro, pesca y silvicultura",2020,772.511988269923,7.067951051003946
Chubut,Servicios financieros e inmobiliarios,2020,765.1801218488324,7.000869538013029
Chubut,Transporte y comunicaciones,2020,683.980838756218,6.25795218916966
Chubut,Construcción,2020,412.155122597719,3.770934660140635
Chubut,Resto / no clasificado,2020,286.1789055727886,2.6183392971651855
Chubut,Otros servicios,2020,176.0434758457873,1.610676195347096
Chubut,Hotelería y gastronomía,2020,81.57263978607018,0.7463333046783327
Chubut,Minería y energía,2021,3483.1272905307055,30.665148604766415
Chubut,Industria manufacturera,2021,1785.0870120741881,15.715750224377532
Chubut,"Administración pública, salud y educación",2021,1596.3531882540135,14.054154115063467
Chubut,Comercio,2021,968.597334231558,8.527446376461816
Chubut,"Agro, pesca y silvicultura",2021,878.7113351019665,7.736097886761099
Chubut,Servicios financieros e inmobiliarios,2021,778.1984149186375,6.851190911784831
Chubut,Transporte y comunicaciones,2021,763.0139888042474,6.717508549804624
Chubut,Construcción,2021,462.569185271798,4.072418726960782
Chubut,Resto / no clasificado,2021,320.5795462261213,2.8223543398480726
Chubut,Otros servicios,2021,212.15552716150296,1.8677987409236472
Chubut,Hotelería y gastronomía,2021,110.19322383140265,0.970131523247718
Chubut,Minería y energía,2022,3432.942632964425,29.847117034173596
Chubut,Industria manufacturera,2022,1776.2592241328146,15.443373983777233
Chubut,"Administración pública, salud y educación",2022,1711.9123495085719,14.883921379107688
Chubut,Comercio,2022,978.9019821515836,8.510891427577668
Chubut,Transporte y comunicaciones,2022,823.9207463807304,7.1634342817065555
Chubut,"Agro, pesca y silvicultura",2022,823.3258744665706,7.158262272284731
Chubut,Servicios financieros e inmobiliarios,2022,787.7358392922697,6.848830959655884
Chubut,Construcción,2022,467.7158444923054,4.066473297645648
Chubut,Resto / no clasificado,2022,334.09039034223014,2.904690245850846
Chubut,Otros servicios,2022,229.23019775145104,1.993001710647933
Chubut,Hotelería y gastronomía,2022,135.72111504973375,1.1800034075722121
Chubut,Minería y energía,2023,3386.9294937677905,30.090595374164895
Chubut,Industria manufacturera,2023,1715.5890500584321,15.241857271799326
Chubut,"Administración pública, salud y educación",2023,1605.0710183906822,14.259978735921129
Chubut,Comercio,2023,981.726647633968,8.72198236672665
Chubut,Transporte y comunicaciones,2023,846.5873937350144,7.521360796149976
Chubut,Servicios financieros e inmobiliarios,2023,793.9780494420559,7.053962081493389
Chubut,"Agro, pesca y silvicultura",2023,776.6912218017603,6.900380220169078
Chubut,Construcción,2023,459.6303533444096,4.08350720309364
Chubut,Resto / no clasificado,2023,327.59011400157914,2.9104182969076873
Chubut,Otros servicios,2023,230.67700821963751,2.049410396417279
Chubut,Hotelería y gastronomía,2023,131.3039260941661,1.166547257156953
Chubut,Minería y energía,2024,3215.356386948524,29.229545698524227
Chubut,"Administración pública, salud y educación",2024,1689.0962778483636,15.354912768917375
Chubut,Industria manufacturera,2024,1569.0008578740685,14.263172338347704
Chubut,Transporte y comunicaciones,2024,891.6522501349248,8.105661412309251
Chubut,Comercio,2024,890.8368028574354,8.098248500459459
Chubut,"Agro, pesca y silvicultura",2024,873.7127704253395,7.942580627825293
Chubut,Servicios financieros e inmobiliarios,2024,797.2085950376178,7.24711113035365
Chubut,Construcción,2024,390.07677938725305,3.546035237435533
Chubut,Resto / no clasificado,2024,320.4996675878554,2.9135369622313103
Chubut,Otros servicios,2024,227.81535656046853,2.070980188211532
Chubut,Hotelería y gastronomía,2024,135.10813410641958,1.2282151353846658
Ciudad Autónoma de Buenos Aires,Industria manufacturera,2004,13764.676605952112,16.060165917237498
Ciudad Autónoma de Buenos Aires,Servicios financieros e inmobiliarios,2004,13318.552629215026,15.53964332951777
Ciudad Autónoma de Buenos Aires,Resto / no clasificado,2004,12791.590225071444,14.924801158868247
Ciudad Autónoma de Buenos Aires,Comercio,2004,12780.194106755276,14.911504547824658
Ciudad Autónoma de Buenos Aires,"Administración pública, salud y educación",2004,11119.351241064796,12.973688444399809
Ciudad Autónoma de Buenos Aires,Transporte y comunicaciones,2004,8580.181002999278,10.011069235619429
Ciudad Autónoma de Buenos Aires,Otros servicios,2004,5273.425422528859,6.152857031262851
Ciudad Autónoma de Buenos Aires,Hotelería y gastronomía,2004,2746.781692869962,3.2048533350101693
Ciudad Autónoma de Buenos Aires,Construcción,2004,2740.794213227771,3.1978673433132703
Ciudad Autónoma de Buenos Aires,Minería y energía,2004,2377.833274336298,2.774376616509512
Ciudad Autónoma de Buenos Aires,"Agro, pesca y silvicultura",2004,213.55858577107978,0.24917304043678223
Ciudad Autónoma de Buenos Aires,Industria manufacturera,2005,14826.022026423834,15.861805094525673
Ciudad Autónoma de Buenos Aires,Servicios financieros e inmobiliarios,2005,14157.172501375577,15.14622806482929
Ciudad Autónoma de Buenos Aires,Comercio,2005,14004.821981154744,14.98323395531795
Ciudad Autónoma de Buenos Aires,Resto / no clasificado,2005,13838.592382738769,14.805391140413441
Ciudad Autónoma de Buenos Aires,"Administración pública, salud y educación",2005,11987.731131360219,12.825224081842178
Ciudad Autónoma de Buenos Aires,Transporte y comunicaciones,2005,10030.47095579335,10.731224803493117
Ciudad Autónoma de Buenos Aires,Otros servicios,2005,5890.76733430365,6.302311108629936
Ciudad Autónoma de Buenos Aires,Construcción,2005,3095.6244360777296,3.311892520016697
Ciudad Autónoma de Buenos Aires,Hotelería y gastronomía,2005,2938.583939676078,3.14388078083062
Ciudad Autónoma de Buenos Aires,Minería y energía,2005,2474.9534775920715,2.647859932328263
Ciudad Autónoma de Buenos Aires,"Agro, pesca y silvicultura",2005,225.2144702602044,0.24094851777283394
Ciudad Autónoma de Buenos Aires,Industria manufacturera,2006,16137.553009340165,15.881685747218745
Ciudad Autónoma de Buenos Aires,Servicios financieros e inmobiliarios,2006,15580.273860399284,15.333242478785543
Ciudad Autónoma de Buenos Aires,Resto / no clasificado,2006,15195.616391022357,14.954683905163572
Ciudad Autónoma de Buenos Aires,Comercio,2006,14739.320137954268,14.505622408995814
Ciudad Autónoma de Buenos Aires,"Administración pública, salud y educación",2006,12514.690889591178,12.316265534002122
Ciudad Autónoma de Buenos Aires,Transporte y comunicaciones,2006,11434.850343348648,11.253546285141843
Ciudad Autónoma de Buenos Aires,Otros servicios,2006,6437.893905886903,6.335818561094911
Ciudad Autónoma de Buenos Aires,Construcción,2006,3663.24182609769,3.6051596834091555
Ciudad Autónoma de Buenos Aires,Hotelería y gastronomía,2006,3079.950465714027,3.031116637395959
Ciudad Autónoma de Buenos Aires,Minería y energía,2006,2605.9549358135637,2.5646364934045756
Ciudad Autónoma de Buenos Aires,"Agro, pesca y silvicultura",2006,221.73800889681308,0.21822226538775413
Ciudad Autónoma de Buenos Aires,Industria manufacturera,2007,17519.062043590657,15.636016193183815
Ciudad Autónoma de Buenos Aires,Servicios financieros e inmobiliarios,2007,17430.58524421333,15.55704937039714
Ciudad Autónoma de Buenos Aires,Comercio,2007,17161.509855823915,15.316895695527124
Ciudad Autónoma de Buenos Aires,Resto / no clasificado,2007,16455.336371639594,14.686625649880321
Ciudad Autónoma de Buenos Aires,"Administración pública, salud y educación",2007,13203.489892935475,11.78430564711697
Ciudad Autónoma de Buenos Aires,Transporte y comunicaciones,2007,12968.733864484137,11.574782497237175
Ciudad Autónoma de Buenos Aires,Otros servicios,2007,6915.608773642363,6.172280827668871
Ciudad Autónoma de Buenos Aires,Construcción,2007,4193.330950328224,3.7426085072116435
Ciudad Autónoma de Buenos Aires,Hotelería y gastronomía,2007,3343.11097700358,2.983774887147145
Ciudad Autónoma de Buenos Aires,Minería y energía,2007,2609.0671215476464,2.3286301321449723
Ciudad Autónoma de Buenos Aires,"Agro, pesca y silvicultura",2007,243.1675925710721,0.21703059248482032
Ciudad Autónoma de Buenos Aires,Servicios financieros e inmobiliarios,2008,18296.88540481797,15.619854798771495
Ciudad Autónoma de Buenos Aires,Industria manufacturera,2008,17985.04065342875,15.353636279679934
Ciudad Autónoma de Buenos Aires,Comercio,2008,17956.688600968104,15.329432436627727
Ciudad Autónoma de Buenos Aires,Resto / no clasificado,2008,17931.530866402194,15.307955548496697
Ciudad Autónoma de Buenos Aires,Transporte y comunicaciones,2008,13515.522921674663,11.53805693675253
Ciudad Autónoma de Buenos Aires,"Administración pública, salud y educación",2008,13495.009320729876,11.52054469567607
Ciudad Autónoma de Buenos Aires,Otros servicios,2008,7267.754391722203,6.204403962760898
Ciudad Autónoma de Buenos Aires,Construcción,2008,4484.172868591401,3.8280902760392603
Ciudad Autónoma de Buenos Aires,Hotelería y gastronomía,2008,3286.810159396136,2.8059145753503936
Ciudad Autónoma de Buenos Aires,Minería y energía,2008,2664.7869611740566,2.2749000434925333
Ciudad Autónoma de Buenos Aires,"Agro, pesca y silvicultura",2008,254.43736173225926,0.21721044635246362
Ciudad Autónoma de Buenos Aires,Servicios financieros e inmobiliarios,2009,18387.234335008994,16.13899978163884
Ciudad Autónoma de Buenos Aires,Industria manufacturera,2009,16918.842302744644,14.850150232201532
Ciudad Autónoma de Buenos Aires,Resto / no clasificado,2009,16894.258627141513,14.828572439263125
Ciudad Autónoma de Buenos Aires,Comercio,2009,16568.90541133245,14.543000646179463
Ciudad Autónoma de Buenos Aires,"Administración pública, salud y educación",2009,14509.324602244007,12.73524785298977
Ciudad Autónoma de Buenos Aires,Transporte y comunicaciones,2009,13383.72591897655,11.747277798739763
Ciudad Autónoma de Buenos Aires,Otros servicios,2009,7331.348267892517,6.434933385786849
Ciudad Autónoma de Buenos Aires,Construcción,2009,3863.7854278659374,3.391354623566187
Ciudad Autónoma de Buenos Aires,Hotelería y gastronomía,2009,3088.981937771455,2.711287511263202
Ciudad Autónoma de Buenos Aires,Minería y energía,2009,2814.2164171148493,2.470117980430839
Ciudad Autónoma de Buenos Aires,"Agro, pesca y silvicultura",2009,169.8221561380529,0.14905774794043447
Ciudad Autónoma de Buenos Aires,Comercio,2010,18444.27209730483,15.286767066481435
Ciudad Autónoma de Buenos Aires,Servicios financieros e inmobiliarios,2010,18345.492935563572,15.204898070589666
Ciudad Autónoma de Buenos Aires,Industria manufacturera,2010,18290.160629538805,15.159038192303903
Ciudad Autónoma de Buenos Aires,Resto / no clasificado,2010,17986.165800056315,14.907084733625931
Ciudad Autónoma de Buenos Aires,"Administración pública, salud y educación",2010,15262.087562782512,12.649345893926153
Ciudad Autónoma de Buenos Aires,Transporte y comunicaciones,2010,14059.833181618702,11.652907401664184
Ciudad Autónoma de Buenos Aires,Otros servicios,2010,7565.177086700053,6.270082079192774
Ciudad Autónoma de Buenos Aires,Construcción,2010,4264.090449475443,3.5341138488769235
Ciudad Autónoma de Buenos Aires,Hotelería y gastronomía,2010,3368.0011513075724,2.7914275395667967
Ciudad Autónoma de Buenos Aires,Minería y energía,2010,2819.0651481259524,2.3364647863189236
Ciudad Autónoma de Buenos Aires,"Agro, pesca y silvicultura",2010,250.80633272471317,0.20787038745331543
Ciudad Autónoma de Buenos Aires,Comercio,2011,20030.81493115569,15.816287665634325
Ciudad Autónoma de Buenos Aires,Industria manufacturera,2011,19430.738248567126,15.342468429328658
Ciudad Autónoma de Buenos Aires,Servicios financieros e inmobiliarios,2011,19429.94173351595,15.341839502786094
Ciudad Autónoma de Buenos Aires,Resto / no clasificado,2011,19055.092840776077,15.045859636809853
Ciudad Autónoma de Buenos Aires,"Administración pública, salud y educación",2011,15825.584793485716,12.495847145057562
Ciudad Autónoma de Buenos Aires,Transporte y comunicaciones,2011,14149.092963404826,11.172092862229928
Ciudad Autónoma de Buenos Aires,Otros servicios,2011,7732.283360532306,6.105394032279678
Ciudad Autónoma de Buenos Aires,Construcción,2011,4475.226128334897,3.5336287643701922
Ciudad Autónoma de Buenos Aires,Hotelería y gastronomía,2011,3469.12741630829,2.7392154215217936
Ciudad Autónoma de Buenos Aires,Minería y energía,2011,2814.261094817261,2.2221344061544226
Ciudad Autónoma de Buenos Aires,"Agro, pesca y silvicultura",2011,234.59048484958024,0.1852321338274938
Ciudad Autónoma de Buenos Aires,Servicios financieros e inmobiliarios,2012,20219.41803089915,16.203931012459865
Ciudad Autónoma de Buenos Aires,Comercio,2012,18982.305442324723,15.21250351393981
Ciudad Autónoma de Buenos Aires,Resto / no clasificado,2012,18564.5974442113,14.877750477307448
Ciudad Autónoma de Buenos Aires,Industria manufacturera,2012,18255.35665494987,14.62992354144939
Ciudad Autónoma de Buenos Aires,"Administración pública, salud y educación",2012,16311.643544296103,13.072223260218953
Ciudad Autónoma de Buenos Aires,Transporte y comunicaciones,2012,13824.186921972778,11.078764524511653
Ciudad Autónoma de Buenos Aires,Otros servicios,2012,7765.967069182017,6.223680347364801
Ciudad Autónoma de Buenos Aires,Construcción,2012,4429.511001710723,3.5498297023665977
Ciudad Autónoma de Buenos Aires,Hotelería y gastronomía,2012,3401.969708079665,2.7263535662578966
Ciudad Autónoma de Buenos Aires,Minería y energía,2012,2821.003480977022,2.260764663048417
Ciudad Autónoma de Buenos Aires,"Agro, pesca y silvicultura",2012,204.98438322060454,0.1642753910751705
Ciudad Autónoma de Buenos Aires,Servicios financieros e inmobiliarios,2013,20596.188490525994,16.492338704308903
Ciudad Autónoma de Buenos Aires,Comercio,2013,18691.48570608037,14.967153427112246
Ciudad Autónoma de Buenos Aires,Resto / no clasificado,2013,18465.71223181702,14.786365966863835
Ciudad Autónoma de Buenos Aires,Industria manufacturera,2013,17866.512620480975,14.30655860123451
Ciudad Autónoma de Buenos Aires,"Administración pública, salud y educación",2013,16815.118306566266,13.464657627914033
Ciudad Autónoma de Buenos Aires,Transporte y comunicaciones,2013,13929.013187779154,11.153617253760748
Ciudad Autónoma de Buenos Aires,Otros servicios,2013,7746.223674918446,6.202766331491698
Ciudad Autónoma de Buenos Aires,Construcción,2013,4447.640228640235,3.5614351227842818
Ciudad Autónoma de Buenos Aires,Hotelería y gastronomía,2013,3330.9682666404574,2.6672632604818522
Ciudad Autónoma de Buenos Aires,Minería y energía,2013,2775.2580617825092,2.222279912025222
Ciudad Autónoma de Buenos Aires,"Agro, pesca y silvicultura",2013,219.24998130590967,0.17556379202267208
Ciudad Autónoma de Buenos Aires,Servicios financieros e inmobiliarios,2014,20250.930528330562,16.55628801614113
Ciudad Autónoma de Buenos Aires,Resto / no clasificado,2014,18205.11461896768,14.883717100151335
Ciudad Autónoma de Buenos Aires,Comercio,2014,17368.534567390758,14.19976530528991
Ciudad Autónoma de Buenos Aires,"Administración pública, salud y educación",2014,17133.75405415728,14.007818876347649
Ciudad Autónoma de Buenos Aires,Industria manufacturera,2014,16974.674411712265,13.877762216771446
Ciudad Autónoma de Buenos Aires,Transporte y comunicaciones,2014,14108.08698929664,11.534163885694003
Ciudad Autónoma de Buenos Aires,Otros servicios,2014,7692.248914236889,6.288851188234937
Ciudad Autónoma de Buenos Aires,Construcción,2014,4282.592801460375,3.501263301340051
Ciudad Autónoma de Buenos Aires,Hotelería y gastronomía,2014,3251.9874658934964,2.6586847964784446
Ciudad Autónoma de Buenos Aires,Minería y energía,2014,2825.6175105528464,2.310103096878344
Ciudad Autónoma de Buenos Aires,"Agro, pesca y silvicultura",2014,222.10346011346442,0.1815822166727452
Ciudad Autónoma de Buenos Aires,Servicios financieros e inmobiliarios,2015,20424.27261902099,16.456854689412353
Ciudad Autónoma de Buenos Aires,Resto / no clasificado,2015,18470.92195202312,14.882942673847435
Ciudad Autónoma de Buenos Aires,Comercio,2015,17891.51647940808,14.416086798637666
Ciudad Autónoma de Buenos Aires,"Administración pública, salud y educación",2015,17551.089273487396,14.141787627026437
Ciudad Autónoma de Buenos Aires,Industria manufacturera,2015,17177.337544257072,13.840637225609846
Ciudad Autónoma de Buenos Aires,Transporte y comunicaciones,2015,14386.920015171832,11.592258707778152
Ciudad Autónoma de Buenos Aires,Otros servicios,2015,7730.884829335432,6.229159325775491
Ciudad Autónoma de Buenos Aires,Construcción,2015,4176.849998647653,3.3654962783448905
Ciudad Autónoma de Buenos Aires,Hotelería y gastronomía,2015,3186.7742376934684,2.567742878091199
Ciudad Autónoma de Buenos Aires,Minería y energía,2015,2880.911062450955,2.321293669167078
Ciudad Autónoma de Buenos Aires,"Agro, pesca y silvicultura",2015,230.51834920049004,0.18574012630945386
Ciudad Autónoma de Buenos Aires,Servicios financieros e inmobiliarios,2016,19949.9312032084,16.210320585762297
Ciudad Autónoma de Buenos Aires,"Administración pública, salud y educación",2016,18471.22448418219,15.008797145727542
Ciudad Autónoma de Buenos Aires,Resto / no clasificado,2016,18419.222744617608,14.966543121852832
Ciudad Autónoma de Buenos Aires,Comercio,2016,17335.692533628433,14.086120432391706
Ciudad Autónoma de Buenos Aires,Industria manufacturera,2016,16122.418631376226,13.100274480668118
Ciudad Autónoma de Buenos Aires,Transporte y comunicaciones,2016,14940.587829770395,12.139977626658016
Ciudad Autónoma de Buenos Aires,Otros servicios,2016,7686.3603272037,6.245553619834965
Ciudad Autónoma de Buenos Aires,Construcción,2016,3944.504476405578,3.205107900533792
Ciudad Autónoma de Buenos Aires,Hotelería y gastronomía,2016,3183.9726349038087,2.5871376007444304
Ciudad Autónoma de Buenos Aires,Minería y energía,2016,2788.510803413974,2.265805010542216
Ciudad Autónoma de Buenos Aires,"Agro, pesca y silvicultura",2016,226.89364339908025,0.18436247528408575
Ciudad Autónoma de Buenos Aires,Servicios financieros e inmobiliarios,2017,20984.143801868104,16.67374581580622
Ciudad Autónoma de Buenos Aires,Resto / no clasificado,2017,19483.09112941735,15.48102759232777
Ciudad Autónoma de Buenos Aires,"Administración pública, salud y educación",2017,18308.753693425962,14.547913327834271
Ciudad Autónoma de Buenos Aires,Comercio,2017,17573.65151610248,13.963810065434481
Ciudad Autónoma de Buenos Aires,Industria manufacturera,2017,16052.826891115916,12.755381288598358
Ciudad Autónoma de Buenos Aires,Transporte y comunicaciones,2017,14981.88475045526,11.904423670054898
Ciudad Autónoma de Buenos Aires,Otros servicios,2017,7783.895343134908,6.184988705458405
Ciudad Autónoma de Buenos Aires,Construcción,2017,4392.29725536034,3.4900660553432648
Ciudad Autónoma de Buenos Aires,Hotelería y gastronomía,2017,3248.8694761831857,2.581512228761386
Ciudad Autónoma de Buenos Aires,Minería y energía,2017,2802.7906233869353,2.2270633898876753
Ciudad Autónoma de Buenos Aires,"Agro, pesca y silvicultura",2017,239.20307774652093,0.19006786049326244
Ciudad Autónoma de Buenos Aires,Servicios financieros e inmobiliarios,2018,21717.80023273445,17.519967892247653
Ciudad Autónoma de Buenos Aires,Resto / no clasificado,2018,19805.324968415855,15.977154860241008
Ciudad Autónoma de Buenos Aires,"Administración pública, salud y educación",2018,18286.907458519592,14.752232182284333
Ciudad Autónoma de Buenos Aires,Comercio,2018,16460.637097573337,13.278961512904328
Ciudad Autónoma de Buenos Aires,Industria manufacturera,2018,14879.709015440547,12.00361092757335
Ciudad Autónoma de Buenos Aires,Transporte y comunicaciones,2018,14334.649336435175,11.563905802137146
Ciudad Autónoma de Buenos Aires,Otros servicios,2018,7651.617650304476,6.172636920889988
Ciudad Autónoma de Buenos Aires,Construcción,2018,4641.527708640994,3.7443670885137914
Ciudad Autónoma de Buenos Aires,Hotelería y gastronomía,2018,3169.5669507218117,2.5569215396537266
Ciudad Autónoma de Buenos Aires,Minería y energía,2018,2810.8999854726285,2.2675812912014823
Ciudad Autónoma de Buenos Aires,"Agro, pesca y silvicultura",2018,201.6337600806833,0.1626599823531921
Ciudad Autónoma de Buenos Aires,Servicios financieros e inmobiliarios,2019,19845.394913441614,16.800038246798383
Ciudad Autónoma de Buenos Aires,Resto / no clasificado,2019,19519.63311162368,16.524265920081902
Ciudad Autónoma de Buenos Aires,"Administración pública, salud y educación",2019,17765.415186746508,15.039239879547194
Ciudad Autónoma de Buenos Aires,Comercio,2019,15097.56739553659,12.780784196279038
Ciudad Autónoma de Buenos Aires,Industria manufacturera,2019,13902.044930216283,11.768719521834889
Ciudad Autónoma de Buenos Aires,Transporte y comunicaciones,2019,13821.268529689754,11.700338588918042
Ciudad Autónoma de Buenos Aires,Otros servicios,2019,7502.253196259469,6.351001891575198
Ciudad Autónoma de Buenos Aires,Construcción,2019,4549.611785696701,3.851455329620047
Ciudad Autónoma de Buenos Aires,Hotelería y gastronomía,2019,3173.546425317059,2.68655280259529
Ciudad Autónoma de Buenos Aires,Minería y energía,2019,2709.006198939523,2.2932981657206666
Ciudad Autónoma de Buenos Aires,"Agro, pesca y silvicultura",2019,241.34007424008246,0.20430545702934597
Ciudad Autónoma de Buenos Aires,Servicios financieros e inmobiliarios,2020,19811.22417340698,19.07376002066163
Ciudad Autónoma de Buenos Aires,Resto / no clasificado,2020,16960.059014972936,16.328728237908834
Ciudad Autónoma de Buenos Aires,"Administración pública, salud y educación",2020,16500.398920146312,15.886178789017821
Ciudad Autónoma de Buenos Aires,Comercio,2020,14007.043056366225,13.485637006461621
Ciudad Autónoma de Buenos Aires,Industria manufacturera,2020,12587.28407711992,12.118727934094768
Ciudad Autónoma de Buenos Aires,Transporte y comunicaciones,2020,11248.880208967465,10.830145564402919
Ciudad Autónoma de Buenos Aires,Otros servicios,2020,4945.483941579241,4.761390465428077
Ciudad Autónoma de Buenos Aires,Construcción,2020,3475.072805403572,3.345714740514005
Ciudad Autónoma de Buenos Aires,Minería y energía,2020,2604.6074854035205,2.507652111235596
Ciudad Autónoma de Buenos Aires,Hotelería y gastronomía,2020,1510.03884486085,1.4538283094799684
Ciudad Autónoma de Buenos Aires,"Agro, pesca y silvicultura",2020,216.28804878815305,0.2082368207947509
Ciudad Autónoma de Buenos Aires,Servicios financieros e inmobiliarios,2021,20089.83175861864,17.73349445464087
Ciudad Autónoma de Buenos Aires,Resto / no clasificado,2021,19556.610090814647,17.262814381123587
Ciudad Autónoma de Buenos Aires,"Administración pública, salud y educación",2021,17168.806740334676,15.155076596990893
Ciudad Autónoma de Buenos Aires,Comercio,2021,15442.981365832486,13.631673361158247
Ciudad Autónoma de Buenos Aires,Industria manufacturera,2021,13941.793328356242,12.30655973861447
Ciudad Autónoma de Buenos Aires,Transporte y comunicaciones,2021,11782.763917932145,10.400762988438256
Ciudad Autónoma de Buenos Aires,Otros servicios,2021,6190.00276956678,5.463977056016513
Ciudad Autónoma de Buenos Aires,Construcción,2021,4306.841606521137,3.80169195361697
Ciudad Autónoma de Buenos Aires,Minería y energía,2021,2806.064967794192,2.476941476843998
Ciudad Autónoma de Buenos Aires,Hotelería y gastronomía,2021,1781.4593722501343,1.5725119193899095
Ciudad Autónoma de Buenos Aires,"Agro, pesca y silvicultura",2021,220.33973042465362,0.1944960731662856
Ciudad Autónoma de Buenos Aires,Resto / no clasificado,2022,21076.657616715467,17.710648313253742
Ciudad Autónoma de Buenos Aires,Servicios financieros e inmobiliarios,2022,20538.548198076078,17.2584766814475
Ciudad Autónoma de Buenos Aires,"Administración pública, salud y educación",2022,17812.723127896446,14.9679745506393
Ciudad Autónoma de Buenos Aires,Comercio,2022,16256.55469419335,13.660331168718793
Ciudad Autónoma de Buenos Aires,Industria manufacturera,2022,14453.749224785231,12.14543947068336
Ciudad Autónoma de Buenos Aires,Transporte y comunicaciones,2022,12315.576560540825,10.34873978622235
Ciudad Autónoma de Buenos Aires,Otros servicios,2022,6575.04750432672,5.5249914910471585
Ciudad Autónoma de Buenos Aires,Construcción,2022,4185.331275451479,3.5169205498311977
Ciudad Autónoma de Buenos Aires,Minería y energía,2022,2908.539135812624,2.4440361786234615
Ciudad Autónoma de Buenos Aires,Hotelería y gastronomía,2022,2659.6890862637124,2.2349282740190235
Ciudad Autónoma de Buenos Aires,"Agro, pesca y silvicultura",2022,223.15154796300388,0.18751353551412056
Ciudad Autónoma de Buenos Aires,Resto / no clasificado,2023,21461.105530685385,17.965323082504693
Ciudad Autónoma de Buenos Aires,Servicios financieros e inmobiliarios,2023,20206.228477111024,16.914851956306144
Ciudad Autónoma de Buenos Aires,"Administración pública, salud y educación",2023,18541.241691802938,15.52107354710947
Ciudad Autónoma de Buenos Aires,Comercio,2023,16294.077701513312,13.639948315830003
Ciudad Autónoma de Buenos Aires,Industria manufacturera,2023,14188.94867512763,11.877722085904303
Ciudad Autónoma de Buenos Aires,Transporte y comunicaciones,2023,11918.294675887162,9.97693311459013
Ciudad Autónoma de Buenos Aires,Otros servicios,2023,6667.375031922909,5.581331604257516
Ciudad Autónoma de Buenos Aires,Construcción,2023,4190.235245907996,3.5076911521077414
Ciudad Autónoma de Buenos Aires,Minería y energía,2023,2920.6208773968715,2.444883260506824
Ciudad Autónoma de Buenos Aires,Hotelería y gastronomía,2023,2892.5070945061552,2.4213489093998435
Ciudad Autónoma de Buenos Aires,"Agro, pesca y silvicultura",2023,177.86531080494808,0.14889297148332675
Ciudad Autónoma de Buenos Aires,Resto / no clasificado,2024,21271.36220787896,18.204581773513308
Ciudad Autónoma de Buenos Aires,Servicios financieros e inmobiliarios,2024,19500.96437496938,16.689429532397533
Ciudad Autónoma de Buenos Aires,"Administración pública, salud y educación",2024,18896.75577814875,16.172332192716734
Ciudad Autónoma de Buenos Aires,Comercio,2024,15364.904936792997,13.149682922539894
Ciudad Autónoma de Buenos Aires,Industria manufacturera,2024,13142.272692165543,11.247496778825003
Ciudad Autónoma de Buenos Aires,Transporte y comunicaciones,2024,11916.754027133764,10.198666218068805
Ciudad Autónoma de Buenos Aires,Otros servicios,2024,6567.849600309804,5.620935507397331
Ciudad Autónoma de Buenos Aires,Construcción,2024,3905.074963046328,3.342064123666906
Ciudad Autónoma de Buenos Aires,Hotelería y gastronomía,2024,3077.5247017468078,2.6338252127644703
Ciudad Autónoma de Buenos Aires,Minería y energía,2024,2976.796723742641,2.54761960474853
Ciudad Autónoma de Buenos Aires,"Agro, pesca y silvicultura",2024,225.94098082790174,0.19336613336149275
Corrientes,Comercio,2004,1145.723501143493,23.983645806313273
Corrientes,"Administración pública, salud y educación",2004,997.3929905732106,20.878615295691226
Corrientes,Industria manufacturera,2004,468.84234449143366,9.81436508726704
Corrientes,Servicios financieros e inmobiliarios,2004,413.5614217762998,8.657159121846334
Corrientes,"Agro, pesca y silvicultura",2004,343.27029160615933,7.185741657123339
Corrientes,Resto / no clasificado,2004,309.0764224951281,6.469954955804992
Corrientes,Minería y energía,2004,301.7781338513985,6.317178505248858
Corrientes,Transporte y comunicaciones,2004,293.2940203341592,6.139578959306982
Corrientes,Otros servicios,2004,195.83895440538586,4.09953371197302
Corrientes,Construcción,2004,183.2941763389048,3.8369315103379793
Corrientes,Hotelería y gastronomía,2004,125.03090067824735,2.617295389086948
Corrientes,Comercio,2005,1284.0400753983756,23.691510061736114
Corrientes,"Administración pública, salud y educación",2005,1064.219640722318,19.635656868612624
Corrientes,Industria manufacturera,2005,512.6997579210964,9.459698109242277
Corrientes,Servicios financieros e inmobiliarios,2005,425.1172628907257,7.843734867907914
Corrientes,Resto / no clasificado,2005,374.4611382929469,6.909091075560157
Corrientes,"Agro, pesca y silvicultura",2005,371.4867081753333,6.854210591368487
Corrientes,Transporte y comunicaciones,2005,369.88400682900004,6.8246395399658795
Corrientes,Minería y energía,2005,338.38305189915053,6.243423108350003
Corrientes,Construcción,2005,282.5592553718276,5.2134318623983855
Corrientes,Otros servicios,2005,221.8327067390861,4.092981133864277
Corrientes,Hotelería y gastronomía,2005,175.14852993977598,3.231622780993881
Corrientes,Comercio,2006,1396.546341941989,24.485932870786204
Corrientes,"Administración pública, salud y educación",2006,1084.1230574824426,19.008151474782398
Corrientes,Industria manufacturera,2006,543.6016475577451,9.531078955846517
Corrientes,Servicios financieros e inmobiliarios,2006,447.5431114972067,7.846864980982201
Corrientes,"Agro, pesca y silvicultura",2006,394.02357400861524,6.90849597534013
Corrientes,Resto / no clasificado,2006,393.33311332963,6.896389986925853
Corrientes,Transporte y comunicaciones,2006,388.6204419002074,6.813761754122314
Corrientes,Minería y energía,2006,370.36956038249696,6.49376531271966
Corrientes,Hotelería y gastronomía,2006,275.06033843319847,4.822689215543985
Corrientes,Otros servicios,2006,239.2866080608892,4.195461078441208
Corrientes,Construcción,2006,170.95610572602556,2.9974083945095273
Corrientes,Comercio,2007,1542.6144752834844,25.34975742350165
Corrientes,"Administración pública, salud y educación",2007,1167.2096840172153,19.18073687643893
Corrientes,Industria manufacturera,2007,589.160578718889,9.681665765044169
Corrientes,Servicios financieros e inmobiliarios,2007,462.12572125714155,7.5941041139760275
Corrientes,Transporte y comunicaciones,2007,441.883157025386,7.261458400399176
Corrientes,Resto / no clasificado,2007,405.6855273778546,6.6666233683332115
Corrientes,"Agro, pesca y silvicultura",2007,389.88264434780496,6.406934860399231
Corrientes,Minería y energía,2007,355.86710701536924,5.847958114217169
Corrientes,Otros servicios,2007,256.8074737984639,4.22011284714347
Corrientes,Construcción,2007,248.7654909315975,4.087959079533092
Corrientes,Hotelería y gastronomía,2007,225.32057354259734,3.702689151013867
Corrientes,Comercio,2008,1637.5911855011943,25.818439776155056
Corrientes,"Administración pública, salud y educación",2008,1181.6402170743202,18.629867485686873
Corrientes,Industria manufacturera,2008,611.5701377562565,9.64208094813493
Corrientes,Servicios financieros e inmobiliarios,2008,477.03217810922627,7.520940922768633
Corrientes,Transporte y comunicaciones,2008,459.55362582462686,7.245372176716672
Corrientes,Resto / no clasificado,2008,439.5359981923193,6.929772094069639
Corrientes,"Agro, pesca y silvicultura",2008,406.63342776811464,6.411026609543819
Corrientes,Minería y energía,2008,399.5729508825147,6.299710367202171
Corrientes,Otros servicios,2008,265.83053199450785,4.191112923499828
Corrientes,Construcción,2008,250.30175415487977,3.9462845322630855
Corrientes,Hotelería y gastronomía,2008,213.45738128391542,3.3653921639592985
Corrientes,Comercio,2009,1600.312541331765,26.03760908732863
Corrientes,"Administración pública, salud y educación",2009,1187.8061927725666,19.325995716550793
Corrientes,Industria manufacturera,2009,596.2744735945886,9.701580941987949
Corrientes,Servicios financieros e inmobiliarios,2009,481.4267046619826,7.8329701332952375
Corrientes,Transporte y comunicaciones,2009,434.29590790615725,7.066136636582604
Corrientes,Resto / no clasificado,2009,426.1535651726046,6.933658054008437
Corrientes,Minería y energía,2009,410.8220172752222,6.684208749234828
Corrientes,"Agro, pesca y silvicultura",2009,376.9540522828174,6.1331658683725
Corrientes,Otros servicios,2009,273.17043319537214,4.444572400737542
Corrientes,Hotelería y gastronomía,2009,182.67448932749375,2.9721737601196523
Corrientes,Construcción,2009,176.2674204723622,2.867928651781825
Corrientes,Comercio,2010,1719.6985793114277,26.470079782186573
Corrientes,"Administración pública, salud y educación",2010,1242.129073506289,19.11919685870178
Corrientes,Industria manufacturera,2010,642.0527371946063,9.88265465958425
Corrientes,Servicios financieros e inmobiliarios,2010,498.9142401968761,7.679427023640474
Corrientes,Resto / no clasificado,2010,477.0120669185914,7.342302668794751
Corrientes,Transporte y comunicaciones,2010,463.960126711788,7.141403567787906
Corrientes,Minería y energía,2010,433.46364363754174,6.6719932014813725
Corrientes,"Agro, pesca y silvicultura",2010,351.12397748805165,5.404598113507117
Corrientes,Otros servicios,2010,284.03296098565903,4.371914490428585
Corrientes,Hotelería y gastronomía,2010,197.39360897100448,3.038337439371697
Corrientes,Construcción,2010,186.9828538018388,2.8780921945154923
Corrientes,Comercio,2011,1899.82637245038,26.648790026226514
Corrientes,"Administración pública, salud y educación",2011,1388.5742238450784,19.477476186074167
Corrientes,Industria manufacturera,2011,672.6890521004058,9.435782954862242
Corrientes,Resto / no clasificado,2011,526.0274970131995,7.378567072866747
Corrientes,Servicios financieros e inmobiliarios,2011,525.7982893630901,7.375351986146852
Corrientes,Transporte y comunicaciones,2011,494.5846292582959,6.937519199875016
Corrientes,Minería y energía,2011,480.53854831817023,6.740495373333431
Corrientes,"Agro, pesca y silvicultura",2011,393.9152943176054,5.525434386327457
Corrientes,Otros servicios,2011,299.14051121437643,4.19603222025395
Corrientes,Construcción,2011,232.05976328140545,3.2550931995147474
Corrientes,Hotelería y gastronomía,2011,215.9738977513623,3.0294573945188725
Corrientes,Comercio,2012,1864.5177354730608,26.014908580737455
Corrientes,"Administración pública, salud y educación",2012,1442.621587819186,20.12835169636641
Corrientes,Industria manufacturera,2012,656.1598273490946,9.155149129492312
Corrientes,Servicios financieros e inmobiliarios,2012,547.1995061653416,7.634867106643149
Corrientes,Minería y energía,2012,524.7192307523553,7.32120835263282
Corrientes,Transporte y comunicaciones,2012,505.21438080490145,7.0490645812917165
Corrientes,Resto / no clasificado,2012,491.53255777682045,6.858167295349275
Corrientes,"Agro, pesca y silvicultura",2012,344.82328410162086,4.811188460021455
Corrientes,Otros servicios,2012,313.6087551265224,4.375663979761182
Corrientes,Construcción,2012,244.4204782007812,3.4103062012655903
Corrientes,Hotelería y gastronomía,2012,232.29504387736927,3.241124616438636
Corrientes,Comercio,2013,1929.9177438645747,26.243287923628305
Corrientes,"Administración pública, salud y educación",2013,1464.1905876719536,19.910265755884964
Corrientes,Industria manufacturera,2013,679.8888533857149,9.245222493129669
Corrientes,Servicios financieros e inmobiliarios,2013,565.5710986453195,7.690713881572261
Corrientes,Minería y energía,2013,517.579753160686,7.038120940033956
Corrientes,Resto / no clasificado,2013,513.4740985707527,6.982291682097382
Corrientes,Transporte y comunicaciones,2013,495.4153446346407,6.736726252900209
Corrientes,"Agro, pesca y silvicultura",2013,387.8571280386093,5.274134774245096
Corrientes,Otros servicios,2013,315.154127194211,4.285509331457716
Corrientes,Hotelería y gastronomía,2013,257.3221958251486,3.4991027444812732
Corrientes,Construcción,2013,227.57705555988105,3.0946242205691665
Corrientes,Comercio,2014,1871.3055002809567,25.349021758263603
Corrientes,"Administración pública, salud y educación",2014,1546.7714874401358,20.95282896581821
Corrientes,Industria manufacturera,2014,681.4746081189264,9.231370648094185
Corrientes,Servicios financieros e inmobiliarios,2014,571.5462169273329,7.7422620125730255
Corrientes,Minería y energía,2014,535.779418506031,7.257758893617362
Corrientes,Transporte y comunicaciones,2014,507.21509860102134,6.870821770484138
Corrientes,Resto / no clasificado,2014,498.3942948744871,6.751333666828312
Corrientes,"Agro, pesca y silvicultura",2014,389.19844511987344,5.27214816188206
Corrientes,Otros servicios,2014,309.158866250377,4.187918448465144
Corrientes,Hotelería y gastronomía,2014,260.5268075789196,3.5291403316761762
Corrientes,Construcción,2014,210.78987033401347,2.855395342297786
Corrientes,Comercio,2015,1959.5965632997493,25.83269296112651
Corrientes,"Administración pública, salud y educación",2015,1446.4084068223856,19.06750857274257
Corrientes,Industria manufacturera,2015,704.8886326524366,9.29230636556966
Corrientes,Servicios financieros e inmobiliarios,2015,581.921430207968,7.671271687039894
Corrientes,Minería y energía,2015,561.7581801289418,7.405466440110494
Corrientes,Resto / no clasificado,2015,561.0736310983211,7.396442263779482
Corrientes,Transporte y comunicaciones,2015,541.4731261535012,7.138055493969087
Corrientes,"Agro, pesca y silvicultura",2015,395.0445069074946,5.2077369618043745
Corrientes,Otros servicios,2015,303.8436664112412,4.005467395476293
Corrientes,Hotelería y gastronomía,2015,272.5368889392584,3.592760828633669
Corrientes,Construcción,2015,257.1780905876715,3.3902910297479734
Corrientes,Comercio,2016,1824.340058907,24.54428502514276
Corrientes,"Administración pública, salud y educación",2016,1456.1118816130277,19.590221064497808
Corrientes,Industria manufacturera,2016,635.8672519980049,8.554823425049237
Corrientes,Minería y energía,2016,588.3269113788816,7.915225744424269
Corrientes,Servicios financieros e inmobiliarios,2016,578.7566702937152,7.786469746436489
Corrientes,Transporte y comunicaciones,2016,558.1002706475974,7.5085629175904876
Corrientes,Resto / no clasificado,2016,556.3086095593764,7.484458288520345
Corrientes,"Agro, pesca y silvicultura",2016,364.9670261564985,4.910189123474418
Corrientes,Otros servicios,2016,338.3659340673271,4.552303660712689
Corrientes,Hotelería y gastronomía,2016,284.0229572705624,3.821184752753377
Corrientes,Construcción,2016,247.68311835291203,3.332276251398118
Corrientes,Comercio,2017,1926.7717049262144,24.730376202983447
Corrientes,"Administración pública, salud y educación",2017,1598.296392158289,20.514351005304658
Corrientes,Industria manufacturera,2017,664.9274797232202,8.534434400927953
Corrientes,Servicios financieros e inmobiliarios,2017,588.9384784753261,7.559105261858325
Corrientes,Resto / no clasificado,2017,588.0371642345758,7.5475367713133
Corrientes,Minería y energía,2017,585.3151873904252,7.512599829277279
Corrientes,Transporte y comunicaciones,2017,581.0685821303142,7.458094074703654
Corrientes,"Agro, pesca y silvicultura",2017,367.10699292680584,4.711868052979094
Corrientes,Otros servicios,2017,328.40179988175487,4.215081649812631
Corrientes,Hotelería y gastronomía,2017,303.839051113202,3.899815437384551
Corrientes,Construcción,2017,258.41077207177034,3.316737313455107
Corrientes,Comercio,2018,1934.939860598171,24.540042843136344
Corrientes,"Administración pública, salud y educación",2018,1653.8213640529073,20.974733093878204
Corrientes,Industria manufacturera,2018,656.2581871191305,8.323051458087097
Corrientes,Servicios financieros e inmobiliarios,2018,600.8768632020307,7.620673007309252
Corrientes,Minería y energía,2018,593.6864573898774,7.5294800610668675
Corrientes,Transporte y comunicaciones,2018,581.0168333772804,7.368796454094481
Corrientes,Resto / no clasificado,2018,570.8415078337873,7.239747004101247
Corrientes,"Agro, pesca y silvicultura",2018,379.245243902697,4.8098107455137065
Corrientes,Hotelería y gastronomía,2018,329.8060991335001,4.1827944978929414
Corrientes,Otros servicios,2018,317.94411514110794,4.03235385562517
Corrientes,Construcción,2018,266.39021026703,3.3785169792946874
Corrientes,Comercio,2019,1813.4330608746648,23.847063757534503
Corrientes,"Administración pública, salud y educación",2019,1604.343894909959,21.097492913510575
Corrientes,Industria manufacturera,2019,653.6660572274908,8.595859686886747
Corrientes,Servicios financieros e inmobiliarios,2019,589.1537760706897,7.747508283638255
Corrientes,Transporte y comunicaciones,2019,586.4651037960397,7.712151621989125
Corrientes,Resto / no clasificado,2019,555.6027107961119,7.306304023057414
Corrientes,Minería y energía,2019,547.985138706478,7.206131189982727
Corrientes,"Agro, pesca y silvicultura",2019,395.9742963944089,5.207153490357025
Corrientes,Hotelería y gastronomía,2019,321.7114841944503,4.230580350959174
Corrientes,Otros servicios,2019,310.6224371854117,4.084756820584531
Corrientes,Construcción,2019,225.4711608160908,2.9649978614999184
Corrientes,Comercio,2020,1717.393489200897,24.719428220234985
Corrientes,"Administración pública, salud y educación",2020,1589.7320841061478,22.88192449172001
Corrientes,Servicios financieros e inmobiliarios,2020,604.2645394562387,8.69752564164667
Corrientes,Industria manufacturera,2020,594.8158680466737,8.561525501810339
Corrientes,Minería y energía,2020,548.4407939957805,7.894022497159644
Corrientes,Resto / no clasificado,2020,474.1705809592228,6.825008778636115
Corrientes,Transporte y comunicaciones,2020,469.45136039951086,6.757082333930927
Corrientes,"Agro, pesca y silvicultura",2020,393.462331220038,5.663328710117351
Corrientes,Construcción,2020,210.94525203259604,3.0362558428269213
Corrientes,Otros servicios,2020,189.37503493561454,2.7257833526395854
Corrientes,Hotelería y gastronomía,2020,155.49402915638439,2.2381146292774488
Corrientes,Comercio,2021,1940.1482326073349,25.59351734291298
Corrientes,"Administración pública, salud y educación",2021,1641.1870035493785,21.64976228741874
Corrientes,Industria manufacturera,2021,678.5129166206298,8.950621301540084
Corrientes,Servicios financieros e inmobiliarios,2021,616.3678453663528,8.13083293063533
Corrientes,Minería y energía,2021,581.7180960150332,7.673749834588172
Corrientes,Resto / no clasificado,2021,517.1517139838576,6.822020677758079
Corrientes,Transporte y comunicaciones,2021,497.9724835838838,6.56901734656117
Corrientes,"Agro, pesca y silvicultura",2021,404.33675130150766,5.3338190777851935
Corrientes,Construcción,2021,286.4469029114952,3.7786719871588366
Corrientes,Otros servicios,2021,244.38961514381106,3.223872149812616
Corrientes,Hotelería y gastronomía,2021,172.39210471611497,2.2741150638287975
Corrientes,Comercio,2022,2004.4031529683696,26.041165345469473
Corrientes,"Administración pública, salud y educación",2022,1573.263210616352,20.439803908176703
Corrientes,Industria manufacturera,2022,686.8825458863948,8.923964185475864
Corrientes,Servicios financieros e inmobiliarios,2022,619.1007441320202,8.04334438387283
Corrientes,Minería y energía,2022,592.0000055624195,7.691252134850883
Corrientes,Resto / no clasificado,2022,577.2310863204704,7.4993746338681495
Corrientes,Transporte y comunicaciones,2022,550.6102653370042,7.153517464447939
Corrientes,"Agro, pesca y silvicultura",2022,354.3862074947534,4.604178461732024
Corrientes,Otros servicios,2022,267.0536024986536,3.469555018645724
Corrientes,Construcción,2022,248.48831183583656,3.22835513671521
Corrientes,Hotelería y gastronomía,2022,223.6371487291069,2.9054893267451987
Corrientes,Comercio,2023,2041.992652229099,26.01072720858185
Corrientes,"Administración pública, salud y educación",2023,1651.0853255683382,21.031383219998155
Corrientes,Industria manufacturera,2023,667.2319191549703,8.499142940134012
Corrientes,Servicios financieros e inmobiliarios,2023,625.214423767346,7.963927688834114
Corrientes,Resto / no clasificado,2023,618.7084283857489,7.881054877853975
Corrientes,Minería y energía,2023,584.4222230423421,7.444320135820869
Corrientes,Transporte y comunicaciones,2023,567.6147064497236,7.230227431487638
Corrientes,"Agro, pesca y silvicultura",2023,344.2913826304863,4.3855540930038215
Corrientes,Otros servicios,2023,275.1463935896513,3.5047911549892157
Corrientes,Construcción,2023,253.57388185083877,3.230002351302948
Corrientes,Hotelería y gastronomía,2023,221.2975258685005,2.8188688979933962
Corrientes,Comercio,2024,1806.7063620497515,24.28993706734878
Corrientes,"Administración pública, salud y educación",2024,1600.5359915534361,21.518116792787982
Corrientes,Servicios financieros e inmobiliarios,2024,624.8251272190063,8.40034846671444
Corrientes,Minería y energía,2024,600.6559469533839,8.075410291949101
Corrientes,Industria manufacturera,2024,589.1294080471159,7.920443823396926
Corrientes,Resto / no clasificado,2024,575.4859041170765,7.7370162012885935
Corrientes,Transporte y comunicaciones,2024,567.812259857586,7.633849278286905
Corrientes,"Agro, pesca y silvicultura",2024,364.73113048229726,4.903561747503281
Corrientes,Hotelería y gastronomía,2024,272.41123417677204,3.662383591258088
Corrientes,Otros servicios,2024,258.5318776665581,3.475785091773139
Corrientes,Construcción,2024,177.26056699332412,2.3831476476927573
Córdoba,"Agro, pesca y silvicultura",2004,6869.082426905784,21.223236386782357
Córdoba,Industria manufacturera,2004,6161.674099969703,19.037574137959183
Córdoba,Comercio,2004,5858.788889963116,18.101757094208022
Córdoba,"Administración pública, salud y educación",2004,3668.351794359233,11.334017040851426
Córdoba,Servicios financieros e inmobiliarios,2004,2869.1424716490733,8.864719495089048
Córdoba,Transporte y comunicaciones,2004,2165.4990685524313,6.690689639598299
Córdoba,Resto / no clasificado,2004,1308.71987870906,4.043519879908478
Córdoba,Otros servicios,2004,1145.778236914555,3.540083064605487
Córdoba,Construcción,2004,1067.3496032204248,3.297764028534074
Córdoba,Minería y energía,2004,694.7984275907046,2.1467017504643002
Córdoba,Hotelería y gastronomía,2004,556.6725129790294,1.71993748199932
Córdoba,"Agro, pesca y silvicultura",2005,9286.522131825563,24.666605849250033
Córdoba,Industria manufacturera,2005,6818.41690057189,18.110892303361076
Córdoba,Comercio,2005,6740.572293777194,17.904123589946387
Córdoba,"Administración pública, salud y educación",2005,4050.3380591978175,10.758397066653927
Córdoba,Servicios financieros e inmobiliarios,2005,2960.396422971305,7.863323931863378
Córdoba,Transporte y comunicaciones,2005,2473.356235564347,6.56966111978212
Córdoba,Resto / no clasificado,2005,1560.1233607855252,4.143956959389576
Córdoba,Otros servicios,2005,1227.631153356925,3.2608002606636437
Córdoba,Construcción,2005,1169.9811681473195,3.1076719482347057
Córdoba,Minería y energía,2005,770.2722871433388,2.0459761613500858
Córdoba,Hotelería y gastronomía,2005,590.5455074472628,1.5685908095050671
Córdoba,"Agro, pesca y silvicultura",2006,8549.943791863227,21.38265288760709
Córdoba,Industria manufacturera,2006,7598.284950280551,19.002638331680973
Córdoba,Comercio,2006,7553.598200340883,18.890880724157917
Córdoba,"Administración pública, salud y educación",2006,4242.900491779672,10.611118699835478
Córdoba,Servicios financieros e inmobiliarios,2006,3075.5487752138747,7.691675349010929
Córdoba,Transporte y comunicaciones,2006,2789.4813265500857,6.9762459723824595
Córdoba,Resto / no clasificado,2006,1905.790055869648,4.766212297219497
Córdoba,Construcción,2006,1395.8891596041874,3.490995273886519
Córdoba,Otros servicios,2006,1324.0661699615725,3.3113723319977333
Córdoba,Minería y energía,2006,862.3117687796494,2.156565432659479
Córdoba,Hotelería y gastronomía,2006,687.6063742242125,1.7196426995619247
Córdoba,"Agro, pesca y silvicultura",2007,11057.21687431251,24.398227393772554
Córdoba,Comercio,2007,8548.628488575814,18.86291859334838
Córdoba,Industria manufacturera,2007,8271.82422737418,18.252138015818776
Córdoba,"Administración pública, salud y educación",2007,4431.346095281886,9.777956869451003
Córdoba,Servicios financieros e inmobiliarios,2007,3167.7668731645576,6.989814650509347
Córdoba,Transporte y comunicaciones,2007,3121.755224040859,6.888287956148269
Córdoba,Resto / no clasificado,2007,2043.553493597452,4.509189192441247
Córdoba,Construcción,2007,1580.4350538793642,3.4872983196357352
Córdoba,Otros servicios,2007,1430.657885240015,3.156808517328636
Córdoba,Minería y energía,2007,899.399715473844,1.9845643822907788
Córdoba,Hotelería y gastronomía,2007,767.171049024877,1.6927961092552744
Córdoba,"Agro, pesca y silvicultura",2008,9852.218326397831,21.246686326199928
Córdoba,Comercio,2008,9038.420130879173,19.49169933543414
Córdoba,Industria manufacturera,2008,8752.07171639899,18.87417800765724
Córdoba,"Administración pública, salud y educación",2008,4919.515717348281,10.60912414448343
Córdoba,Servicios financieros e inmobiliarios,2008,3282.2463436855155,7.07829000528249
Córdoba,Transporte y comunicaciones,2008,3267.546495190988,7.04658921875312
Córdoba,Resto / no clasificado,2008,2265.33474385844,4.885281175473133
Córdoba,Construcción,2008,1754.629735021362,3.7839262553423856
Córdoba,Otros servicios,2008,1495.1439150194244,3.2243351418460526
Córdoba,Minería y energía,2008,947.346053398845,2.0429880634088518
Córdoba,Hotelería y gastronomía,2008,796.138103717765,1.7169023261192335
Córdoba,Comercio,2009,8175.257865184095,19.401466585902966
Córdoba,Industria manufacturera,2009,7947.4107985462415,18.86074147080951
Córdoba,"Agro, pesca y silvicultura",2009,7580.519686473638,17.99003796898412
Córdoba,"Administración pública, salud y educación",2009,5165.10361658565,12.257788914118425
Córdoba,Servicios financieros e inmobiliarios,2009,3313.601574268535,7.8638168094920085
Córdoba,Transporte y comunicaciones,2009,3223.2306065045786,7.64934904097366
Córdoba,Resto / no clasificado,2009,2107.0285794498877,5.000385951595796
Córdoba,Construcción,2009,1456.1961906219751,3.455834935212191
Córdoba,Otros servicios,2009,1398.3648825102268,3.318590066554598
Córdoba,Minería y energía,2009,955.3813665522755,2.267304587283607
Córdoba,Hotelería y gastronomía,2009,815.2238291988422,1.9346836690731144
Córdoba,"Agro, pesca y silvicultura",2010,9434.346686317414,19.852052278232165
Córdoba,Comercio,2010,9348.1543877325,19.670683702921032
Córdoba,Industria manufacturera,2010,9074.21652899306,19.094254950247635
Córdoba,"Administración pública, salud y educación",2010,5421.33532828863,11.407746178238318
Córdoba,Transporte y comunicaciones,2010,3482.8680853298297,7.328761768785808
Córdoba,Servicios financieros e inmobiliarios,2010,3391.805872771689,7.1371457656451245
Córdoba,Resto / no clasificado,2010,2440.718680269464,5.1358378537688
Córdoba,Construcción,2010,1679.6920744532804,3.5344614716925054
Córdoba,Otros servicios,2010,1408.255504433924,2.96329601027658
Córdoba,Minería y energía,2010,988.6833136908541,2.080418865513195
Córdoba,Hotelería y gastronomía,2010,853.2050306972997,1.7953411546788272
Córdoba,Comercio,2011,10481.191199638395,21.10552127970043
Córdoba,Industria manufacturera,2011,10016.465371391228,20.169722984404054
Córdoba,"Agro, pesca y silvicultura",2011,8489.258026735683,17.094451624765615
Córdoba,"Administración pública, salud y educación",2011,5604.512354310993,11.285564064544069
Córdoba,Transporte y comunicaciones,2011,3659.0202088338515,7.3680106973967865
Córdoba,Servicios financieros e inmobiliarios,2011,3566.561016653782,7.181829622088506
Córdoba,Resto / no clasificado,2011,2586.663678806246,5.2086527453441445
Córdoba,Construcción,2011,1863.753328157416,3.752959446908661
Córdoba,Otros servicios,2011,1449.6189152058985,2.919034895899035
Córdoba,Minería y energía,2011,1023.2444559637769,2.0604630932049073
Córdoba,Hotelería y gastronomía,2011,920.6085182799775,1.853789545743797
Córdoba,Comercio,2012,9997.327626342038,21.09869749848201
Córdoba,Industria manufacturera,2012,9543.994321801267,20.141967598654507
Córdoba,"Agro, pesca y silvicultura",2012,7073.978876202832,14.929163672338865
Córdoba,"Administración pública, salud y educación",2012,5718.372352658636,12.068245931495259
Córdoba,Servicios financieros e inmobiliarios,2012,3718.993795573852,7.848689972387587
Córdoba,Transporte y comunicaciones,2012,3714.3497440124665,7.838889009297926
Córdoba,Resto / no clasificado,2012,2447.867222831218,5.166061569781963
Córdoba,Construcción,2012,1637.2648098870334,3.455338890534658
Córdoba,Otros servicios,2012,1549.540998109527,3.270203598656202
Córdoba,Minería y energía,2012,1066.335722098641,2.250430882459396
Córdoba,Hotelería y gastronomía,2012,915.5991692134644,1.9323113759116295
Córdoba,Comercio,2013,10479.645329024052,20.57955389575665
Córdoba,Industria manufacturera,2013,9792.487224860806,19.23013730812005
Córdoba,"Agro, pesca y silvicultura",2013,9535.97196335993,18.72640178240326
Córdoba,"Administración pública, salud y educación",2013,5917.599886085914,11.620771692716222
Córdoba,Transporte y comunicaciones,2013,3854.059096245549,7.568463855255573
Córdoba,Servicios financieros e inmobiliarios,2013,3814.735921590238,7.491242406746248
Córdoba,Resto / no clasificado,2013,2338.614396227871,4.5924875792572175
Córdoba,Construcción,2013,1689.2429579020356,3.3172750988901845
Córdoba,Otros servicios,2013,1553.0733305361443,3.049870039142572
Córdoba,Minería y energía,2013,1046.8640385292888,2.055794277958576
Córdoba,Hotelería y gastronomía,2013,900.31274064396,1.7680020637534526
Córdoba,"Agro, pesca y silvicultura",2014,10599.427918962128,21.090692113763335
Córdoba,Comercio,2014,9614.696681507392,19.131278501750526
Córdoba,Industria manufacturera,2014,9025.673675120932,17.959243277717743
Córdoba,"Administración pública, salud y educación",2014,6155.0441701633035,12.24727811085858
Córdoba,Transporte y comunicaciones,2014,3882.8057980919475,7.72598882233929
Córdoba,Servicios financieros e inmobiliarios,2014,3801.1361142808846,7.563482867352221
Córdoba,Resto / no clasificado,2014,2148.6356489738887,4.275345168025033
Córdoba,Construcción,2014,1558.848301669905,3.1017890620083666
Córdoba,Otros servicios,2014,1500.999027871686,2.9866808474885684
Córdoba,Minería y energía,2014,1077.4924965767784,2.143989531693161
Córdoba,Hotelería y gastronomía,2014,891.66542674295,1.77423169700317
Córdoba,"Agro, pesca y silvicultura",2015,11823.841203539343,22.628454489730583
Córdoba,Comercio,2015,9942.144647979454,19.02726565963839
Córdoba,Industria manufacturera,2015,9067.759862367204,17.353869003920707
Córdoba,"Administración pública, salud y educación",2015,6296.822396047072,12.05085188189227
Córdoba,Transporte y comunicaciones,2015,4010.2239432194365,7.6747622393309305
Córdoba,Servicios financieros e inmobiliarios,2015,3831.8252276920834,7.33334297076627
Córdoba,Resto / no clasificado,2015,2088.182409279876,3.9963612333106386
Córdoba,Construcción,2015,1630.0455802172062,3.1195794660275262
Córdoba,Otros servicios,2015,1511.6465998501214,2.8929876256309304
Córdoba,Minería y energía,2015,1131.499771810741,2.1654630378404924
Córdoba,Hotelería y gastronomía,2015,918.1018843376223,1.7570623919112622
Córdoba,"Agro, pesca y silvicultura",2016,11722.971699020623,22.79049093002273
Córdoba,Comercio,2016,9626.513975631711,18.71479221157724
Córdoba,Industria manufacturera,2016,8542.846705149883,16.608047460061556
Córdoba,"Administración pública, salud y educación",2016,6294.2808151914605,12.236637050110883
Córdoba,Transporte y comunicaciones,2016,4110.38247779803,7.990946065920002
Córdoba,Servicios financieros e inmobiliarios,2016,3847.71926026819,7.480305604571407
Córdoba,Resto / no clasificado,2016,2099.610027425437,4.081827075520607
Córdoba,Construcción,2016,1597.741412847541,3.1061502247818
Córdoba,Otros servicios,2016,1508.900043882675,2.9334347678491746
Córdoba,Minería y energía,2016,1149.2012155944565,2.2341485208025054
Córdoba,Hotelería y gastronomía,2016,937.827867223436,1.8232200887820877
Córdoba,"Agro, pesca y silvicultura",2017,11419.300122611876,21.74346270300088
Córdoba,Comercio,2017,10052.828060643138,19.141566440087516
Córdoba,Industria manufacturera,2017,8935.187172331776,17.01346903399285
Córdoba,"Administración pública, salud y educación",2017,6320.582819246181,12.035006989559143
Córdoba,Transporte y comunicaciones,2017,4199.224552780317,7.995733667084013
Córdoba,Servicios financieros e inmobiliarios,2017,3949.538314864917,7.52030668440792
Córdoba,Resto / no clasificado,2017,2224.3227449848573,4.235327745633559
Córdoba,Construcción,2017,1782.9119345781482,3.394838452093176
Córdoba,Otros servicios,2017,1524.833979259599,2.90343281990176
Córdoba,Minería y energía,2017,1126.228963360029,2.1444499397443892
Córdoba,Hotelería y gastronomía,2017,983.3558218163533,1.8724055244948028
Córdoba,Comercio,2018,9621.165747730847,19.605882985361593
Córdoba,Industria manufacturera,2018,8618.213336699275,17.56207996541996
Córdoba,"Agro, pesca y silvicultura",2018,8273.238177453844,16.859094196089714
Córdoba,"Administración pública, salud y educación",2018,6551.455112435061,13.350467675764243
Córdoba,Servicios financieros e inmobiliarios,2018,4057.3048020899923,8.267921504676629
Córdoba,Transporte y comunicaciones,2018,4038.495904617728,8.229592984766049
Córdoba,Resto / no clasificado,2018,2251.6353508519737,4.588352427554745
Córdoba,Construcción,2018,1961.5862544238323,3.997294255012483
Córdoba,Otros servicios,2018,1573.2572884408546,3.2059626776841976
Córdoba,Minería y energía,2018,1134.3990035251668,2.3116631294987027
Córdoba,Hotelería y gastronomía,2018,992.1000374920014,2.021688198171677
Córdoba,"Agro, pesca y silvicultura",2019,11562.057412671105,23.018285901641825
Córdoba,Comercio,2019,8875.532344978647,17.669825858336576
Córdoba,Industria manufacturera,2019,7877.031489891166,15.681963548446207
Córdoba,"Administración pública, salud y educación",2019,6516.898396785747,12.974146826564692
Córdoba,Servicios financieros e inmobiliarios,2019,3997.675421071631,7.95875963073379
Córdoba,Transporte y comunicaciones,2019,3963.5842619571586,7.890889353048152
Córdoba,Resto / no clasificado,2019,2183.494919211505,4.347004042733035
Córdoba,Construcción,2019,1656.040781084984,3.296923618630084
Córdoba,Otros servicios,2019,1535.676996168536,3.0572977532218917
Córdoba,Minería y energía,2019,1082.6042185012177,2.155299228360043
Córdoba,Hotelería y gastronomía,2019,979.2838715855572,1.9496042382837
Córdoba,"Agro, pesca y silvicultura",2020,10244.491249925075,22.919783664966715
Córdoba,Comercio,2020,8417.342903803477,18.831943303229373
Córdoba,Industria manufacturera,2020,7280.434906725014,16.28836308003385
Córdoba,"Administración pública, salud y educación",2020,5983.035810663719,13.385719514491665
Córdoba,Servicios financieros e inmobiliarios,2020,3995.3527776258843,8.93871829204587
Córdoba,Transporte y comunicaciones,2020,3105.055161725805,6.9468742603557
Córdoba,Resto / no clasificado,2020,1909.1038997402943,4.271197788988484
Córdoba,Construcción,2020,1219.462917622985,2.728278601396859
Córdoba,Minería y energía,2020,1067.2927567963918,2.387831518050068
Córdoba,Otros servicios,2020,983.3736938180182,2.2000811728247642
Córdoba,Hotelería y gastronomía,2020,492.2090067645334,1.1012088036166512
Córdoba,"Agro, pesca y silvicultura",2021,10798.483309133553,21.543845442314293
Córdoba,Comercio,2021,9942.41126674809,19.835912648359862
Córdoba,Industria manufacturera,2021,8791.831273613003,17.540412731241382
Córdoba,"Administración pública, salud y educación",2021,6315.40402018028,12.599740558144298
Córdoba,Servicios financieros e inmobiliarios,2021,4051.9009970132474,8.083869403528007
Córdoba,Transporte y comunicaciones,2021,3331.3115131212917,6.646235244738817
Córdoba,Resto / no clasificado,2021,2257.421525320613,4.503738075746761
Córdoba,Construcción,2021,1670.6814334275666,3.333144253199349
Córdoba,Otros servicios,2021,1218.5222740348092,2.431050249215938
Córdoba,Minería y energía,2021,1110.4343854383026,2.21540619074528
Córdoba,Hotelería y gastronomía,2021,634.8842000972661,1.2666452027660098
Córdoba,Comercio,2022,10582.77708424708,20.468545831040345
Córdoba,"Agro, pesca y silvicultura",2022,9910.039032727514,19.167377949472638
Córdoba,Industria manufacturera,2022,9330.0120730471,18.045526065704816
Córdoba,"Administración pública, salud y educación",2022,6510.165143438981,12.591554423316339
Córdoba,Servicios financieros e inmobiliarios,2022,4101.151765266374,7.932191351962043
Córdoba,Transporte y comunicaciones,2022,3617.1842583422476,6.996131656349964
Córdoba,Resto / no clasificado,2022,2454.3346548964287,4.747020651435394
Córdoba,Construcción,2022,1838.6329386892196,3.556168883878384
Córdoba,Otros servicios,2022,1362.5756303886442,2.635408599920717
Córdoba,Minería y energía,2022,1160.2987889564736,2.24417737899899
Córdoba,Hotelería y gastronomía,2022,835.4613993411056,1.6158972079203686
Córdoba,Comercio,2023,10445.820700141156,21.716027092503023
Córdoba,Industria manufacturera,2023,9197.111255663389,19.12005987217948
Córdoba,"Administración pública, salud y educación",2023,6840.372251770697,14.220587678692501
Córdoba,"Agro, pesca y silvicultura",2023,6128.553688409327,12.740773727195782
Córdoba,Servicios financieros e inmobiliarios,2023,4112.425286902707,8.549403776868093
Córdoba,Transporte y comunicaciones,2023,3615.2310128723175,7.515776584230619
Córdoba,Resto / no clasificado,2023,2528.583089616568,5.256722325227771
Córdoba,Construcción,2023,1771.4975286120662,3.6828019003927506
Córdoba,Otros servicios,2023,1415.230650131038,2.9421515094520996
Córdoba,Minería y energía,2023,1134.394317066345,2.358315198983008
Córdoba,Hotelería y gastronomía,2023,912.6759092436168,1.8973803342748732
Córdoba,"Agro, pesca y silvicultura",2024,10093.447722692152,20.075758049009572
Córdoba,Comercio,2024,9841.84098823134,19.57531498304109
Córdoba,Industria manufacturera,2024,8291.172338920354,16.491051857789717
Córdoba,"Administración pública, salud y educación",2024,6778.659719249879,13.482680661661
Córdoba,Servicios financieros e inmobiliarios,2024,4131.704263060551,8.217914967626259
Córdoba,Transporte y comunicaciones,2024,3581.9753776463804,7.124510176782106
Córdoba,Resto / no clasificado,2024,2526.068607019916,5.024323062150287
Córdoba,Construcción,2024,1556.0984541728835,3.0950629482311562
Córdoba,Otros servicios,2024,1401.2192609763922,2.787009912750704
Córdoba,Minería y energía,2024,1118.5627175543937,2.224809113518162
Córdoba,Hotelería y gastronomía,2024,956.0455688840791,1.9015642674399451
Entre Ríos,"Agro, pesca y silvicultura",2004,2373.2032863435848,22.74509173433753
Entre Ríos,Comercio,2004,1926.119273265579,18.460179881681867
Entre Ríos,"Administración pública, salud y educación",2004,1625.559048028112,15.57957124016425
Entre Ríos,Industria manufacturera,2004,1453.0962191547023,13.926664855758904
Entre Ríos,Servicios financieros e inmobiliarios,2004,974.09552306667,9.335859324674495
Entre Ríos,Transporte y comunicaciones,2004,597.7475883847309,5.7288913301384055
Entre Ríos,Resto / no clasificado,2004,474.2300040475525,4.545082592505402
Entre Ríos,Otros servicios,2004,409.7700537155797,3.9272899693751397
Entre Ríos,Construcción,2004,333.4915818542538,3.1962270849502614
Entre Ríos,Minería y energía,2004,155.21055398142707,1.4875583178059884
Entre Ríos,Hotelería y gastronomía,2004,111.39076071352068,1.0675836686077569
Entre Ríos,"Agro, pesca y silvicultura",2005,2847.30934329297,24.32712008508946
Entre Ríos,Comercio,2005,2190.848706525296,18.718387483063122
Entre Ríos,"Administración pública, salud y educación",2005,1677.203115661307,14.329852040098682
Entre Ríos,Industria manufacturera,2005,1612.2985352622227,13.775313937254264
Entre Ríos,Servicios financieros e inmobiliarios,2005,1010.3785515031692,8.632571101455927
Entre Ríos,Transporte y comunicaciones,2005,684.2687021384181,5.84632187106788
Entre Ríos,Resto / no clasificado,2005,532.3375144139488,4.54823732779557
Entre Ríos,Otros servicios,2005,445.12837472345564,3.8031313494917307
Entre Ríos,Construcción,2005,391.8924517344229,3.3482890632310487
Entre Ríos,Minería y energía,2005,172.12021271425317,1.4705775098283531
Entre Ríos,Hotelería y gastronomía,2005,140.47431947364518,1.200198231623955
Entre Ríos,"Agro, pesca y silvicultura",2006,2767.3400078892105,22.213104170273652
Entre Ríos,Comercio,2006,2503.233488571484,20.093153022627067
Entre Ríos,Industria manufacturera,2006,1822.2196281716665,14.62673697713369
Entre Ríos,"Administración pública, salud y educación",2006,1746.922368332503,14.022334962283601
Entre Ríos,Servicios financieros e inmobiliarios,2006,1068.9584898832761,8.58040075371405
Entre Ríos,Transporte y comunicaciones,2006,762.5473686889125,6.1208756738116765
Entre Ríos,Resto / no clasificado,2006,535.4124331018916,4.297690965564985
Entre Ríos,Otros servicios,2006,499.5303612304412,4.009669906333551
Entre Ríos,Construcción,2006,388.9877565744416,3.1223577634537802
Entre Ríos,Minería y energía,2006,182.42575060203447,1.4643094776612589
Entre Ríos,Hotelería y gastronomía,2006,180.56411172630584,1.4493663271426738
Entre Ríos,"Agro, pesca y silvicultura",2007,3177.5369505610793,23.07929762904768
Entre Ríos,Comercio,2007,2852.636509535563,20.719459145686315
Entre Ríos,Industria manufacturera,2007,2026.14005820608,14.716395173065427
Entre Ríos,"Administración pública, salud y educación",2007,1863.0154475774477,13.531577656260172
Entre Ríos,Servicios financieros e inmobiliarios,2007,1111.4473322055026,8.072738154768704
Entre Ríos,Transporte y comunicaciones,2007,852.0581787966883,6.188725610961259
Entre Ríos,Otros servicios,2007,549.1416614776133,3.988562223804725
Entre Ríos,Resto / no clasificado,2007,528.3508277265074,3.8375528578827662
Entre Ríos,Construcción,2007,423.4037928752791,3.0752945772387443
Entre Ríos,Hotelería y gastronomía,2007,193.17194054285443,1.4030592810516371
Entre Ríos,Minería y energía,2007,191.00740605172183,1.3873376902325698
Entre Ríos,Comercio,2008,2998.35290040074,21.256095661819927
Entre Ríos,"Agro, pesca y silvicultura",2008,2977.099513571401,21.105424930725626
Entre Ríos,Industria manufacturera,2008,2109.4850610118883,14.954682701978076
Entre Ríos,"Administración pública, salud y educación",2008,1952.8370422087594,13.844164566348063
Entre Ríos,Servicios financieros e inmobiliarios,2008,1147.550681076884,8.135282224616295
Entre Ríos,Transporte y comunicaciones,2008,914.386858620951,6.4823238572618385
Entre Ríos,Resto / no clasificado,2008,591.1717439509874,4.190968694948355
Entre Ríos,Otros servicios,2008,569.8237710103566,4.039627418559126
Entre Ríos,Construcción,2008,442.7415617017602,3.1387089183992845
Entre Ríos,Minería y energía,2008,205.81519689765574,1.4590769196408346
Entre Ríos,Hotelería y gastronomía,2008,196.58534252672544,1.3936441057025755
Entre Ríos,Comercio,2009,2890.859122065531,22.209229920216103
Entre Ríos,"Agro, pesca y silvicultura",2009,2120.5692889443712,16.291423729518954
Entre Ríos,Industria manufacturera,2009,2083.173045753917,16.00412444300938
Entre Ríos,"Administración pública, salud y educación",2009,1896.6190443711007,14.570910116644376
Entre Ríos,Servicios financieros e inmobiliarios,2009,1158.3944545794163,8.89944742851236
Entre Ríos,Transporte y comunicaciones,2009,922.7030421012221,7.088731461762442
Entre Ríos,Otros servicios,2009,573.7952813069446,4.408222881707113
Entre Ríos,Resto / no clasificado,2009,538.7373674580584,4.138887975951927
Entre Ríos,Construcción,2009,424.5762695121036,3.2618372567129876
Entre Ríos,Minería y energía,2009,209.89162288438695,1.6125072561944693
Entre Ríos,Hotelería y gastronomía,2009,197.15763984851984,1.5146775297698782
Entre Ríos,"Agro, pesca y silvicultura",2010,3342.4372585528376,22.351446999864603
Entre Ríos,Comercio,2010,3173.440346937316,21.221335880067368
Entre Ríos,Industria manufacturera,2010,2198.2836321172326,14.700296907057545
Entre Ríos,"Administración pública, salud y educación",2010,1999.20466715297,13.369021975029893
Entre Ríos,Servicios financieros e inmobiliarios,2010,1192.2655914368538,7.972882993860928
Entre Ríos,Transporte y comunicaciones,2010,990.6566053154706,6.624689379618013
Entre Ríos,Otros servicios,2010,608.6541337125076,4.070173815862087
Entre Ríos,Resto / no clasificado,2010,569.3433840000096,3.8072961398562044
Entre Ríos,Construcción,2010,454.2710890883637,3.0377881126557043
Entre Ríos,Minería y energía,2010,220.29258486210742,1.4731340199158842
Entre Ríos,Hotelería y gastronomía,2010,205.15909193284304,1.371933776211764
Entre Ríos,Comercio,2011,3524.2301662040027,22.514271368544705
Entre Ríos,"Agro, pesca y silvicultura",2011,3096.6296010099836,19.78257828718994
Entre Ríos,Industria manufacturera,2011,2383.3035678963224,15.22555019130171
Entre Ríos,"Administración pública, salud y educación",2011,2114.1424740627976,13.506035397252498
Entre Ríos,Servicios financieros e inmobiliarios,2011,1249.2279649472923,7.980596067110031
Entre Ríos,Transporte y comunicaciones,2011,1070.8696149179048,6.841167566691516
Entre Ríos,Otros servicios,2011,640.084862352257,4.089132551015712
Entre Ríos,Resto / no clasificado,2011,607.2802695368913,3.879562951429859
Entre Ríos,Construcción,2011,528.5387985450908,3.376529164684511
Entre Ríos,Minería y energía,2011,228.4137678390905,1.4592036589313309
Entre Ríos,Hotelería y gastronomía,2011,210.59546250929301,1.3453727958481887
Entre Ríos,Comercio,2012,3555.6661694632967,22.8003635586374
Entre Ríos,"Agro, pesca y silvicultura",2012,2876.068683621908,18.442510764751955
Entre Ríos,Industria manufacturera,2012,2398.838038591444,15.382315659411109
Entre Ríos,"Administración pública, salud y educación",2012,2146.9393519461005,13.767039825930926
Entre Ríos,Servicios financieros e inmobiliarios,2012,1317.0970772272547,8.445756933174914
Entre Ríos,Transporte y comunicaciones,2012,1074.5178820963183,6.890241432803337
Entre Ríos,Otros servicios,2012,639.0725062218035,4.097990302724647
Entre Ríos,Resto / no clasificado,2012,569.4653085300871,3.6516409161317447
Entre Ríos,Construcción,2012,560.9480512650363,3.5970248321378646
Entre Ríos,Minería y energía,2012,241.0355653183581,1.5456171243010126
Entre Ríos,Hotelería y gastronomía,2012,215.12975738273525,1.3794986499950879
Entre Ríos,Comercio,2013,3643.61731760535,22.61306263444854
Entre Ríos,"Agro, pesca y silvicultura",2013,3152.879081965726,19.56743695745489
Entre Ríos,Industria manufacturera,2013,2437.473595534935,15.12747862387233
Entre Ríos,"Administración pública, salud y educación",2013,2230.401691939405,13.842346427575256
Entre Ríos,Servicios financieros e inmobiliarios,2013,1353.0475627927808,8.397300434648743
Entre Ríos,Transporte y comunicaciones,2013,1105.182678665126,6.8589983405795785
Entre Ríos,Otros servicios,2013,622.6851893442251,3.8645164847988416
Entre Ríos,Resto / no clasificado,2013,565.7161832072952,3.5109547378579373
Entre Ríos,Construcción,2013,559.1768033039718,3.4703699578290914
Entre Ríos,Minería y energía,2013,236.3907516689799,1.4670911920048133
Entre Ríos,Hotelería y gastronomía,2013,206.3165334702373,1.2804442089299846
Entre Ríos,Comercio,2014,3448.243028274538,21.70735201807181
Entre Ríos,"Agro, pesca y silvicultura",2014,3139.0328707447825,19.76081469978409
Entre Ríos,Industria manufacturera,2014,2371.82089746362,14.931068002716962
Entre Ríos,"Administración pública, salud y educación",2014,2325.970121055229,14.642428560648145
Entre Ríos,Servicios financieros e inmobiliarios,2014,1358.760300287273,8.553657008704457
Entre Ríos,Transporte y comunicaciones,2014,1084.3598900122392,6.826253733789681
Entre Ríos,Otros servicios,2014,616.412702428813,3.8804363295497577
Entre Ríos,Resto / no clasificado,2014,564.0888056790768,3.5510473519195718
Entre Ríos,Construcción,2014,516.6696549423378,3.252534692283898
Entre Ríos,Minería y energía,2014,252.76740825249829,1.5912193730667055
Entre Ríos,Hotelería y gastronomía,2014,207.0132609007668,1.3031882294649306
Entre Ríos,Comercio,2015,3642.515615938885,22.145665307022707
Entre Ríos,"Agro, pesca y silvicultura",2015,3317.5258878607474,20.169801781621278
Entre Ríos,Industria manufacturera,2015,2456.1919436068465,14.933087582358205
Entre Ríos,"Administración pública, salud y educación",2015,2364.2113474040098,14.373866507413442
Entre Ríos,Servicios financieros e inmobiliarios,2015,1387.976881808094,8.438583308718144
Entre Ríos,Transporte y comunicaciones,2015,1087.953784566848,6.614511212278176
Entre Ríos,Otros servicios,2015,615.9552519348002,3.7448676386621162
Entre Ríos,Resto / no clasificado,2015,576.2479043343451,3.5034560091988247
Entre Ríos,Construcción,2015,522.8446574235488,3.178776431376356
Entre Ríos,Minería y energía,2015,266.82665059628243,1.6222452618301428
Entre Ríos,Hotelería y gastronomía,2015,209.73465949893935,1.2751389595206095
Entre Ríos,Comercio,2016,3504.387106894893,22.345799500731438
Entre Ríos,"Agro, pesca y silvicultura",2016,2814.053975495454,17.943875491647752
Entre Ríos,"Administración pública, salud y educación",2016,2466.127344764795,15.72531387327643
Entre Ríos,Industria manufacturera,2016,2348.8521794370445,14.977506267868629
Entre Ríos,Servicios financieros e inmobiliarios,2016,1375.0551688741289,8.768068757487093
Entre Ríos,Transporte y comunicaciones,2016,1125.1252146397994,7.174385047271681
Entre Ríos,Otros servicios,2016,606.1007099502526,3.8648141682612196
Entre Ríos,Resto / no clasificado,2016,523.8381736795324,3.340265342502086
Entre Ríos,Construcción,2016,439.0779292031511,2.799789826833262
Entre Ríos,Minería y energía,2016,272.7063864844328,1.7389181186520348
Entre Ríos,Hotelería y gastronomía,2016,207.20758474814306,1.321263605468372
Entre Ríos,Comercio,2017,3643.916650430695,22.127950720492326
Entre Ríos,"Agro, pesca y silvicultura",2017,3291.113970694104,19.985530610431304
Entre Ríos,"Administración pública, salud y educación",2017,2468.8413586923402,14.992219955250718
Entre Ríos,Industria manufacturera,2017,2396.8154919842136,14.554837604880603
Entre Ríos,Servicios financieros e inmobiliarios,2017,1402.4371612318232,8.516402368494616
Entre Ríos,Transporte y comunicaciones,2017,1172.7897412274665,7.121851592382877
Entre Ríos,Otros servicios,2017,611.8267882686756,3.7153629786472084
Entre Ríos,Resto / no clasificado,2017,525.9712307635987,3.193998818100839
Entre Ríos,Construcción,2017,475.8296469023152,2.889510378004721
Entre Ríos,Minería y energía,2017,262.6412354175452,1.59490813649696
Entre Ríos,Hotelería y gastronomía,2017,215.30029961104256,1.3074268368178183
Entre Ríos,Comercio,2018,3605.5622864025017,22.7899187098197
Entre Ríos,"Agro, pesca y silvicultura",2018,2658.4932074553544,16.803715835669752
Entre Ríos,"Administración pública, salud y educación",2018,2576.872612882227,16.28781108417406
Entre Ríos,Industria manufacturera,2018,2368.145787943928,14.968497480622693
Entre Ríos,Servicios financieros e inmobiliarios,2018,1427.9691307872715,9.02585999789906
Entre Ríos,Transporte y comunicaciones,2018,1129.2266936157232,7.137578693207997
Entre Ríos,Otros servicios,2018,621.8391566772071,3.930500350722371
Entre Ríos,Resto / no clasificado,2018,515.0919192753965,3.2557759472473147
Entre Ríos,Construcción,2018,438.824834359618,2.7737094823243797
Entre Ríos,Minería y energía,2018,265.85099434570765,1.6803821620035266
Entre Ríos,Hotelería y gastronomía,2018,212.9884364228328,1.3462502563091465
Entre Ríos,Comercio,2019,3439.773271196856,21.409070081027657
Entre Ríos,"Agro, pesca y silvicultura",2019,3261.575221411795,20.29996949928397
Entre Ríos,"Administración pública, salud y educación",2019,2634.4936552519002,16.397028189502084
Entre Ríos,Industria manufacturera,2019,2312.238277930508,14.391318099586435
Entre Ríos,Servicios financieros e inmobiliarios,2019,1386.038717095831,8.626673239715426
Entre Ríos,Transporte y comunicaciones,2019,1115.398483091796,6.942214619998885
Entre Ríos,Otros servicios,2019,614.4085374564809,3.8240646693003257
Entre Ríos,Resto / no clasificado,2019,460.3368898775431,2.8651262624764477
Entre Ríos,Construcción,2019,387.4975813089192,2.411776073713375
Entre Ríos,Minería y energía,2019,249.04874984521692,1.550073716682309
Entre Ríos,Hotelería y gastronomía,2019,206.08776790000263,1.282685548713078
Entre Ríos,Comercio,2020,3452.5847120073554,23.03703925146454
Entre Ríos,"Agro, pesca y silvicultura",2020,3018.7271701941395,20.14216655347245
Entre Ríos,"Administración pública, salud y educación",2020,2402.764050942712,16.032211913894752
Entre Ríos,Industria manufacturera,2020,2255.472813557636,15.049425306158204
Entre Ríos,Servicios financieros e inmobiliarios,2020,1391.7687222374277,9.28644287036279
Entre Ríos,Transporte y comunicaciones,2020,973.1941071966357,6.493544030596149
Entre Ríos,Resto / no clasificado,2020,433.885286457378,2.8950578214604166
Entre Ríos,Otros servicios,2020,389.11874508048504,2.5963573819707806
Entre Ríos,Construcción,2020,306.4827400235717,2.0449765902237425
Entre Ríos,Minería y energía,2020,254.53439002690914,1.6983562238182668
Entre Ríos,Hotelería y gastronomía,2020,108.56987698290237,0.7244220565779039
Entre Ríos,Comercio,2021,3765.795962055722,23.55674167079127
Entre Ríos,"Agro, pesca y silvicultura",2021,2881.4040446095164,18.024473819602854
Entre Ríos,"Administración pública, salud y educación",2021,2542.1423075611483,15.902239588391453
Entre Ríos,Industria manufacturera,2021,2501.262376191056,15.646517294218285
Entre Ríos,Servicios financieros e inmobiliarios,2021,1403.8704755294714,8.781839075860507
Entre Ríos,Transporte y comunicaciones,2021,1027.9365550683083,6.430203899971397
Entre Ríos,Otros servicios,2021,513.656039737399,3.2131487626138577
Entre Ríos,Resto / no clasificado,2021,498.68984147164633,3.1195284842205155
Entre Ríos,Construcción,2021,416.0152280687277,2.602361720463634
Entre Ríos,Minería y energía,2021,269.17955500254976,1.6838387698498964
Entre Ríos,Hotelería y gastronomía,2021,166.11230345998206,1.0391069140163318
Entre Ríos,Comercio,2022,3958.165500721188,23.513308782112077
Entre Ríos,"Agro, pesca y silvicultura",2022,3001.8709129157205,17.83248267071385
Entre Ríos,"Administración pública, salud y educación",2022,2792.8512982817506,16.590810805423953
Entre Ríos,Industria manufacturera,2022,2570.559621899015,15.270296838656204
Entre Ríos,Servicios financieros e inmobiliarios,2022,1420.6988242820707,8.439599136428575
Entre Ríos,Transporte y comunicaciones,2022,1105.9209822626692,6.569675153760211
Entre Ríos,Otros servicios,2022,564.6458288897887,3.3542538139949363
Entre Ríos,Resto / no clasificado,2022,515.2928040832223,3.0610743318847025
Entre Ríos,Construcción,2022,434.33959030673424,2.5801753113449912
Entre Ríos,Minería y energía,2022,275.69636415854626,1.6377621752764964
Entre Ríos,Hotelería y gastronomía,2022,193.6822597496627,1.1505609804039991
Entre Ríos,Comercio,2023,3919.437997634424,24.279644412459664
Entre Ríos,"Administración pública, salud y educación",2023,2848.6172635054136,17.64625802649485
Entre Ríos,Industria manufacturera,2023,2477.6628233274637,15.348315845452664
Entre Ríos,"Agro, pesca y silvicultura",2023,2330.537733727125,14.436923737246474
Entre Ríos,Servicios financieros e inmobiliarios,2023,1434.5320453550444,8.886459737472702
Entre Ríos,Transporte y comunicaciones,2023,1140.0159571534741,7.062028301231444
Entre Ríos,Otros servicios,2023,564.3929677964943,3.4962309839477705
Entre Ríos,Resto / no clasificado,2023,519.0606763970741,3.215412173637663
Entre Ríos,Construcción,2023,424.4448624740601,2.6292979605201885
Entre Ríos,Minería y energía,2023,273.90645482369456,1.696761456466608
Entre Ríos,Hotelería y gastronomía,2023,210.2882514339226,1.3026673650699694
Entre Ríos,Comercio,2024,3697.615056457231,22.807655068778445
Entre Ríos,"Agro, pesca y silvicultura",2024,3100.127375071222,19.12222737097128
Entre Ríos,"Administración pública, salud y educación",2024,2758.19608497812,17.01312439443322
Entre Ríos,Industria manufacturera,2024,2310.7119512421864,14.252949629032152
Entre Ríos,Servicios financieros e inmobiliarios,2024,1434.582585807242,8.848802345617093
Entre Ríos,Transporte y comunicaciones,2024,1162.3432259966626,7.169573621182518
Entre Ríos,Otros servicios,2024,534.3752815998505,3.296137351757809
Entre Ríos,Resto / no clasificado,2024,478.8382598847672,2.9535735057422903
Entre Ríos,Minería y energía,2024,270.69994826616033,1.6697333153728104
Entre Ríos,Construcción,2024,251.61776056398787,1.5520304316427154
Entre Ríos,Hotelería y gastronomía,2024,213.05915411106162,1.3141929654696627
Formosa,"Administración pública, salud y educación",2004,656.4037512672738,29.000675771501644
Formosa,Comercio,2004,401.5197043440722,17.739604228450403
Formosa,"Agro, pesca y silvicultura",2004,275.73529901697356,12.18230394038881
Formosa,Industria manufacturera,2004,178.59952409811905,7.890733228313101
Formosa,Servicios financieros e inmobiliarios,2004,169.92263671936274,7.507378323513531
Formosa,Transporte y comunicaciones,2004,161.31768362024133,7.127201558260727
Formosa,Construcción,2004,156.21933154113538,6.901950475631083
Formosa,Minería y energía,2004,86.7871833941163,3.8343579875578664
Formosa,Resto / no clasificado,2004,77.97877463223013,3.445192316165624
Formosa,Otros servicios,2004,74.4665559527412,3.2900184388594353
Formosa,Hotelería y gastronomía,2004,24.45802368228413,1.0805837313577737
Formosa,"Administración pública, salud y educación",2005,658.535058695881,25.749103608237384
Formosa,Comercio,2005,446.1126016525105,17.443262054474236
Formosa,Construcción,2005,302.2474273031912,11.818050107104717
Formosa,"Agro, pesca y silvicultura",2005,285.14964066344777,11.149516710370854
Formosa,Transporte y comunicaciones,2005,202.19266069565174,7.905850569881113
Formosa,Industria manufacturera,2005,193.2964548187837,7.558003748639251
Formosa,Servicios financieros e inmobiliarios,2005,176.46309205822203,6.899809479293727
Formosa,Resto / no clasificado,2005,106.97164375259044,4.182653454447191
Formosa,Otros servicios,2005,83.40461884361972,3.261169080751547
Formosa,Minería y energía,2005,80.93372733247573,3.1645557863110714
Formosa,Hotelería y gastronomía,2005,22.19980806934236,0.8680254004889113
Formosa,"Administración pública, salud y educación",2006,669.364530416426,24.475400747894867
Formosa,Comercio,2006,497.3051794961488,18.184028297107
Formosa,"Agro, pesca y silvicultura",2006,352.18528155984814,12.877700433760454
Formosa,Construcción,2006,269.2431052889234,9.844909016099756
Formosa,Transporte y comunicaciones,2006,238.15594470866571,8.708202963207153
Formosa,Industria manufacturera,2006,212.16808132530886,7.757953372758293
Formosa,Servicios financieros e inmobiliarios,2006,185.16649598031103,6.770636907489117
Formosa,Resto / no clasificado,2006,116.37591524745592,4.255300413531794
Formosa,Otros servicios,2006,88.66580784407071,3.2420767474329506
Formosa,Minería y energía,2006,81.85299566618306,2.992965387782325
Formosa,Hotelería y gastronomía,2006,24.362711816833567,0.8908257129362865
Formosa,"Administración pública, salud y educación",2007,708.5378244617568,23.925404822337313
Formosa,Comercio,2007,540.8062878184461,18.261564760287783
Formosa,"Agro, pesca y silvicultura",2007,370.9289814244274,12.525267860834816
Formosa,Construcción,2007,368.14478877840014,12.431253210014756
Formosa,Transporte y comunicaciones,2007,250.3152121328946,8.4524672878518885
Formosa,Industria manufacturera,2007,224.10713715038452,7.567491522377327
Formosa,Servicios financieros e inmobiliarios,2007,192.0128604478854,6.483754654595124
Formosa,Resto / no clasificado,2007,132.37016018820756,4.469782077345459
Formosa,Minería y energía,2007,76.66926690074398,2.5889136538696316
Formosa,Otros servicios,2007,72.45076603325435,2.446466296066621
Formosa,Hotelería y gastronomía,2007,25.10221463795913,0.8476338544192848
Formosa,"Administración pública, salud y educación",2008,710.4499949105233,24.096392450712372
Formosa,Comercio,2008,564.7996434221317,19.15635718406352
Formosa,"Agro, pesca y silvicultura",2008,331.89875910841175,11.257038230238823
Formosa,Construcción,2008,323.01220364984704,10.9556321785834
Formosa,Transporte y comunicaciones,2008,281.1840957748368,9.536944712825985
Formosa,Industria manufacturera,2008,231.7746868841662,7.861121620537465
Formosa,Servicios financieros e inmobiliarios,2008,198.83525254202,6.74391204534028
Formosa,Resto / no clasificado,2008,117.22605169030986,3.975965890932207
Formosa,Otros servicios,2008,85.21868271126228,2.8903692553364495
Formosa,Minería y energía,2008,78.4440604532473,2.660593820324982
Formosa,Hotelería y gastronomía,2008,25.52320242174694,0.8656726111045215
Formosa,"Administración pública, salud y educación",2009,728.4549894181757,24.723720755763413
Formosa,Comercio,2009,549.9896975339435,18.666618937206668
Formosa,"Agro, pesca y silvicultura",2009,317.67507533876824,10.781873921976931
Formosa,Transporte y comunicaciones,2009,295.09373254775585,10.015464436744251
Formosa,Construcción,2009,288.259420417765,9.78350827320067
Formosa,Industria manufacturera,2009,225.3560163523064,7.648570330166591
Formosa,Servicios financieros e inmobiliarios,2009,201.67428654124421,6.844813772290882
Formosa,Resto / no clasificado,2009,120.10379790962388,4.07631604472348
Formosa,Otros servicios,2009,104.12090794331843,3.5338576716774743
Formosa,Minería y energía,2009,87.63784002648484,2.974423287544051
Formosa,Hotelería y gastronomía,2009,28.015149322272723,0.9508325687055873
Formosa,"Administración pública, salud y educación",2010,762.7978107129151,24.60396324007357
Formosa,Comercio,2010,573.291375866177,18.49145309486374
Formosa,Construcción,2010,360.1150224900169,11.61547221440213
Formosa,"Agro, pesca y silvicultura",2010,318.7214250986717,10.280326079623356
Formosa,Transporte y comunicaciones,2010,316.0585968238387,10.194436833392576
Formosa,Industria manufacturera,2010,232.56531538072244,7.501369812789015
Formosa,Servicios financieros e inmobiliarios,2010,206.34734214918285,6.655711840835543
Formosa,Otros servicios,2010,112.21625850961829,3.619523628061843
Formosa,Resto / no clasificado,2010,100.98509045460992,3.257263482466703
Formosa,Minería y energía,2010,85.80551156999809,2.7676477604082823
Formosa,Hotelería y gastronomía,2010,31.4008777635266,1.0128320130832427
Formosa,"Administración pública, salud y educación",2011,807.7997960870381,23.952130722432297
Formosa,Comercio,2011,652.4171225334546,19.344867726100162
Formosa,Construcción,2011,448.1526623978575,13.288207307498467
Formosa,"Agro, pesca y silvicultura",2011,333.380324734935,9.885084345178162
Formosa,Transporte y comunicaciones,2011,324.23143693160335,9.61381000506103
Formosa,Industria manufacturera,2011,254.51187592757762,7.546550212265678
Formosa,Servicios financieros e inmobiliarios,2011,213.5430327173662,6.331780051551147
Formosa,Otros servicios,2011,117.46658807533262,3.483010377976524
Formosa,Resto / no clasificado,2011,103.85676122421744,3.07946440850904
Formosa,Minería y energía,2011,81.56988723462933,2.4186346809220907
Formosa,Hotelería y gastronomía,2011,35.629744749459306,1.0564601625054046
Formosa,"Administración pública, salud y educación",2012,849.4004245081404,25.164152225496203
Formosa,Comercio,2012,624.1631345796637,18.491321264880067
Formosa,Construcción,2012,387.05021152458033,11.466665380294616
Formosa,"Agro, pesca y silvicultura",2012,371.50693140494786,11.006183544250735
Formosa,Transporte y comunicaciones,2012,325.6215281860185,9.64679256890711
Formosa,Industria manufacturera,2012,237.29662963938864,7.030098335894512
Formosa,Servicios financieros e inmobiliarios,2012,221.5188226027954,6.562668456420121
Formosa,Otros servicios,2012,122.1742736238183,3.619508456555669
Formosa,Minería y energía,2012,104.67316917552435,3.1010245427923824
Formosa,Resto / no clasificado,2012,91.67194978211184,2.7158532449061634
Formosa,Hotelería y gastronomía,2012,40.36119484459304,1.1957319796024166
Formosa,"Administración pública, salud y educación",2013,869.1248931007598,25.11847550682078
Formosa,Comercio,2013,633.8144622092587,18.317796638033187
Formosa,"Agro, pesca y silvicultura",2013,409.867866668971,11.845542627627717
Formosa,Construcción,2013,390.4578110744631,11.284574911817334
Formosa,Transporte y comunicaciones,2013,334.78849477923666,9.67568260077753
Formosa,Industria manufacturera,2013,240.12816796738002,6.939915716908499
Formosa,Servicios financieros e inmobiliarios,2013,228.91868567836292,6.61595179807943
Formosa,Otros servicios,2013,123.6219638118143,3.572783721605071
Formosa,Minería y energía,2013,103.56054105298958,2.992990920593795
Formosa,Resto / no clasificado,2013,85.83377636583207,2.4806717957543682
Formosa,Hotelería y gastronomía,2013,39.98541579786117,1.1556137619822853
Formosa,"Administración pública, salud y educación",2014,880.3934605468146,25.75512072502078
Formosa,Comercio,2014,580.1077622398828,16.970532062709893
Formosa,"Agro, pesca y silvicultura",2014,403.59703551260446,11.806869132616523
Formosa,Construcción,2014,391.3885715531383,11.44972147394602
Formosa,Transporte y comunicaciones,2014,340.87508988053196,9.97199489257062
Formosa,Servicios financieros e inmobiliarios,2014,234.03362126207253,6.84644359531559
Formosa,Industria manufacturera,2014,227.3607464026609,6.651234628769703
Formosa,Otros servicios,2014,121.72680582980061,3.561008480992654
Formosa,Minería y energía,2014,110.51079322898416,3.232894096308373
Formosa,Resto / no clasificado,2014,86.33804370789977,2.5257419988989547
Formosa,Hotelería y gastronomía,2014,41.992021590661444,1.2284389128508932
Formosa,"Administración pública, salud y educación",2015,898.1467912203624,24.799700907287484
Formosa,Comercio,2015,607.7387561534205,16.7809310568186
Formosa,"Agro, pesca y silvicultura",2015,454.98748957499095,12.563150888381799
Formosa,Construcción,2015,448.0418713244141,12.37136792270816
Formosa,Transporte y comunicaciones,2015,354.4972396844224,9.788406085253923
Formosa,Servicios financieros e inmobiliarios,2015,240.4444340113263,6.639170909023368
Formosa,Industria manufacturera,2015,231.72385224932265,6.398377509158986
Formosa,Otros servicios,2015,120.56802220352358,3.3291338552441205
Formosa,Minería y energía,2015,112.55843974580911,3.107972624936012
Formosa,Resto / no clasificado,2015,107.91123083309886,2.979653521404729
Formosa,Hotelería y gastronomía,2015,44.98519224110937,1.2421347197828179
Formosa,"Administración pública, salud y educación",2016,923.7051376157996,25.603611242137177
Formosa,Comercio,2016,605.0755431699689,16.771714639842756
Formosa,"Agro, pesca y silvicultura",2016,502.2411499881904,13.92131171565499
Formosa,Construcción,2016,363.9230566843789,10.08735806043839
Formosa,Transporte y comunicaciones,2016,362.8758056511902,10.058329956950844
Formosa,Servicios financieros e inmobiliarios,2016,244.0973538968024,6.765983537278538
Formosa,Industria manufacturera,2016,225.6176508903748,6.253756082456777
Formosa,Otros servicios,2016,127.70528518669782,3.53978379283028
Formosa,Resto / no clasificado,2016,107.54886638849736,2.9810804903079067
Formosa,Minería y energía,2016,102.65198776067302,2.8453469411686645
Formosa,Hotelería y gastronomía,2016,42.27243744603372,1.1717235409336721
Formosa,"Administración pública, salud y educación",2017,952.1675887572068,25.733678417788987
Formosa,Comercio,2017,628.1023704912647,16.975356656247897
Formosa,"Agro, pesca y silvicultura",2017,543.6721330657782,14.693509842410318
Formosa,Transporte y comunicaciones,2017,387.8695630760433,10.482724598171922
Formosa,Construcción,2017,326.5483834460889,8.825432819466885
Formosa,Servicios financieros e inmobiliarios,2017,248.67503146036753,6.720795126504165
Formosa,Industria manufacturera,2017,231.49421212971072,6.256459136884597
Formosa,Otros servicios,2017,129.40984488054815,3.4974844466178823
Formosa,Resto / no clasificado,2017,116.84285389250986,3.157843706286096
Formosa,Minería y energía,2017,97.78327736007965,2.642731640872302
Formosa,Hotelería y gastronomía,2017,37.51824018731835,1.0139836087489489
Formosa,"Administración pública, salud y educación",2018,956.8922465994276,25.99627053304937
Formosa,Comercio,2018,618.182847400463,16.79441817720213
Formosa,"Agro, pesca y silvicultura",2018,588.5605045152091,15.989656259437135
Formosa,Transporte y comunicaciones,2018,380.72390639593675,10.343277107993297
Formosa,Construcción,2018,286.09519393615466,7.77246140952685
Formosa,Servicios financieros e inmobiliarios,2018,254.43315445484535,6.912286246744108
Formosa,Industria manufacturera,2018,219.28123802403067,5.957300215100419
Formosa,Otros servicios,2018,130.96820690703146,3.5580651322894847
Formosa,Resto / no clasificado,2018,120.43729111972104,3.271967573509405
Formosa,Minería y energía,2018,90.95091782351464,2.4708995954055446
Formosa,Hotelería y gastronomía,2018,34.35727707888844,0.9333977497422584
Formosa,"Administración pública, salud y educación",2019,900.6350554382642,25.959836860614704
Formosa,"Agro, pesca y silvicultura",2019,573.9656454646082,16.54394244359945
Formosa,Comercio,2019,551.2585373761694,15.889434473925357
Formosa,Transporte y comunicaciones,2019,386.48125700526754,11.139906581428619
Formosa,Servicios financieros e inmobiliarios,2019,250.83569652983837,7.230069184420743
Formosa,Construcción,2019,229.228675884558,6.6072700521768155
Formosa,Industria manufacturera,2019,210.26800519257458,6.060749111247853
Formosa,Otros servicios,2019,138.49314726689568,3.9919160237574642
Formosa,Resto / no clasificado,2019,110.93962097597267,3.197715261608638
Formosa,Minería y energía,2019,85.09083177817271,2.452651712763349
Formosa,Hotelería y gastronomía,2019,32.14372469375128,0.9265082944570042
Formosa,"Administración pública, salud y educación",2020,876.0221639778433,27.00562511930085
Formosa,"Agro, pesca y silvicultura",2020,576.253648985347,17.764493477497293
Formosa,Comercio,2020,525.539485916941,16.201099613299235
Formosa,Transporte y comunicaciones,2020,342.07758021181496,10.545416854488959
Formosa,Servicios financieros e inmobiliarios,2020,254.0964702690007,7.833173979369502
Formosa,Industria manufacturera,2020,199.13451889321098,6.138831169662511
Formosa,Construcción,2020,183.20700750134216,5.647824869343514
Formosa,Resto / no clasificado,2020,98.8828004129415,3.0483153834519716
Formosa,Otros servicios,2020,89.78493435933166,2.767850379103503
Formosa,Minería y energía,2020,82.80015493198844,2.5525266778180105
Formosa,Hotelería y gastronomía,2020,16.051951225750713,0.4948424766646538
Formosa,"Administración pública, salud y educación",2021,939.1151595977452,26.075581589330586
Formosa,"Agro, pesca y silvicultura",2021,604.3193443840468,16.779601744738798
Formosa,Comercio,2021,584.455276388868,16.22805370463884
Formosa,Transporte y comunicaciones,2021,364.1937210637118,10.112245543971861
Formosa,Construcción,2021,304.91544437095865,8.466317965676904
Formosa,Servicios financieros e inmobiliarios,2021,259.53338416886976,7.206234363152208
Formosa,Industria manufacturera,2021,224.54533670691745,6.2347521365887575
Formosa,Otros servicios,2021,117.06396077296235,3.2504116551723734
Formosa,Resto / no clasificado,2021,109.54918559976872,3.0417555269526786
Formosa,Minería y energía,2021,77.4204546324413,2.149665417301967
Formosa,Hotelería y gastronomía,2021,16.400577334284428,0.4553803524750239
Formosa,"Administración pública, salud y educación",2022,1025.9643767212292,28.453144628288786
Formosa,Comercio,2022,636.5830673865182,17.654404475672983
Formosa,Transporte y comunicaciones,2022,405.01021998992576,11.232177867750295
Formosa,Construcción,2022,398.6915451658545,11.05694159960326
Formosa,"Agro, pesca y silvicultura",2022,293.9717515755604,8.152739952766945
Formosa,Servicios financieros e inmobiliarios,2022,261.1911401000937,7.243632872172246
Formosa,Industria manufacturera,2022,236.00541493639938,6.545155325670023
Formosa,Otros servicios,2022,123.23150670711006,3.4175883321649345
Formosa,Resto / no clasificado,2022,122.6327677094472,3.4009834600254734
Formosa,Minería y energía,2022,81.68245643145643,2.2653055010209466
Formosa,Hotelería y gastronomía,2022,20.838873193038857,0.5779259848641057
Formosa,"Administración pública, salud y educación",2023,983.7047413335133,27.965575466843127
Formosa,Comercio,2023,635.5874067332279,18.069006727240065
Formosa,Transporte y comunicaciones,2023,417.1661563862465,11.859545998342547
Formosa,Construcción,2023,340.8705576043213,9.690551343877905
Formosa,"Agro, pesca y silvicultura",2023,311.3532855592895,8.85140981668381
Formosa,Servicios financieros e inmobiliarios,2023,263.40144616056136,7.488195096725047
Formosa,Industria manufacturera,2023,221.71824188231565,6.303190342795633
Formosa,Resto / no clasificado,2023,118.8531043289224,3.3788547710701393
Formosa,Otros servicios,2023,114.84037082960144,3.2647774501135824
Formosa,Minería y energía,2023,86.84747528983418,2.468972164381605
Formosa,Hotelería y gastronomía,2023,23.213083607148377,0.6599208219265406
Formosa,"Administración pública, salud y educación",2024,930.2398023520396,30.364831568463565
Formosa,Comercio,2024,547.0401438968782,17.856451410289797
Formosa,Transporte y comunicaciones,2024,378.33177313257823,12.349482938831937
Formosa,"Agro, pesca y silvicultura",2024,292.3060419710812,9.54143620650749
Formosa,Servicios financieros e inmobiliarios,2024,265.0355381302643,8.651274063563436
Formosa,Industria manufacturera,2024,196.8451143811687,6.425406360968776
Formosa,Construcción,2024,139.07087840661262,4.539543231990163
Formosa,Resto / no clasificado,2024,103.07307167350642,3.364504993977624
Formosa,Otros servicios,2024,99.59828912914433,3.251081351568629
Formosa,Minería y energía,2024,86.01516641524135,2.807701878513843
Formosa,Hotelería y gastronomía,2024,25.987609871956238,0.848285995324743
Jujuy,"Administración pública, salud y educación",2004,752.3080431640637,20.584185837670923
Jujuy,Industria manufacturera,2004,658.1193181251314,18.00705239129641
Jujuy,Comercio,2004,529.5461782766628,14.48911392390644
Jujuy,"Agro, pesca y silvicultura",2004,438.07491208999585,11.986333900347924
Jujuy,Transporte y comunicaciones,2004,350.24024284947285,9.583056185765532
Jujuy,Servicios financieros e inmobiliarios,2004,295.4233454741468,8.083190256016097
Jujuy,Resto / no clasificado,2004,193.9356076669167,5.3063457516256705
Jujuy,Construcción,2004,171.4001063843545,4.689743349776606
Jujuy,Otros servicios,2004,101.35842369642764,2.773306291935597
Jujuy,Minería y energía,2004,97.05626023899032,2.65559316509001
Jujuy,Hotelería y gastronomía,2004,67.3240524825973,1.8420789465687992
Jujuy,"Administración pública, salud y educación",2005,781.3278984969535,20.265740878863948
Jujuy,Industria manufacturera,2005,679.1476923404783,17.615435437448696
Jujuy,Comercio,2005,558.4883186546463,14.485825440894061
Jujuy,"Agro, pesca y silvicultura",2005,453.86492493505966,11.772149670366368
Jujuy,Transporte y comunicaciones,2005,386.94106573187173,10.036307917071198
Jujuy,Servicios financieros e inmobiliarios,2005,310.94676158764526,8.065200934946107
Jujuy,Resto / no clasificado,2005,215.23028485077768,5.582548876676192
Jujuy,Construcción,2005,195.3260664233911,5.066281975389679
Jujuy,Otros servicios,2005,107.45708308381859,2.7871747643524256
Jujuy,Minería y energía,2005,98.24900581344623,2.5483396884349996
Jujuy,Hotelería y gastronomía,2005,68.43335582154145,1.7749944155563293
Jujuy,"Administración pública, salud y educación",2006,831.6922994350448,20.302260899358426
Jujuy,Industria manufacturera,2006,718.064320132702,17.528512864381902
Jujuy,Comercio,2006,605.4969528131072,14.780655199198824
Jujuy,Transporte y comunicaciones,2006,470.0313845545818,11.473834501769455
Jujuy,"Agro, pesca y silvicultura",2006,441.5574092726356,10.778762447587109
Jujuy,Servicios financieros e inmobiliarios,2006,330.6605960272547,8.071684316715238
Jujuy,Resto / no clasificado,2006,224.4089927871604,5.477999402930624
Jujuy,Construcción,2006,184.3103757018799,4.499160731078263
Jujuy,Otros servicios,2006,114.69743755147242,2.799854349065941
Jujuy,Minería y energía,2006,102.76290154049656,2.5085229708961427
Jujuy,Hotelería y gastronomía,2006,72.86748072048131,1.778752317018081
Jujuy,"Administración pública, salud y educación",2007,929.1973882368997,20.971622376121562
Jujuy,Industria manufacturera,2007,766.3409791799731,17.296016788428823
Jujuy,Comercio,2007,663.755269942892,14.980697371325414
Jujuy,Transporte y comunicaciones,2007,525.6197822141648,11.863033329151346
Jujuy,"Agro, pesca y silvicultura",2007,455.371815630088,10.27756414193483
Jujuy,Servicios financieros e inmobiliarios,2007,348.5093803541068,7.865720687388608
Jujuy,Resto / no clasificado,2007,243.14790653743535,5.487753347136557
Jujuy,Construcción,2007,171.3092054223635,3.8663819024373964
Jujuy,Minería y energía,2007,123.28751966552402,2.782551198319603
Jujuy,Otros servicios,2007,114.9631531006104,2.594673494045135
Jujuy,Hotelería y gastronomía,2007,89.23439047033989,2.013985363710726
Jujuy,"Administración pública, salud y educación",2008,929.1141472166199,20.025733489224226
Jujuy,Industria manufacturera,2008,784.5208337603921,16.909230346663445
Jujuy,Comercio,2008,691.6382117250153,14.907277583127343
Jujuy,Transporte y comunicaciones,2008,561.6650559536695,12.105891137739851
Jujuy,"Agro, pesca y silvicultura",2008,471.6820960870624,10.166436466579722
Jujuy,Servicios financieros e inmobiliarios,2008,386.52059234697964,8.330901422204969
Jujuy,Resto / no clasificado,2008,279.09760111603526,6.01555168885879
Jujuy,Construcción,2008,164.7394426925592,3.5507242941112604
Jujuy,Minería y energía,2008,147.25433967486498,3.173857776565556
Jujuy,Otros servicios,2008,121.76436430139839,2.6244576248133513
Jujuy,Hotelería y gastronomía,2008,101.60439498883402,2.1899381701114873
Jujuy,"Administración pública, salud y educación",2009,936.2932223205398,20.433158856137588
Jujuy,Industria manufacturera,2009,764.0229484931284,16.67362521070366
Jujuy,Comercio,2009,671.2517438312917,14.649036420631655
Jujuy,Transporte y comunicaciones,2009,584.9627413236615,12.76591171808794
Jujuy,"Agro, pesca y silvicultura",2009,407.0520190114389,8.883283963711982
Jujuy,Servicios financieros e inmobiliarios,2009,385.9997710023423,8.423851045055855
Jujuy,Resto / no clasificado,2009,283.14187024383267,6.179135633575559
Jujuy,Construcción,2009,183.58947161883788,4.0065577198184785
Jujuy,Minería y energía,2009,136.75852778265562,2.9845444316992427
Jujuy,Otros servicios,2009,117.6541369286668,2.567620498188534
Jujuy,Hotelería y gastronomía,2009,111.4981017214744,2.4332745023895015
Jujuy,"Administración pública, salud y educación",2010,1013.2442032202786,20.021017954667677
Jujuy,Industria manufacturera,2010,842.5394712866636,16.648008277308943
Jujuy,Comercio,2010,743.8528450159479,14.69802750251438
Jujuy,Transporte y comunicaciones,2010,657.3576326243463,12.988940793919046
Jujuy,"Agro, pesca y silvicultura",2010,465.1136769132435,9.190330669394529
Jujuy,Servicios financieros e inmobiliarios,2010,389.9182523862289,7.704520101932615
Jujuy,Resto / no clasificado,2010,297.2018727704177,5.872507350139563
Jujuy,Minería y energía,2010,225.8930320997738,4.4634930425757195
Jujuy,Construcción,2010,182.31120265440103,3.602345663641858
Jujuy,Otros servicios,2010,127.9533161485193,2.5282707089041696
Jujuy,Hotelería y gastronomía,2010,115.51701998905916,2.2825379350015034
Jujuy,"Administración pública, salud y educación",2011,1037.9349208866793,19.51836438187314
Jujuy,Industria manufacturera,2011,892.0829076214951,16.775617526118715
Jujuy,Comercio,2011,808.8854769520789,15.211089987095304
Jujuy,Transporte y comunicaciones,2011,722.7534359506228,13.591377105882394
Jujuy,"Agro, pesca y silvicultura",2011,423.17729800556424,7.957848352913168
Jujuy,Servicios financieros e inmobiliarios,2011,403.11235485376403,7.580527131844854
Jujuy,Resto / no clasificado,2011,323.9485135268349,6.091851233390823
Jujuy,Minería y energía,2011,249.9353679902205,4.700034160314457
Jujuy,Construcción,2011,205.41656088437296,3.8628580701257302
Jujuy,Otros servicios,2011,139.06352926324564,2.615089425905972
Jujuy,Hotelería y gastronomía,2011,111.42477098375436,2.095342624535444
Jujuy,"Administración pública, salud y educación",2012,1133.336144275714,20.80935595204437
Jujuy,Industria manufacturera,2012,848.3476800494259,15.576639759002386
Jujuy,Comercio,2012,784.342355482043,14.401428336975439
Jujuy,Transporte y comunicaciones,2012,749.6775243378777,13.76494214182506
Jujuy,Servicios financieros e inmobiliarios,2012,428.0202983528704,7.858945281249486
Jujuy,"Agro, pesca y silvicultura",2012,402.7159175048811,7.394327726368256
Jujuy,Minería y energía,2012,336.29669963344145,6.174794445157619
Jujuy,Resto / no clasificado,2012,313.1360875741185,5.7495389524744045
Jujuy,Construcción,2012,195.83984043647524,3.595844860166006
Jujuy,Otros servicios,2012,136.608787009475,2.50829455092858
Jujuy,Hotelería y gastronomía,2012,117.96036136306839,2.1658879938083984
Jujuy,"Administración pública, salud y educación",2013,1203.5426597408862,22.011683585319393
Jujuy,Industria manufacturera,2013,840.3226747096114,15.3687255500021
Jujuy,Transporte y comunicaciones,2013,795.2309276166758,14.544039145007837
Jujuy,Comercio,2013,777.8989540365324,14.227053357036377
Jujuy,Servicios financieros e inmobiliarios,2013,429.5954346195408,7.856903700097286
Jujuy,"Agro, pesca y silvicultura",2013,370.52551150922625,6.77656936679387
Jujuy,Resto / no clasificado,2013,318.89264030183875,5.832251843505375
Jujuy,Minería y energía,2013,277.0706021572252,5.067365395084358
Jujuy,Construcción,2013,199.68511376314743,3.6520562900522413
Jujuy,Otros servicios,2013,138.1405682236585,2.526463398223075
Jujuy,Hotelería y gastronomía,2013,116.83960025502873,2.1368883688780858
Jujuy,"Administración pública, salud y educación",2014,1257.1886427657507,22.801673667612583
Jujuy,Transporte y comunicaciones,2014,828.7444588498815,15.030966763241892
Jujuy,Industria manufacturera,2014,822.4545286007105,14.916886081906654
Jujuy,Comercio,2014,740.9186709272752,13.438067426029733
Jujuy,Servicios financieros e inmobiliarios,2014,434.0425895636808,7.872245380219065
Jujuy,"Agro, pesca y silvicultura",2014,387.431353132038,7.026855781391543
Jujuy,Resto / no clasificado,2014,314.3682733351507,5.701708189368811
Jujuy,Minería y energía,2014,267.7257973072977,4.855751996910022
Jujuy,Construcción,2014,207.03932449406315,3.755079351568881
Jujuy,Otros servicios,2014,137.3782473113175,2.4916339980052626
Jujuy,Hotelería y gastronomía,2014,116.28865649315227,2.109131363745558
Jujuy,"Administración pública, salud y educación",2015,1290.8813547411205,22.365530473537923
Jujuy,Transporte y comunicaciones,2015,920.5731824252773,15.949651367288796
Jujuy,Industria manufacturera,2015,852.7782051475351,14.77505028974652
Jujuy,Comercio,2015,780.3824220371542,13.520736647858351
Jujuy,Servicios financieros e inmobiliarios,2015,436.7043931291256,7.566245632555511
Jujuy,"Agro, pesca y silvicultura",2015,416.395867580814,7.214384522039683
Jujuy,Resto / no clasificado,2015,334.41528403787794,5.794006705957845
Jujuy,Minería y energía,2015,271.94341335245986,4.711632619120218
Jujuy,Construcción,2015,212.2479850692186,3.677362571376379
Jujuy,Otros servicios,2015,137.62632562329304,2.3844838786955043
Jujuy,Hotelería y gastronomía,2015,117.79642338185619,2.0409152918232603
Jujuy,"Administración pública, salud y educación",2016,1313.1688066001107,23.610488553826002
Jujuy,Transporte y comunicaciones,2016,991.135049768439,17.820391887346805
Jujuy,Industria manufacturera,2016,665.6411388447107,11.968082405444052
Jujuy,Comercio,2016,644.6872140290997,11.59133541028993
Jujuy,Servicios financieros e inmobiliarios,2016,430.02098446959343,7.731683452039342
Jujuy,Minería y energía,2016,393.529861894571,7.075581032043161
Jujuy,"Agro, pesca y silvicultura",2016,371.8992292009879,6.686666976929315
Jujuy,Resto / no clasificado,2016,310.58907999017873,5.584323874580563
Jujuy,Construcción,2016,184.6042342785668,3.3191438438951635
Jujuy,Otros servicios,2016,135.97732648579083,2.4448426542241894
Jujuy,Hotelería y gastronomía,2016,120.54984529724324,2.1674599093814764
Jujuy,"Administración pública, salud y educación",2017,1351.0759410775365,23.579778267954143
Jujuy,Transporte y comunicaciones,2017,1002.4750665902294,17.49578914897842
Jujuy,Industria manufacturera,2017,657.3916606645028,11.47318897656363
Jujuy,Comercio,2017,649.2090935055912,11.3303819637203
Jujuy,Servicios financieros e inmobiliarios,2017,440.90125721230834,7.694870115766361
Jujuy,Minería y energía,2017,407.33168287911303,7.108994003802553
Jujuy,"Agro, pesca y silvicultura",2017,390.5992944372806,6.816970441428242
Jujuy,Resto / no clasificado,2017,340.6464455344088,5.945163709348527
Jujuy,Construcción,2017,222.77927067901464,3.888075899803352
Jujuy,Otros servicios,2017,139.24892522727987,2.4302547925555515
Jujuy,Hotelería y gastronomía,2017,128.14902079019728,2.2365326800789243
Jujuy,"Administración pública, salud y educación",2018,1314.1148584596995,23.186027083125058
Jujuy,Transporte y comunicaciones,2018,1001.2009966089411,17.665026214098333
Jujuy,Comercio,2018,634.2819135725854,11.191166077878545
Jujuy,Industria manufacturera,2018,629.2923841310145,11.10313163856027
Jujuy,Servicios financieros e inmobiliarios,2018,467.86406506015953,8.25491684678225
Jujuy,Minería y energía,2018,358.69155492794096,6.3286949793685245
Jujuy,"Agro, pesca y silvicultura",2018,357.9842559837254,6.3162155127748125
Jujuy,Resto / no clasificado,2018,344.25953319524217,6.074058754380688
Jujuy,Construcción,2018,260.00866632379064,4.587550274179871
Jujuy,Otros servicios,2018,161.35945300993268,2.8469997302912926
Jujuy,Hotelería y gastronomía,2018,138.64405024146626,2.4462128885603587
Jujuy,"Administración pública, salud y educación",2019,1366.5953558900405,23.78960752406347
Jujuy,Transporte y comunicaciones,2019,987.5009061841486,17.19035476487318
Jujuy,Industria manufacturera,2019,691.8062747278246,12.042920889146949
Jujuy,Comercio,2019,643.411390892128,11.20046574127763
Jujuy,Servicios financieros e inmobiliarios,2019,436.192751921957,7.593216476508708
Jujuy,"Agro, pesca y silvicultura",2019,367.55110204187525,6.398306876228526
Jujuy,Resto / no clasificado,2019,343.1690931992247,5.97386637266986
Jujuy,Minería y energía,2019,335.34360099086297,5.837640687782841
Jujuy,Construcción,2019,266.3246387409002,4.636162857078957
Jujuy,Otros servicios,2019,162.7962039589806,2.8339462606099732
Jujuy,Hotelería y gastronomía,2019,143.81436321966575,2.5035115497599
Jujuy,"Administración pública, salud y educación",2020,1241.363921498237,23.696206998385964
Jujuy,Transporte y comunicaciones,2020,890.6364657057959,17.001223965171757
Jujuy,Industria manufacturera,2020,716.8086538017054,13.683051315217167
Jujuy,Comercio,2020,668.1867307870657,12.754914825617954
Jujuy,Servicios financieros e inmobiliarios,2020,437.9976934966677,8.360871320785673
Jujuy,"Agro, pesca y silvicultura",2020,360.97864383272764,6.89066640178579
Jujuy,Resto / no clasificado,2020,323.48353055381614,6.174927890058568
Jujuy,Minería y energía,2020,227.85485036799412,4.3494865658651385
Jujuy,Construcción,2020,187.1886958106931,3.5732165297139957
Jujuy,Otros servicios,2020,107.26391898568728,2.0475446271027766
Jujuy,Hotelería y gastronomía,2020,76.89775587369374,1.46788956029522
Jujuy,"Administración pública, salud y educación",2021,1300.1775480317872,21.639951044882768
Jujuy,Transporte y comunicaciones,2021,920.4543506180255,15.319897745178148
Jujuy,Industria manufacturera,2021,798.2439480524769,13.285846985958893
Jujuy,Comercio,2021,745.0019494834281,12.399695518176614
Jujuy,"Agro, pesca y silvicultura",2021,479.7563246868096,7.984988969707714
Jujuy,Servicios financieros e inmobiliarios,2021,440.8425591599397,7.337314363844635
Jujuy,Resto / no clasificado,2021,392.9795254508447,6.5406895429558904
Jujuy,Minería y energía,2021,372.9537272181681,6.207383300246318
Jujuy,Construcción,2021,307.60271763069176,5.119691353598368
Jujuy,Otros servicios,2021,136.82240335581983,2.277250606999989
Jujuy,Hotelería y gastronomía,2021,113.39271602890051,1.8872905684506627
Jujuy,"Administración pública, salud y educación",2022,1268.9005542347966,19.43526755328527
Jujuy,Transporte y comunicaciones,2022,979.4775995359796,15.002286149138905
Jujuy,Industria manufacturera,2022,859.9071522729358,13.170871050242798
Jujuy,Comercio,2022,810.1447963857668,12.408679956920942
Jujuy,Minería y energía,2022,598.99251296821,9.174540678620987
Jujuy,Resto / no clasificado,2022,533.8940857862798,8.177452809633612
Jujuy,Servicios financieros e inmobiliarios,2022,447.09261995104896,6.8479477456671125
Jujuy,"Agro, pesca y silvicultura",2022,380.6593505102173,5.830414605096712
Jujuy,Construcción,2022,376.96332241992,5.773803947484773
Jujuy,Otros servicios,2022,147.81376606326455,2.2640072793022705
Jujuy,Hotelería y gastronomía,2022,125.00984093741737,1.9147282246066137
Jujuy,"Administración pública, salud y educación",2023,1403.290654442219,20.905945933484432
Jujuy,Transporte y comunicaciones,2023,1010.8665475550067,15.059689396672459
Jujuy,Industria manufacturera,2023,827.8258738980867,12.332785732783133
Jujuy,Comercio,2023,812.9607528293584,12.111328106471882
Jujuy,Minería y energía,2023,722.519681283089,10.763954954710785
Jujuy,Resto / no clasificado,2023,509.8674616585073,7.59590435020217
Jujuy,Servicios financieros e inmobiliarios,2023,449.8450697603801,6.701702656598339
Jujuy,"Agro, pesca y silvicultura",2023,351.0524484238905,5.2299097719597745
Jujuy,Construcción,2023,350.7924625719885,5.226036554286637
Jujuy,Otros servicios,2023,148.35927736601846,2.2102270983751584
Jujuy,Hotelería y gastronomía,2023,125.01948131283164,1.8625154444552343
Jujuy,"Administración pública, salud y educación",2024,1249.8087245311729,20.577997480272277
Jujuy,Transporte y comunicaciones,2024,992.3714599905901,16.33931417052701
Jujuy,Industria manufacturera,2024,734.3661085879788,12.091277357492846
Jujuy,Comercio,2024,723.4306060155977,11.911225210341783
Jujuy,Minería y energía,2024,563.7158502943978,9.281534941516028
Jujuy,Resto / no clasificado,2024,471.0250070692416,7.755387859251839
Jujuy,Servicios financieros e inmobiliarios,2024,445.2057712295975,7.330276272476786
Jujuy,"Agro, pesca y silvicultura",2024,380.3092108448256,6.261759762818779
Jujuy,Construcción,2024,238.373126336453,3.924793847919572
Jujuy,Otros servicios,2024,144.34252958990066,2.376587834519487
Jujuy,Hotelería y gastronomía,2024,130.57127490149628,2.1498452628635913
La Pampa,Comercio,2004,867.5315177472264,22.673874888707314
La Pampa,"Agro, pesca y silvicultura",2004,786.6321786120766,20.55948312701923
La Pampa,"Administración pública, salud y educación",2004,517.8242314441768,13.5338965765706
La Pampa,Minería y energía,2004,453.5599948941267,11.854281220188021
La Pampa,Servicios financieros e inmobiliarios,2004,320.2815267574407,8.370904247629095
La Pampa,Industria manufacturera,2004,220.48336016635398,5.762571181777316
La Pampa,Transporte y comunicaciones,2004,200.77114709615543,5.247371164498576
La Pampa,Resto / no clasificado,2004,161.17298781325303,4.212430426281801
La Pampa,Construcción,2004,157.87022041235122,4.126109026652412
La Pampa,Otros servicios,2004,105.03110872874008,2.7451016706825353
La Pampa,Hotelería y gastronomía,2004,34.96991132262386,0.9139764699930956
La Pampa,"Agro, pesca y silvicultura",2005,1134.2263023912312,24.616207107446172
La Pampa,Comercio,2005,994.6135792221938,21.586180647014
La Pampa,"Administración pública, salud y educación",2005,610.7184423841709,13.254472789399411
La Pampa,Minería y energía,2005,529.2726638049411,11.486848330941056
La Pampa,Servicios financieros e inmobiliarios,2005,350.2848641335002,7.602261333505598
La Pampa,Industria manufacturera,2005,239.99129952240645,5.208550992490524
La Pampa,Transporte y comunicaciones,2005,226.52846310208946,4.91636594187275
La Pampa,Resto / no clasificado,2005,193.10507677779992,4.190975428307407
La Pampa,Construcción,2005,173.9645248958847,3.7755664501496047
La Pampa,Otros servicios,2005,115.90401706928944,2.515474454037544
La Pampa,Hotelería y gastronomía,2005,39.03116166269512,0.8470965248359277
La Pampa,Comercio,2006,1063.500054484752,23.036534121335322
La Pampa,"Agro, pesca y silvicultura",2006,791.8976823166814,17.15333995740397
La Pampa,Minería y energía,2006,664.522944816623,14.394268649186843
La Pampa,"Administración pública, salud y educación",2006,631.4638639379839,13.678174050536617
La Pampa,Servicios financieros e inmobiliarios,2006,396.7579054281708,8.59419516507099
La Pampa,Industria manufacturera,2006,260.37634156509114,5.640026487594959
La Pampa,Transporte y comunicaciones,2006,250.25729592911009,5.420837274500312
La Pampa,Resto / no clasificado,2006,218.984151540264,4.743427945975046
La Pampa,Construcción,2006,171.20294346353273,3.708436527237865
La Pampa,Otros servicios,2006,122.83129412843948,2.6606555274023647
La Pampa,Hotelería y gastronomía,2006,44.785641964673026,0.9701042937557174
La Pampa,Comercio,2007,1224.0905944540427,23.671553575103584
La Pampa,"Agro, pesca y silvicultura",2007,852.2271857916434,16.4804317409401
La Pampa,Minería y energía,2007,726.9723536070941,14.058244621759124
La Pampa,"Administración pública, salud y educación",2007,664.8788070993336,12.857475071297701
La Pampa,Servicios financieros e inmobiliarios,2007,417.12659455831596,8.066424638359068
La Pampa,Industria manufacturera,2007,294.62114241285923,5.69740523175473
La Pampa,Construcción,2007,291.8447168031125,5.643714509951804
La Pampa,Transporte y comunicaciones,2007,267.61749258811483,5.175206673538644
La Pampa,Resto / no clasificado,2007,250.0101198971038,4.834714010772961
La Pampa,Otros servicios,2007,133.41090445550822,2.579909842155195
La Pampa,Hotelería y gastronomía,2007,48.34608249133117,0.9349200843670802
La Pampa,Comercio,2008,1324.9297052004567,23.744374608590057
La Pampa,"Agro, pesca y silvicultura",2008,947.1558125627772,16.974200471104616
La Pampa,Minería y energía,2008,880.1804230200238,15.773918876830313
La Pampa,"Administración pública, salud y educación",2008,702.5821328322046,12.591138450432785
La Pampa,Servicios financieros e inmobiliarios,2008,443.1698221934884,7.942149860541001
La Pampa,Industria manufacturera,2008,310.8381038302855,5.570602237236009
La Pampa,Transporte y comunicaciones,2008,272.01494143265165,4.874843278974842
La Pampa,Resto / no clasificado,2008,269.62848257890096,4.832074992635553
La Pampa,Construcción,2008,241.78415569303817,4.333070309061089
La Pampa,Otros servicios,2008,137.13643117606762,2.457654003490717
La Pampa,Hotelería y gastronomía,2008,50.55304432373106,0.9059729111030226
La Pampa,Comercio,2009,1208.8695949642752,23.399706365921347
La Pampa,Minería y energía,2009,950.3885731273554,18.39637098769474
La Pampa,"Administración pública, salud y educación",2009,724.7953882958577,14.029635067460045
La Pampa,"Agro, pesca y silvicultura",2009,618.0444180743159,11.963290303833897
La Pampa,Servicios financieros e inmobiliarios,2009,440.7053726989791,8.530594497535358
La Pampa,Industria manufacturera,2009,290.56696111892603,5.6244127556387795
La Pampa,Transporte y comunicaciones,2009,271.08587377526595,5.247323510091178
La Pampa,Resto / no clasificado,2009,244.3745262153414,4.730280404578399
La Pampa,Construcción,2009,231.49181280871323,4.480913796164093
La Pampa,Otros servicios,2009,137.03952537697893,2.652630745040203
La Pampa,Hotelería y gastronomía,2009,48.81216128891276,0.9448415660419565
La Pampa,Comercio,2010,1301.832547460947,23.59695361547834
La Pampa,Minería y energía,2010,986.7330871004435,17.88547607953042
La Pampa,"Administración pública, salud y educación",2010,822.4248767300654,14.907233427421295
La Pampa,"Agro, pesca y silvicultura",2010,709.7644150213318,12.865155362600818
La Pampa,Servicios financieros e inmobiliarios,2010,453.9435794753288,8.228159304985326
La Pampa,Industria manufacturera,2010,310.1397941988246,5.621578867648646
La Pampa,Transporte y comunicaciones,2010,291.6510032726908,5.286451940040974
La Pampa,Resto / no clasificado,2010,252.0848202681896,4.56927722588923
La Pampa,Construcción,2010,196.77468439991108,3.5667283857215004
La Pampa,Otros servicios,2010,139.587101886024,2.5301490387129593
La Pampa,Hotelería y gastronomía,2010,52.01584876839472,0.9428367519704888
La Pampa,Comercio,2011,1388.509341554764,23.53507270364928
La Pampa,Minería y energía,2011,1041.7092210313426,17.656850781848014
La Pampa,"Administración pública, salud y educación",2011,879.2898248172623,14.903860806209144
La Pampa,"Agro, pesca y silvicultura",2011,735.4305728621304,12.465463128548942
La Pampa,Servicios financieros e inmobiliarios,2011,502.0883857959774,8.510340052977005
La Pampa,Industria manufacturera,2011,317.3621127336467,5.37925109542774
La Pampa,Transporte y comunicaciones,2011,311.51303023869775,5.280109823814742
La Pampa,Resto / no clasificado,2011,281.554730849193,4.772320115017974
La Pampa,Construcción,2011,248.25497096562327,4.207893037418103
La Pampa,Otros servicios,2011,141.02864747255282,2.390419259151197
La Pampa,Hotelería y gastronomía,2011,53.004444128970334,0.8984191959378561
La Pampa,Comercio,2012,1323.597677074049,22.418478750413666
La Pampa,Minería y energía,2012,1042.0127148336758,17.64912428435209
La Pampa,"Agro, pesca y silvicultura",2012,924.7625084301616,15.663195095847067
La Pampa,"Administración pública, salud y educación",2012,836.5263734714614,14.168692687106752
La Pampa,Servicios financieros e inmobiliarios,2012,535.1604206307201,9.064297048702839
La Pampa,Transporte y comunicaciones,2012,305.77359947684073,5.179050296811264
La Pampa,Industria manufacturera,2012,289.0700927682668,4.896134108085883
La Pampa,Resto / no clasificado,2012,271.5715103976278,4.599751299447434
La Pampa,Construcción,2012,179.87071758103025,3.0465661354333045
La Pampa,Otros servicios,2012,141.079983491976,2.3895468138137503
La Pampa,Hotelería y gastronomía,2012,54.622093080270005,0.9251634799859527
La Pampa,Comercio,2013,1332.2423702955678,22.353445176027343
La Pampa,Minería y energía,2013,1042.9040148796937,17.49869110926114
La Pampa,"Agro, pesca y silvicultura",2013,866.4778185199511,14.538469008632713
La Pampa,"Administración pública, salud y educación",2013,847.5029556167253,14.220093338343988
La Pampa,Servicios financieros e inmobiliarios,2013,560.9708133417967,9.412424196210868
La Pampa,Transporte y comunicaciones,2013,329.41654621661417,5.527218522779526
La Pampa,Industria manufacturera,2013,291.55926805779785,4.892018343964486
La Pampa,Resto / no clasificado,2013,286.4234367777897,4.805845192959299
La Pampa,Construcción,2013,206.22533225406283,3.4602162198358015
La Pampa,Otros servicios,2013,138.48380418636577,2.3235938097066033
La Pampa,Hotelería y gastronomía,2013,57.690916557601284,0.9679850822782369
La Pampa,Comercio,2014,1226.2245604514087,21.585724898783905
La Pampa,Minería y energía,2014,980.3243656117418,17.25704471282155
La Pampa,"Agro, pesca y silvicultura",2014,851.9077715619976,14.996475677590231
La Pampa,"Administración pública, salud y educación",2014,840.9809849202791,14.804127050688633
La Pampa,Servicios financieros e inmobiliarios,2014,547.813616902491,9.643383774593342
La Pampa,Transporte y comunicaciones,2014,320.53475025010334,5.642502329958276
La Pampa,Industria manufacturera,2014,276.4124654284598,4.86579997642266
La Pampa,Resto / no clasificado,2014,263.61712907206964,4.640558516184112
La Pampa,Construcción,2014,175.08712622881603,3.082129213512552
La Pampa,Otros servicios,2014,137.69930334476558,2.423976306313829
La Pampa,Hotelería y gastronomía,2014,60.117782527396855,1.0582775431309177
La Pampa,Comercio,2015,1331.0498404069797,22.22402610468881
La Pampa,"Agro, pesca y silvicultura",2015,1057.867537758418,17.6628065011131
La Pampa,Minería y energía,2015,923.9099983661314,15.42616910257377
La Pampa,"Administración pública, salud y educación",2015,842.563519231885,14.06795829714574
La Pampa,Servicios financieros e inmobiliarios,2015,545.4738358276709,9.107566372685413
La Pampa,Transporte y comunicaciones,2015,321.656120275608,5.3705682512627195
La Pampa,Resto / no clasificado,2015,297.2761828884184,4.963505834458016
La Pampa,Industria manufacturera,2015,291.2433046175743,4.862777191466966
La Pampa,Construcción,2015,180.60564910643475,3.0155029049614135
La Pampa,Otros servicios,2015,137.2632638621013,2.2918318057522162
La Pampa,Hotelería y gastronomía,2015,60.32885481774956,1.0072876338918322
La Pampa,Comercio,2016,1377.6668252629684,22.22934574317936
La Pampa,"Agro, pesca y silvicultura",2016,1239.4227540511831,19.99870826279661
La Pampa,"Administración pública, salud y educación",2016,881.0906417050262,14.21683976588622
La Pampa,Minería y energía,2016,820.1711587284464,13.233873329626398
La Pampa,Servicios financieros e inmobiliarios,2016,534.3397694518942,8.621840391060902
La Pampa,Transporte y comunicaciones,2016,335.3920439440185,5.411718978512878
La Pampa,Resto / no clasificado,2016,306.23366285447906,4.941233863632485
La Pampa,Industria manufacturera,2016,286.16373280135065,4.6173954681573965
La Pampa,Construcción,2016,213.6097594593517,3.4467006899385364
La Pampa,Otros servicios,2016,140.27575393122623,2.2634197008606716
La Pampa,Hotelería y gastronomía,2016,63.14794603920211,1.0189238063485433
La Pampa,Comercio,2017,1383.09436880182,22.985558741860174
La Pampa,"Agro, pesca y silvicultura",2017,1055.800094466371,17.546275683301268
La Pampa,"Administración pública, salud y educación",2017,893.7602827168753,14.853346194538608
La Pampa,Minería y energía,2017,771.128988785004,12.815344396654607
La Pampa,Servicios financieros e inmobiliarios,2017,576.0477741050232,9.573301900780168
La Pampa,Transporte y comunicaciones,2017,348.4471403423237,5.7908212146869795
La Pampa,Resto / no clasificado,2017,298.36401460993824,4.958492883038146
La Pampa,Industria manufacturera,2017,287.9916329220811,4.786114921015371
La Pampa,Construcción,2017,197.18773531112572,3.2770506303881146
La Pampa,Otros servicios,2017,140.48203874055108,2.334662208511888
La Pampa,Hotelería y gastronomía,2017,64.92781089770436,1.0790312252246723
La Pampa,Comercio,2018,1393.9019825132264,23.55666556641592
La Pampa,"Agro, pesca y silvicultura",2018,976.5474566692486,16.503457298349346
La Pampa,"Administración pública, salud y educación",2018,928.6363553210008,15.693769238831415
La Pampa,Minería y energía,2018,724.1466243426822,12.237933559670306
La Pampa,Servicios financieros e inmobiliarios,2018,588.249122184279,9.94129287057048
La Pampa,Transporte y comunicaciones,2018,335.8623356937809,5.6760065037203145
La Pampa,Resto / no clasificado,2018,300.3246622960152,5.075426909357238
La Pampa,Industria manufacturera,2018,286.96425836869577,4.849638746992595
La Pampa,Construcción,2018,177.17450551294738,2.994213815334761
La Pampa,Otros servicios,2018,138.65542535083557,2.343249041133915
La Pampa,Hotelería y gastronomía,2018,66.76684986072691,1.1283464496237081
La Pampa,Comercio,2019,1359.0435222711562,22.435863212635468
La Pampa,"Agro, pesca y silvicultura",2019,1164.375674474974,19.22217569381745
La Pampa,"Administración pública, salud y educación",2019,1008.7403078731892,16.65285856827706
La Pampa,Minería y energía,2019,718.4202378109059,11.86008977680009
La Pampa,Servicios financieros e inmobiliarios,2019,530.542927699252,8.7585043151522
La Pampa,Transporte y comunicaciones,2019,343.066657717359,5.663539451996296
La Pampa,Resto / no clasificado,2019,294.6690213521469,4.864563752167217
La Pampa,Industria manufacturera,2019,288.43125216665845,4.761587111681315
La Pampa,Construcción,2019,148.07500102281384,2.4445063117675967
La Pampa,Otros servicios,2019,133.5124620855286,2.204099638786581
La Pampa,Hotelería y gastronomía,2019,68.58330329010482,1.132212166918726
La Pampa,Comercio,2020,1275.66473913331,23.44112675024313
La Pampa,"Agro, pesca y silvicultura",2020,1094.6121433105066,20.114173580693024
La Pampa,"Administración pública, salud y educación",2020,893.2313254038685,16.413676786508436
La Pampa,Minería y energía,2020,623.115643843895,11.450134458782497
La Pampa,Servicios financieros e inmobiliarios,2020,515.6945295934393,9.47620519856945
La Pampa,Transporte y comunicaciones,2020,264.320166624432,4.857046164573183
La Pampa,Resto / no clasificado,2020,262.0430897494481,4.81520347188983
La Pampa,Industria manufacturera,2020,259.24590789994284,4.763803529360824
La Pampa,Construcción,2020,128.0615069839741,2.353209213165197
La Pampa,Otros servicios,2020,91.709943591983,1.6852268045426189
La Pampa,Hotelería y gastronomía,2020,34.2951226849328,0.6301940416718197
La Pampa,Comercio,2021,1494.5618517977182,25.426154026340622
La Pampa,"Agro, pesca y silvicultura",2021,1053.2052612244745,17.917598499543534
La Pampa,"Administración pública, salud y educación",2021,1011.0370707036475,17.200214400715524
La Pampa,Minería y energía,2021,603.2153639872599,10.262169302225066
La Pampa,Servicios financieros e inmobiliarios,2021,505.4788294250908,8.599431705390689
La Pampa,Industria manufacturera,2021,313.664448921924,5.33619975732895
La Pampa,Resto / no clasificado,2021,308.38371741416444,5.246361593370368
La Pampa,Transporte y comunicaciones,2021,265.1401888882585,4.510683363914962
La Pampa,Construcción,2021,162.0202797426856,2.7563613932559288
La Pampa,Otros servicios,2021,111.05794585487236,1.8893673980494226
La Pampa,Hotelería y gastronomía,2021,50.28427531916291,0.8554585598649402
La Pampa,Comercio,2022,1668.3768794479645,25.872066102851505
La Pampa,"Agro, pesca y silvicultura",2022,1240.6307691543198,19.238867227297348
La Pampa,"Administración pública, salud y educación",2022,1066.1775379447117,16.533563896071353
La Pampa,Minería y energía,2022,632.7145283901392,9.811711193312995
La Pampa,Servicios financieros e inmobiliarios,2022,502.61222957337077,7.7941722807417975
La Pampa,Resto / no clasificado,2022,345.3678920229562,5.355732893623507
La Pampa,Industria manufacturera,2022,342.73098966161865,5.314841586006092
La Pampa,Transporte y comunicaciones,2022,289.8363555873784,4.494587190184151
La Pampa,Construcción,2022,179.54036454906228,2.784191172249024
La Pampa,Otros servicios,2022,117.79121511272785,1.8266269098263093
La Pampa,Hotelería y gastronomía,2022,62.78577459055672,0.9736395478359191
La Pampa,Comercio,2023,1686.2416130947652,27.52696276063242
La Pampa,"Agro, pesca y silvicultura",2023,991.1817151392672,16.180493916042998
La Pampa,"Administración pública, salud y educación",2023,946.6017787540424,15.45275108297695
La Pampa,Minería y energía,2023,608.2307519609432,9.929031005451419
La Pampa,Servicios financieros e inmobiliarios,2023,489.67980539657054,7.993752296888428
La Pampa,Resto / no clasificado,2023,364.60626950421135,5.951995920985193
La Pampa,Industria manufacturera,2023,338.513704296869,5.52604920895163
La Pampa,Transporte y comunicaciones,2023,291.0302006703701,4.750907244762936
La Pampa,Construcción,2023,223.5047592749258,3.648591718771227
La Pampa,Otros servicios,2023,121.07358846674819,1.9764594439723466
La Pampa,Hotelería y gastronomía,2023,65.11738897470211,1.0630054005644476
La Pampa,Comercio,2024,1599.569492613754,26.01493882409695
La Pampa,"Agro, pesca y silvicultura",2024,1247.8745910125024,20.295073952860232
La Pampa,"Administración pública, salud y educación",2024,973.3951812463936,15.831019664183083
La Pampa,Minería y energía,2024,550.6237620042816,8.955186723540752
La Pampa,Servicios financieros e inmobiliarios,2024,488.10497135889807,7.938399068170715
La Pampa,Resto / no clasificado,2024,341.13966378201764,5.548197514857932
La Pampa,Industria manufacturera,2024,315.06533394080844,5.124132102988904
La Pampa,Transporte y comunicaciones,2024,296.30891416182027,4.819083078634147
La Pampa,Construcción,2024,159.67826995755388,2.59696152225033
La Pampa,Otros servicios,2024,116.4954809240211,1.8946490437061387
La Pampa,Hotelería y gastronomía,2024,60.40186008392938,0.9823585047108163
La Rioja,Industria manufacturera,2004,716.4991240978976,28.428550709145537
La Rioja,"Administración pública, salud y educación",2004,588.8007497870312,23.361859644948375
La Rioja,Comercio,2004,401.69374917943225,15.93801127457343
La Rioja,Servicios financieros e inmobiliarios,2004,189.59890152833162,7.522719575244046
La Rioja,Resto / no clasificado,2004,122.00224897825908,4.840685780425805
La Rioja,Construcción,2004,121.95677068560474,4.838881337258457
La Rioja,"Agro, pesca y silvicultura",2004,115.89539392946644,4.598383965128287
La Rioja,Transporte y comunicaciones,2004,104.72170504748055,4.155045278022858
La Rioja,Otros servicios,2004,66.42678053280522,2.635616758359239
La Rioja,Hotelería y gastronomía,2004,56.980891123755484,2.2608320070223193
La Rioja,Minería y energía,2004,35.77419973324369,1.4194136698716493
La Rioja,Industria manufacturera,2005,784.1803908542379,28.844273686019214
La Rioja,"Administración pública, salud y educación",2005,529.8097267917732,19.487833334431798
La Rioja,Comercio,2005,451.26744027071743,16.59883580942205
La Rioja,Servicios financieros e inmobiliarios,2005,198.70761496552464,7.309003000340384
La Rioja,Construcción,2005,187.06410253018012,6.880723151381407
La Rioja,Resto / no clasificado,2005,131.62491656299028,4.84152009094046
La Rioja,"Agro, pesca y silvicultura",2005,131.23783211117882,4.8272820788735045
La Rioja,Transporte y comunicaciones,2005,120.38935560755769,4.428245799726145
La Rioja,Otros servicios,2005,74.47663430285277,2.739451850746878
La Rioja,Hotelería y gastronomía,2005,70.03850896179131,2.576205608576778
La Rioja,Minería y energía,2005,39.87269849685438,1.4666255895413907
La Rioja,Industria manufacturera,2006,809.035663771623,28.37015499319061
La Rioja,"Administración pública, salud y educación",2006,504.2691634707784,17.683020621438203
La Rioja,Comercio,2006,481.1148515230466,16.871076911002138
La Rioja,Servicios financieros e inmobiliarios,2006,210.5271020732485,7.3824761794077185
La Rioja,Construcción,2006,199.44514977218657,6.993869448596132
La Rioja,Resto / no clasificado,2006,154.09953429683023,5.403751488529753
La Rioja,Transporte y comunicaciones,2006,152.9799329827592,5.364490842512372
La Rioja,"Agro, pesca y silvicultura",2006,122.8317711644902,4.307296380210496
La Rioja,Hotelería y gastronomía,2006,91.66268962095387,3.2143017027408294
La Rioja,Otros servicios,2006,81.84326087762366,2.8699674195101377
La Rioja,Minería y energía,2006,43.9048170316053,1.5395940128616195
La Rioja,Industria manufacturera,2007,868.7631066029397,27.76596865370555
La Rioja,"Administración pública, salud y educación",2007,582.7146795265987,18.623762223347235
La Rioja,Comercio,2007,529.733367907923,16.93046122281488
La Rioja,Servicios financieros e inmobiliarios,2007,223.08601719099184,7.129906085245515
La Rioja,Transporte y comunicaciones,2007,188.67300167421382,6.0300542351196444
La Rioja,Construcción,2007,186.18091897268727,5.950406412085818
La Rioja,Resto / no clasificado,2007,183.6754138021512,5.870329602311026
La Rioja,"Agro, pesca y silvicultura",2007,134.74680947263494,4.306554525126696
La Rioja,Hotelería y gastronomía,2007,103.07718527790045,3.294382408260405
La Rioja,Otros servicios,2007,83.59736424758216,2.6718006066199553
La Rioja,Minería y energía,2007,44.629493928602834,1.4263740253632629
La Rioja,Industria manufacturera,2008,842.6517734625825,27.327552278521125
La Rioja,"Administración pública, salud y educación",2008,587.887446015417,19.06543772981919
La Rioja,Comercio,2008,522.1371388787059,16.933127548801007
La Rioja,Servicios financieros e inmobiliarios,2008,237.62603058816447,7.706312355994674
La Rioja,Resto / no clasificado,2008,194.59440608153287,6.3107786309512734
La Rioja,Transporte y comunicaciones,2008,177.51696845703006,5.75695012887727
La Rioja,Construcción,2008,156.95306769702626,5.090054157413112
La Rioja,"Agro, pesca y silvicultura",2008,124.2971357478905,4.031008516439971
La Rioja,Hotelería y gastronomía,2008,105.64950974569025,3.426258143279965
La Rioja,Otros servicios,2008,86.84847632045798,2.8165327027138893
La Rioja,Minería y energía,2008,47.36256055986408,1.5359878071885187
La Rioja,Industria manufacturera,2009,788.683009825897,26.535504281698895
La Rioja,"Administración pública, salud y educación",2009,592.4254559934616,19.93235308514152
La Rioja,Comercio,2009,493.3748957658374,16.599763778310873
La Rioja,Servicios financieros e inmobiliarios,2009,242.23684907312128,8.1501400000794
La Rioja,Resto / no clasificado,2009,180.33809985460417,6.067535830271869
La Rioja,Transporte y comunicaciones,2009,172.73990379806753,5.811891976556899
La Rioja,Construcción,2009,153.67342030471545,5.170393747139642
La Rioja,"Agro, pesca y silvicultura",2009,110.22393561633676,3.7085212678014607
La Rioja,Hotelería y gastronomía,2009,101.79427405616136,3.424902478457075
La Rioja,Otros servicios,2009,86.95423364089766,2.9256043433714165
La Rioja,Minería y energía,2009,49.736143156198466,1.6733892111709565
La Rioja,Industria manufacturera,2010,886.1511869693982,26.99315382037065
La Rioja,"Administración pública, salud y educación",2010,627.0110182138534,19.099455161366553
La Rioja,Comercio,2010,553.3459677122728,16.85553553612183
La Rioja,Servicios financieros e inmobiliarios,2010,250.978373443779,7.645081267817913
La Rioja,Construcción,2010,198.99864534223104,6.061720756859662
La Rioja,Resto / no clasificado,2010,195.83190406269412,5.965258284400311
La Rioja,Transporte y comunicaciones,2010,185.64751429093667,5.655030409385173
La Rioja,Hotelería y gastronomía,2010,124.04972443105576,3.7786930065441693
La Rioja,"Agro, pesca y silvicultura",2010,114.05100549833776,3.4741208724362798
La Rioja,Otros servicios,2010,90.26606120768976,2.749604932845737
La Rioja,Minería y energía,2010,56.54244479033513,1.7223459518517108
La Rioja,Industria manufacturera,2011,954.6979428799152,27.587136947594185
La Rioja,"Administración pública, salud y educación",2011,629.7660788255625,18.197842774335456
La Rioja,Comercio,2011,621.9789612341215,17.97282471388581
La Rioja,Servicios financieros e inmobiliarios,2011,264.5406342050154,7.644217480978833
La Rioja,Resto / no clasificado,2011,208.5096364132992,6.025134900023853
La Rioja,Transporte y comunicaciones,2011,191.1362630027325,5.523110531904648
La Rioja,Construcción,2011,180.1654285533996,5.206095171559204
La Rioja,Hotelería y gastronomía,2011,131.86361433952175,3.8103565785588964
La Rioja,"Agro, pesca y silvicultura",2011,122.75771265167432,3.5472306770447535
La Rioja,Otros servicios,2011,94.39176995569231,2.7275628945405916
La Rioja,Minería y energía,2011,60.85532686170512,1.7584873295737624
La Rioja,Industria manufacturera,2012,886.2832222240074,26.587130554525842
La Rioja,"Administración pública, salud y educación",2012,659.7183816332615,19.790534562630814
La Rioja,Comercio,2012,581.2653435898652,17.43706434842003
La Rioja,Servicios financieros e inmobiliarios,2012,277.62608719787795,8.328354684577953
La Rioja,Transporte y comunicaciones,2012,196.76730558765112,5.902715871562455
La Rioja,Resto / no clasificado,2012,193.56616110108445,5.806686471192357
La Rioja,Construcción,2012,160.5368437986077,4.815857863330191
La Rioja,Hotelería y gastronomía,2012,128.37472602017166,3.8510439044925606
La Rioja,"Agro, pesca y silvicultura",2012,98.96349146639363,2.968752202198057
La Rioja,Otros servicios,2012,96.2524660939124,2.887425619783555
La Rioja,Minería y energía,2012,54.15057948994417,1.6244339172861944
La Rioja,Industria manufacturera,2013,917.2193399378662,26.284824500101642
La Rioja,"Administración pública, salud y educación",2013,694.5789319651512,19.90460136766064
La Rioja,Comercio,2013,604.4492767646799,17.321748972333317
La Rioja,Servicios financieros e inmobiliarios,2013,285.9456174108639,8.194365342020497
La Rioja,Transporte y comunicaciones,2013,209.13228109997402,5.993119711574242
La Rioja,Resto / no clasificado,2013,204.08921447936947,5.848600167237234
La Rioja,Construcción,2013,186.4523284128577,5.343178579617904
La Rioja,Hotelería y gastronomía,2013,130.19164640304817,3.7309119292177444
La Rioja,"Agro, pesca y silvicultura",2013,102.55269434503892,2.938860374503787
La Rioja,Otros servicios,2013,95.57367049459413,2.7388619563463688
La Rioja,Minería y energía,2013,59.35452341999828,1.7009270993866228
La Rioja,Industria manufacturera,2014,834.1196600814014,24.779320755054428
La Rioja,"Administración pública, salud y educación",2014,705.8062723666701,20.96749525385392
La Rioja,Comercio,2014,541.8967617401819,16.098210266348183
La Rioja,Servicios financieros e inmobiliarios,2014,288.6334530084211,8.574478285329734
La Rioja,Transporte y comunicaciones,2014,220.697441253709,6.5562927579380466
La Rioja,Construcción,2014,202.9730856948643,6.02975260718032
La Rioja,Resto / no clasificado,2014,187.38346678708592,5.566629405735574
La Rioja,Hotelería y gastronomía,2014,126.82431867443783,3.767589498691887
La Rioja,"Agro, pesca y silvicultura",2014,109.68312308775182,3.2583733707251095
La Rioja,Otros servicios,2014,89.44864795643713,2.6572647125979434
La Rioja,Minería y energía,2014,58.72636327338934,1.7445930865448613
La Rioja,Industria manufacturera,2015,855.6104345375444,24.866288965005175
La Rioja,"Administración pública, salud y educación",2015,728.1498379776721,21.161948884787684
La Rioja,Comercio,2015,565.0574670712215,16.422055752068246
La Rioja,Servicios financieros e inmobiliarios,2015,294.6327285049259,8.562801796019846
La Rioja,Transporte y comunicaciones,2015,227.0300219174276,6.598089388404359
La Rioja,Resto / no clasificado,2015,200.90678091010827,5.838879316426244
La Rioja,Construcción,2015,181.96585642374697,5.288406247690503
La Rioja,Hotelería y gastronomía,2015,139.57038395601083,4.056282343357276
La Rioja,"Agro, pesca y silvicultura",2015,109.53024353557431,3.1832368753603233
La Rioja,Otros servicios,2015,81.87076611452784,2.3793797338277685
La Rioja,Minería y energía,2015,56.52037449045097,1.6426306970525726
La Rioja,Industria manufacturera,2016,827.278765761206,24.398233147841427
La Rioja,"Administración pública, salud y educación",2016,760.4123495397686,22.42619847192404
La Rioja,Comercio,2016,558.8487761770562,16.48165443120945
La Rioja,Servicios financieros e inmobiliarios,2016,295.51435144547344,8.715354900310574
La Rioja,Transporte y comunicaciones,2016,226.05562842596726,6.666867511876362
La Rioja,Resto / no clasificado,2016,195.4202275768208,5.763363537847363
La Rioja,Hotelería y gastronomía,2016,160.68474184163398,4.738939227027769
La Rioja,Construcción,2016,125.98276027402314,3.7155030262936437
La Rioja,"Agro, pesca y silvicultura",2016,103.60159760110103,3.055434319572674
La Rioja,Otros servicios,2016,79.22676085999545,2.3365678692741945
La Rioja,Minería y energía,2016,57.70631503625814,1.7018835568225053
La Rioja,"Administración pública, salud y educación",2017,802.0899507706818,22.914042187287176
La Rioja,Industria manufacturera,2017,790.1307701285233,22.57239326188111
La Rioja,Comercio,2017,556.5835481044567,15.900434720272116
La Rioja,Servicios financieros e inmobiliarios,2017,306.10597569738894,8.744811269822302
La Rioja,Transporte y comunicaciones,2017,242.10729647274513,6.916502070492348
La Rioja,Resto / no clasificado,2017,201.68872900683425,5.761827636317342
La Rioja,Construcción,2017,185.52865730506312,5.300167987835054
La Rioja,Hotelería y gastronomía,2017,167.25250497308863,4.778056315504826
La Rioja,"Agro, pesca y silvicultura",2017,107.9249209377092,3.083190593586347
La Rioja,Otros servicios,2017,82.23284613514777,2.3492214354648993
La Rioja,Minería y energía,2017,58.78455535327297,1.6793525215364795
La Rioja,"Administración pública, salud y educación",2018,845.8881432942637,25.058169551367477
La Rioja,Industria manufacturera,2018,676.8006903721761,20.049206962260016
La Rioja,Comercio,2018,503.4478988634917,14.913890104749303
La Rioja,Servicios financieros e inmobiliarios,2018,318.0577958613986,9.42198591978207
La Rioja,Transporte y comunicaciones,2018,246.5278487543991,7.303018350823009
La Rioja,Resto / no clasificado,2018,207.1908116621493,6.137717533072781
La Rioja,Hotelería y gastronomía,2018,160.08039361638143,4.742141944994127
La Rioja,Construcción,2018,158.83045459958805,4.705114373370177
La Rioja,"Agro, pesca y silvicultura",2018,113.22961008768134,3.354257640688211
La Rioja,Otros servicios,2018,87.58658123698426,2.5946213107014438
La Rioja,Minería y energía,2018,58.05783116159051,1.7198763081913822
La Rioja,"Administración pública, salud y educación",2019,896.4855259246748,27.235060055367615
La Rioja,Industria manufacturera,2019,645.5617931106482,19.612044697190782
La Rioja,Comercio,2019,458.7469720797952,13.93664590616163
La Rioja,Servicios financieros e inmobiliarios,2019,314.9348574068066,9.567661169047922
La Rioja,Transporte y comunicaciones,2019,227.91224993671622,6.923930877721686
La Rioja,Resto / no clasificado,2019,180.9246368804856,5.496456114953077
La Rioja,Hotelería y gastronomía,2019,166.13673868959296,5.047202575799492
La Rioja,"Agro, pesca y silvicultura",2019,130.1609486231307,3.9542649045651626
La Rioja,Construcción,2019,126.76159069166614,3.8509930560680723
La Rioja,Otros servicios,2019,86.69252628054805,2.6337024874628545
La Rioja,Minería y energía,2019,57.34196983536491,1.7420381556617133
La Rioja,"Administración pública, salud y educación",2020,778.897075558403,26.780448140064895
La Rioja,Industria manufacturera,2020,598.0840666417661,20.563640348265697
La Rioja,Comercio,2020,429.9684269481179,14.783400170676282
La Rioja,Servicios financieros e inmobiliarios,2020,320.5333833063472,11.020747051388215
La Rioja,Resto / no clasificado,2020,181.8746210074381,6.253308696006833
La Rioja,Transporte y comunicaciones,2020,167.30067428972444,5.7522196092491384
La Rioja,"Agro, pesca y silvicultura",2020,129.17752490635172,4.441449474099482
La Rioja,Construcción,2020,93.74004283028718,3.2230193621721126
La Rioja,Hotelería y gastronomía,2020,88.47698753661973,3.0420622321824946
La Rioja,Otros servicios,2020,62.32092207416104,2.1427506586176057
La Rioja,Minería y energía,2020,58.0805004786369,1.9969542572772458
La Rioja,"Administración pública, salud y educación",2021,832.581577487326,25.898928940768354
La Rioja,Industria manufacturera,2021,640.9071131134293,19.936554241629693
La Rioja,Comercio,2021,468.1944543497972,14.564020189182955
La Rioja,Servicios financieros e inmobiliarios,2021,326.4157908043473,10.153743008222143
La Rioja,Transporte y comunicaciones,2021,207.96873656855388,6.469236980411496
La Rioja,Resto / no clasificado,2021,191.99127312888737,5.9722295982322455
La Rioja,Construcción,2021,161.63249117785708,5.027865757212735
La Rioja,"Agro, pesca y silvicultura",2021,134.66908726638658,4.189121181561781
La Rioja,Hotelería y gastronomía,2021,115.16095084421244,3.5822859444796893
La Rioja,Otros servicios,2021,74.01668578360628,2.3024204923270464
La Rioja,Minería y energía,2021,61.1954656864166,1.9035936659718582
La Rioja,"Administración pública, salud y educación",2022,877.7473221493268,25.218450869955902
La Rioja,Industria manufacturera,2022,670.2819354715893,19.25778824060431
La Rioja,Comercio,2022,499.8304687195678,14.360568013862915
La Rioja,Servicios financieros e inmobiliarios,2022,330.9343281083682,9.50803367209014
La Rioja,Transporte y comunicaciones,2022,234.4112667204211,6.73484141048439
La Rioja,Resto / no clasificado,2022,211.87468099747517,6.08734552472198
La Rioja,Construcción,2022,211.234658927474,6.068957128972176
La Rioja,Hotelería y gastronomía,2022,157.03134665199008,4.5116483988686165
La Rioja,"Agro, pesca y silvicultura",2022,143.12095597479407,4.111990667056043
La Rioja,Otros servicios,2022,79.34170693585035,2.2795568699664828
La Rioja,Minería y energía,2022,64.76722464936304,1.8608192034170494
La Rioja,"Administración pública, salud y educación",2023,794.2925441621221,22.936763035331968
La Rioja,Industria manufacturera,2023,674.1924512441132,19.468636093906895
La Rioja,Comercio,2023,533.5690237684989,15.407857408609285
La Rioja,Servicios financieros e inmobiliarios,2023,335.73124787880704,9.694901623778478
La Rioja,Transporte y comunicaciones,2023,232.60830661655257,6.717023404193921
La Rioja,Resto / no clasificado,2023,223.9970466230616,6.4683562961390555
La Rioja,Construcción,2023,187.717908731676,5.4207246709188635
La Rioja,Hotelería y gastronomía,2023,174.87009880122312,5.049718831743274
La Rioja,"Agro, pesca y silvicultura",2023,158.5162680320549,4.577469729281889
La Rioja,Otros servicios,2023,82.09244174594068,2.370581087733478
La Rioja,Minería y energía,2023,65.37970329264346,1.8879678183628963
La Rioja,"Administración pública, salud y educación",2024,836.2570080942625,25.984072942138763
La Rioja,Industria manufacturera,2024,602.2350617879703,18.712572357956457
La Rioja,Comercio,2024,475.68251124711753,14.780347369180568
La Rioja,Servicios financieros e inmobiliarios,2024,334.6113703066016,10.397002559212867
La Rioja,Resto / no clasificado,2024,214.9813823300084,6.679874566785213
La Rioja,Transporte y comunicaciones,2024,202.2068149688784,6.282944810857295
La Rioja,Hotelería y gastronomía,2024,169.04353440395667,5.252499513707202
La Rioja,"Agro, pesca y silvicultura",2024,156.8987623605803,4.875138678956305
La Rioja,Construcción,2024,84.32280206201744,2.6200675369622926
La Rioja,Otros servicios,2024,77.54539496103291,2.4094807929756867
La Rioja,Minería y energía,2024,64.55995632640102,2.005998871267345
Mendoza,Industria manufacturera,2004,3775.102419232699,23.16803314762711
Mendoza,Minería y energía,2004,2879.3593566148065,17.670803493469435
Mendoza,Comercio,2004,2127.746640447177,13.058110541449077
Mendoza,"Administración pública, salud y educación",2004,2026.4866002658234,12.436671516245493
Mendoza,"Agro, pesca y silvicultura",2004,1600.1989015364184,9.820517982430665
Mendoza,Servicios financieros e inmobiliarios,2004,1115.3028762555796,6.8446815840257536
Mendoza,Transporte y comunicaciones,2004,997.5116692218078,6.121789782427399
Mendoza,Resto / no clasificado,2004,690.7191357199779,4.238985345280612
Mendoza,Construcción,2004,436.6025628649726,2.6794564823622937
Mendoza,Otros servicios,2004,383.06135907182494,2.350870858320966
Mendoza,Hotelería y gastronomía,2004,262.3534805421796,1.6100792663611962
Mendoza,Industria manufacturera,2005,3933.8280119447963,23.303530056555207
Mendoza,Minería y energía,2005,2794.8007800729665,16.556067978253107
Mendoza,Comercio,2005,2258.83290000754,13.381057895319131
Mendoza,"Administración pública, salud y educación",2005,1968.0226552427796,11.658332534918989
Mendoza,"Agro, pesca y silvicultura",2005,1647.6856960958637,9.760694424396934
Mendoza,Transporte y comunicaciones,2005,1189.4385016358542,7.046092454761871
Mendoza,Servicios financieros e inmobiliarios,2005,1146.9272148251414,6.794260639306746
Mendoza,Resto / no clasificado,2005,756.8313269540859,4.483378917904914
Mendoza,Construcción,2005,468.43018131555874,2.7749247746822734
Mendoza,Otros servicios,2005,423.13953012206946,2.506628334633626
Mendoza,Hotelería y gastronomía,2005,292.8877051860934,1.7350319892671986
Mendoza,Industria manufacturera,2006,4271.713501511779,23.042829280633438
Mendoza,Minería y energía,2006,3018.1129090103564,16.28055357349902
Mendoza,Comercio,2006,2524.290538646651,13.616736215143527
Mendoza,"Administración pública, salud y educación",2006,2104.0647542260567,11.349919630581594
Mendoza,"Agro, pesca y silvicultura",2006,1803.539306152982,9.72880047266453
Mendoza,Transporte y comunicaciones,2006,1394.4720896072727,7.522176355239341
Mendoza,Servicios financieros e inmobiliarios,2006,1207.3487134480904,6.512780006508135
Mendoza,Resto / no clasificado,2006,853.2170346560165,4.602493697657612
Mendoza,Construcción,2006,545.7733644085099,2.9440556951048973
Mendoza,Otros servicios,2006,473.13000949665775,2.5521969187581526
Mendoza,Hotelería y gastronomía,2006,342.4845033004948,1.847458154209755
Mendoza,Industria manufacturera,2007,4465.132255630757,22.636217302700985
Mendoza,Minería y energía,2007,3312.705928207457,16.793932846286292
Mendoza,Comercio,2007,2697.520340782027,13.675217914406934
Mendoza,"Administración pública, salud y educación",2007,2184.5498216492506,11.074687521085236
Mendoza,"Agro, pesca y silvicultura",2007,1841.1335120569688,9.333720901469531
Mendoza,Transporte y comunicaciones,2007,1580.3287342234999,8.011557685099786
Mendoza,Servicios financieros e inmobiliarios,2007,1274.01049336661,6.458661630324773
Mendoza,Resto / no clasificado,2007,922.1764231856806,4.675020741061971
Mendoza,Construcción,2007,605.9339511507634,3.071813286613459
Mendoza,Otros servicios,2007,486.5063940704216,2.466369152099362
Mendoza,Hotelería y gastronomía,2007,355.61352288299736,1.8028010188516639
Mendoza,Industria manufacturera,2008,4664.4366918799205,22.797705731355904
Mendoza,Minería y energía,2008,3590.9466350376847,17.550960617625492
Mendoza,Comercio,2008,2843.7074088589006,13.898785421635385
Mendoza,"Administración pública, salud y educación",2008,2234.203064835719,10.919797476271428
Mendoza,"Agro, pesca y silvicultura",2008,1739.7270845969322,8.5030173518178
Mendoza,Transporte y comunicaciones,2008,1632.9463518276862,7.981120307381617
Mendoza,Servicios financieros e inmobiliarios,2008,1337.7523131278292,6.538342267399789
Mendoza,Resto / no clasificado,2008,982.0385264584064,4.799770437881093
Mendoza,Construcción,2008,595.9026931408046,2.912509085265611
Mendoza,Otros servicios,2008,490.81062407636574,2.398865482941404
Mendoza,Hotelería y gastronomía,2008,347.64308805020715,1.6991258204244706
Mendoza,Industria manufacturera,2009,4442.165074692515,23.040479002304107
Mendoza,Minería y energía,2009,3094.732621509543,16.05165967151093
Mendoza,Comercio,2009,2702.013172107465,14.014715056531406
Mendoza,"Administración pública, salud y educación",2009,2334.3066084012676,12.107506472962847
Mendoza,Transporte y comunicaciones,2009,1571.347530810135,8.150214856988264
Mendoza,"Agro, pesca y silvicultura",2009,1482.4342590826654,7.689042357583855
Mendoza,Servicios financieros e inmobiliarios,2009,1371.7163623865233,7.114774330368925
Mendoza,Resto / no clasificado,2009,930.8730918548356,4.828222627043154
Mendoza,Construcción,2009,513.2426950167725,2.662070710741983
Mendoza,Otros servicios,2009,488.74700065112904,2.5350172306959866
Mendoza,Hotelería y gastronomía,2009,348.25111415049685,1.8062976832685451
Mendoza,Industria manufacturera,2010,4621.474208981131,22.94085149622111
Mendoza,Minería y energía,2010,3070.374500540331,15.241241705470568
Mendoza,Comercio,2010,2824.0449900266035,14.018469822669536
Mendoza,"Administración pública, salud y educación",2010,2365.6351935498346,11.742938122211347
Mendoza,Transporte y comunicaciones,2010,1701.3166150750358,8.445281754173115
Mendoza,"Agro, pesca y silvicultura",2010,1616.194858606071,8.022740052986702
Mendoza,Servicios financieros e inmobiliarios,2010,1411.7148602903667,7.00770782232057
Mendoza,Resto / no clasificado,2010,1039.263428846656,5.15887072144473
Mendoza,Construcción,2010,601.2341507557846,2.9845072682956495
Mendoza,Otros servicios,2010,509.92910693067046,2.531271924651983
Mendoza,Hotelería y gastronomía,2010,383.99103144880775,1.9061193095546793
Mendoza,Industria manufacturera,2011,5136.927329089306,24.132182807861405
Mendoza,Comercio,2011,3217.553410607039,15.115375812137971
Mendoza,Minería y energía,2011,2885.576167685966,13.555817928409564
Mendoza,"Administración pública, salud y educación",2011,2475.859359822147,11.63105624240456
Mendoza,Transporte y comunicaciones,2011,1760.979232943569,8.272702736048956
Mendoza,"Agro, pesca y silvicultura",2011,1636.1095695815154,7.686091840009005
Mendoza,Servicios financieros e inmobiliarios,2011,1468.4548595508822,6.89848597139036
Mendoza,Resto / no clasificado,2011,1060.97544391993,4.9842350742125
Mendoza,Construcción,2011,702.4077712615664,3.2997610547766283
Mendoza,Otros servicios,2011,533.1047073119585,2.5044115729907324
Mendoza,Hotelería y gastronomía,2011,408.67744022365434,1.919878959758323
Mendoza,Industria manufacturera,2012,5164.988491447415,24.084209933008292
Mendoza,Comercio,2012,3256.2115456682154,15.183631596085455
Mendoza,Minería y energía,2012,2800.171941405051,13.057130523522147
Mendoza,"Administración pública, salud y educación",2012,2728.692827746181,12.723825235032889
Mendoza,Transporte y comunicaciones,2012,1700.6919750021916,7.930283412084983
Mendoza,Servicios financieros e inmobiliarios,2012,1544.5081243665472,7.202002090048515
Mendoza,"Agro, pesca y silvicultura",2012,1537.669232546343,7.170112511479333
Mendoza,Resto / no clasificado,2012,989.761642596348,4.6152333588742245
Mendoza,Construcción,2012,736.2011584570685,3.4328872721718553
Mendoza,Otros servicios,2012,560.6426032472552,2.6142621956184167
Mendoza,Hotelería y gastronomía,2012,425.9988655205824,1.9864218720738909
Mendoza,Industria manufacturera,2013,5216.227849527923,24.168144105979845
Mendoza,Comercio,2013,3286.927372449306,15.229191801971199
Mendoza,"Administración pública, salud y educación",2013,2889.2812212767044,13.386793470848177
Mendoza,Minería y energía,2013,2740.415797914262,12.697061137827713
Mendoza,Transporte y comunicaciones,2013,1761.4463288299062,8.161240256014327
Mendoza,Servicios financieros e inmobiliarios,2013,1572.885091617793,7.28758686409882
Mendoza,"Agro, pesca y silvicultura",2013,1467.598302383606,6.799765709028295
Mendoza,Resto / no clasificado,2013,961.4312459738148,4.454561719881505
Mendoza,Construcción,2013,671.0407052428791,3.1091066059846257
Mendoza,Otros servicios,2013,574.118985786271,2.660043000943169
Mendoza,Hotelería y gastronomía,2013,441.69871034765646,2.0465053274223286
Mendoza,Industria manufacturera,2014,4981.313810469314,23.67823458222202
Mendoza,Comercio,2014,3045.0098613384844,14.474185033357502
Mendoza,"Administración pública, salud y educación",2014,2884.031299687082,13.708987679703633
Mendoza,Minería y energía,2014,2658.775109240545,12.63825230316885
Mendoza,Transporte y comunicaciones,2014,1828.756139338921,8.69283054802484
Mendoza,Servicios financieros e inmobiliarios,2014,1585.5343743427643,7.536697401990724
Mendoza,"Agro, pesca y silvicultura",2014,1426.112834244219,6.778901212563977
Mendoza,Resto / no clasificado,2014,958.6357136344426,4.556790069845766
Mendoza,Construcción,2014,652.8684823738519,3.103352582304165
Mendoza,Otros servicios,2014,569.2856195964001,2.706048837308482
Mendoza,Hotelería y gastronomía,2014,447.19876005333856,2.125719749510047
Mendoza,Industria manufacturera,2015,5151.197604032015,23.6442558756855
Mendoza,Comercio,2015,3191.944516079929,14.651185739819255
Mendoza,"Administración pública, salud y educación",2015,3018.5828815500145,13.855447125046654
Mendoza,Minería y energía,2015,2793.259659063101,12.821202210224419
Mendoza,Transporte y comunicaciones,2015,1877.2442212043538,8.616645316142648
Mendoza,Servicios financieros e inmobiliarios,2015,1593.4163995717172,7.313861351095832
Mendoza,"Agro, pesca y silvicultura",2015,1424.840349055813,6.540088807446825
Mendoza,Resto / no clasificado,2015,978.9612477034774,4.4934813246076155
Mendoza,Construcción,2015,719.4505286893509,3.3023140826345396
Mendoza,Otros servicios,2015,580.3963532693451,2.6640484292960664
Mendoza,Hotelería y gastronomía,2015,456.96008137136397,2.097469738000648
Mendoza,Industria manufacturera,2016,4830.40661053698,23.291742939546477
Mendoza,Comercio,2016,3020.905941056197,14.566509674391106
Mendoza,"Administración pública, salud y educación",2016,2887.328156355742,13.922410807664189
Mendoza,Minería y energía,2016,2712.914361558121,13.081404739008327
Mendoza,Transporte y comunicaciones,2016,1919.7575849845398,9.256881207094423
Mendoza,Servicios financieros e inmobiliarios,2016,1586.4529040008792,7.64971899986236
Mendoza,"Agro, pesca y silvicultura",2016,1175.1386562023215,5.666402376744389
Mendoza,Resto / no clasificado,2016,938.0698680249316,4.5232801267100955
Mendoza,Construcción,2016,632.5201635385827,3.0499496711277483
Mendoza,Otros servicios,2016,569.8451209656916,2.747736814522986
Mendoza,Hotelería y gastronomía,2016,465.36886544997196,2.2439626433279027
Mendoza,Industria manufacturera,2017,4859.419578540626,23.15387416311217
Mendoza,Comercio,2017,3064.947246991185,14.60367883991676
Mendoza,"Administración pública, salud y educación",2017,2951.434163320728,14.062818432064946
Mendoza,Minería y energía,2017,2613.7594186319416,12.453885838322295
Mendoza,Transporte y comunicaciones,2017,1962.5591693399738,9.351085517543728
Mendoza,Servicios financieros e inmobiliarios,2017,1631.943075295762,7.775785563696505
Mendoza,"Agro, pesca y silvicultura",2017,1162.2492048943598,5.537816070696847
Mendoza,Resto / no clasificado,2017,983.1326591552177,4.684372178160834
Mendoza,Construcción,2017,690.225787655609,3.288746891107613
Mendoza,Otros servicios,2017,576.899559455785,2.7487768011186198
Mendoza,Hotelería y gastronomía,2017,490.9311670321772,2.3391597042596888
Mendoza,Industria manufacturera,2018,4768.776346905677,22.72260305284962
Mendoza,Comercio,2018,3109.398125283168,14.815880258240528
Mendoza,"Administración pública, salud y educación",2018,2887.1106169218124,13.756709005770384
Mendoza,Minería y energía,2018,2500.0182187171545,11.912263749937125
Mendoza,Transporte y comunicaciones,2018,1886.925352118666,8.990955466882372
Mendoza,Servicios financieros e inmobiliarios,2018,1671.6909437633292,7.965391324511408
Mendoza,"Agro, pesca y silvicultura",2018,1351.3073473414386,6.438804888797613
Mendoza,Resto / no clasificado,2018,1014.72341535841,4.835025947606482
Mendoza,Construcción,2018,712.8654640904523,3.39671181709398
Mendoza,Otros servicios,2018,576.4632938827478,2.7467731024826265
Mendoza,Hotelería y gastronomía,2018,507.64889532582333,2.418881385827853
Mendoza,Industria manufacturera,2019,4639.650911821857,22.425215126147066
Mendoza,"Administración pública, salud y educación",2019,3132.5304995325473,15.140723230328135
Mendoza,Comercio,2019,2896.1104337807888,13.998014234461209
Mendoza,Minería y energía,2019,2312.8917022643645,11.179094068176813
Mendoza,Transporte y comunicaciones,2019,1906.3793641006205,9.214263780724137
Mendoza,Servicios financieros e inmobiliarios,2019,1618.602170505446,7.8233260577314025
Mendoza,"Agro, pesca y silvicultura",2019,1333.484066892949,6.445240738084228
Mendoza,Resto / no clasificado,2019,1008.073723566494,4.872407546092278
Mendoza,Construcción,2019,729.7086925737088,3.5269624205324774
Mendoza,Otros servicios,2019,586.7059013926096,2.8357749978527846
Mendoza,Hotelería y gastronomía,2019,525.300230031006,2.538977799869472
Mendoza,Industria manufacturera,2020,4186.655270806081,23.20959769216025
Mendoza,"Administración pública, salud y educación",2020,2767.4188890658866,15.341764465011133
Mendoza,Comercio,2020,2700.8919206145406,14.972958324175588
Mendoza,Minería y energía,2020,1915.0905212224927,10.616704186653902
Mendoza,Servicios financieros e inmobiliarios,2020,1611.5874603486416,8.934171595460873
Mendoza,Transporte y comunicaciones,2020,1587.1145820853776,8.798501084726366
Mendoza,"Agro, pesca y silvicultura",2020,1222.028837802579,6.774572029226365
Mendoza,Resto / no clasificado,2020,884.1977604212103,4.901734910630507
Mendoza,Construcción,2020,506.223846166988,2.806357593767604
Mendoza,Otros servicios,2020,399.76380761887503,2.2161741405888002
Mendoza,Hotelería y gastronomía,2020,257.492597026692,1.4274639775986164
Mendoza,Industria manufacturera,2021,4518.334754152649,23.658561628676484
Mendoza,Comercio,2021,2914.301901386641,15.259646504756414
Mendoza,"Administración pública, salud y educación",2021,2685.127575234024,14.059661285863774
Mendoza,Minería y energía,2021,1893.0998895428213,9.912506010057427
Mendoza,Transporte y comunicaciones,2021,1706.1428216673119,8.93357559588565
Mendoza,Servicios financieros e inmobiliarios,2021,1624.1324683311166,8.504159205962194
Mendoza,"Agro, pesca y silvicultura",2021,1275.875744397997,6.680643770723524
Mendoza,Resto / no clasificado,2021,1054.5626549411916,5.521820962976833
Mendoza,Construcción,2021,573.1177508518475,3.00091568393757
Mendoza,Otros servicios,2021,490.19685774503347,2.5667315947508538
Mendoza,Hotelería y gastronomía,2021,363.203336970541,1.901777756409279
Mendoza,Industria manufacturera,2022,4636.218986018922,23.33262726394086
Mendoza,Comercio,2022,3029.728115705802,15.247665618907167
Mendoza,"Administración pública, salud y educación",2022,2710.483698437046,13.641009199810338
Mendoza,Transporte y comunicaciones,2022,1924.1991258923701,9.683887047061122
Mendoza,Minería y energía,2022,1881.6424518127635,9.469712734569226
Mendoza,Servicios financieros e inmobiliarios,2022,1640.0933124041856,8.254072133307291
Mendoza,Resto / no clasificado,2022,1199.822120874186,6.038326147623891
Mendoza,"Agro, pesca y silvicultura",2022,1185.6893029488967,5.96720013441478
Mendoza,Construcción,2022,612.0816792577467,3.080413958071332
Mendoza,Otros servicios,2022,544.6838916092834,2.741222159246018
Mendoza,Hotelería y gastronomía,2022,505.46852700639863,2.543863603047975
Mendoza,Industria manufacturera,2023,4517.558514738705,22.87214809372436
Mendoza,Comercio,2023,3064.9127066965398,15.517482970766894
Mendoza,"Administración pública, salud y educación",2023,2697.977944122262,13.659712628013539
Mendoza,Transporte y comunicaciones,2023,1928.3893398619844,9.763328226913687
Mendoza,Minería y energía,2023,1867.8613177082739,9.456878209276235
Mendoza,Servicios financieros e inmobiliarios,2023,1682.2753998188643,8.517267004633794
Mendoza,Resto / no clasificado,2023,1260.1213103981463,6.379924274019381
Mendoza,"Agro, pesca y silvicultura",2023,1049.112559553825,5.311598676766491
Mendoza,Construcción,2023,654.7690744761703,3.3150594928101365
Mendoza,Otros servicios,2023,541.3817135892289,2.7409855761798174
Mendoza,Hotelería y gastronomía,2023,486.9922711245398,2.4656148468956562
Mendoza,Industria manufacturera,2024,4388.627965067832,22.425119496898418
Mendoza,Comercio,2024,2964.460677110222,15.147874337310252
Mendoza,"Administración pública, salud y educación",2024,2630.7164329249445,13.442499760830014
Mendoza,Transporte y comunicaciones,2024,1890.2658391578286,9.658927040848878
Mendoza,Minería y energía,2024,1870.5962091267995,9.558418679826577
Mendoza,Servicios financieros e inmobiliarios,2024,1684.6328758398984,8.608178649412915
Mendoza,Resto / no clasificado,2024,1273.4599733036057,6.507157203380997
Mendoza,"Agro, pesca y silvicultura",2024,1240.3995698150889,6.33822433763187
Mendoza,Construcción,2024,601.9826916815255,3.076026016211678
Mendoza,Otros servicios,2024,520.2620902141749,2.6584480697895496
Mendoza,Hotelería y gastronomía,2024,504.738727503316,2.579126407858854
Misiones,Industria manufacturera,2004,1310.1408775323753,24.326419146682177
Misiones,"Administración pública, salud y educación",2004,963.3330227588212,17.886964135955914
Misiones,Comercio,2004,759.5578942868271,14.103310582442361
Misiones,"Agro, pesca y silvicultura",2004,540.6527579658377,10.03872623824889
Misiones,Servicios financieros e inmobiliarios,2004,448.90133510595444,8.335105194076986
Misiones,Construcción,2004,376.19811800694174,6.985167211992224
Misiones,Transporte y comunicaciones,2004,339.19446582252147,6.29809121243125
Misiones,Minería y energía,2004,195.65582381783952,3.6328960192790793
Misiones,Resto / no clasificado,2004,180.43601438709769,3.3502978117930273
Misiones,Otros servicios,2004,178.50451525949208,3.3144341438735263
Misiones,Hotelería y gastronomía,2004,93.09607726576137,1.7285883032245568
Misiones,Industria manufacturera,2005,1366.1280529575572,23.777740792652704
Misiones,"Administración pública, salud y educación",2005,971.0277853497314,16.900939068284288
Misiones,Comercio,2005,817.6187525590902,14.23082318196572
Misiones,"Agro, pesca y silvicultura",2005,595.1318329378826,10.35839241454542
Misiones,Servicios financieros e inmobiliarios,2005,466.0603900457665,8.111877304795485
Misiones,Construcción,2005,415.2546314484845,7.227592587791881
Misiones,Transporte y comunicaciones,2005,386.85828384868523,6.733348295520496
Misiones,Minería y energía,2005,222.42738296944725,3.8713945197053383
Misiones,Resto / no clasificado,2005,214.6153401554885,3.735424301767659
Misiones,Otros servicios,2005,192.6240775457913,3.352661836049681
Misiones,Hotelería y gastronomía,2005,97.66076043098403,1.6998056969213242
Misiones,Industria manufacturera,2006,1473.187730181112,24.27029603339302
Misiones,"Administración pública, salud y educación",2006,965.7599946929876,15.910586606314784
Misiones,Comercio,2006,895.2287928658367,14.748607645408361
Misiones,"Agro, pesca y silvicultura",2006,590.2339129238985,9.723914679801071
Misiones,Servicios financieros e inmobiliarios,2006,489.80031007777984,8.0693032390203
Misiones,Construcción,2006,425.2702791906751,7.0061916473418355
Misiones,Transporte y comunicaciones,2006,424.0680706233793,6.986385646229836
Misiones,Minería y energía,2006,247.0352254107065,4.069826220081758
Misiones,Resto / no clasificado,2006,229.21525469748653,3.7762479098258943
Misiones,Otros servicios,2006,209.62218082810688,3.453458292948268
Misiones,Hotelería y gastronomía,2006,120.49897858146022,1.9851820796348771
Misiones,Industria manufacturera,2007,1525.0943870126096,23.995158258660574
Misiones,"Administración pública, salud y educación",2007,1012.8133415740066,15.935155636600086
Misiones,Comercio,2007,945.0928549248828,14.869671553557687
Misiones,"Agro, pesca y silvicultura",2007,552.9158741006215,8.69933298276598
Misiones,Servicios financieros e inmobiliarios,2007,514.356040583953,8.092649674808586
Misiones,Construcción,2007,469.8485261349445,7.392388194602408
Misiones,Transporte y comunicaciones,2007,465.1774400158544,7.318895398601139
Misiones,Minería y energía,2007,261.5717271507511,4.115453471222802
Misiones,Resto / no clasificado,2007,238.77492227870096,3.7567786604341076
Misiones,Otros servicios,2007,225.4221608567617,3.546692238086714
Misiones,Hotelería y gastronomía,2007,144.7748939100501,2.277823930659922
Misiones,Industria manufacturera,2008,1481.9813228508758,23.516020788306665
Misiones,"Administración pública, salud y educación",2008,1012.3964895977987,16.064667299309924
Misiones,Comercio,2008,941.1475681624038,14.934092242941436
Misiones,"Agro, pesca y silvicultura",2008,557.4756411114196,8.84600133835147
Misiones,Servicios financieros e inmobiliarios,2008,531.3372124673559,8.431237790464758
Misiones,Transporte y comunicaciones,2008,487.5179100250276,7.735914839173705
Misiones,Construcción,2008,400.17657048654496,6.349985931301643
Misiones,Minería y energía,2008,277.55081183214037,4.404165261880816
Misiones,Resto / no clasificado,2008,236.1868396294913,3.747803393343074
Misiones,Otros servicios,2008,230.8334320140587,3.662855733860688
Misiones,Hotelería y gastronomía,2008,145.40340019970424,2.307255381065815
Misiones,Industria manufacturera,2009,1332.1015355425748,22.257657450562743
Misiones,"Administración pública, salud y educación",2009,1046.8782230213174,17.49195257174718
Misiones,Comercio,2009,845.2826851626268,14.123557366502498
Misiones,Servicios financieros e inmobiliarios,2009,540.1432099468639,9.02507971087047
Misiones,Transporte y comunicaciones,2009,486.2467276632645,8.124540669024784
Misiones,"Agro, pesca y silvicultura",2009,451.63570792682873,7.546236237452696
Misiones,Construcción,2009,403.9518730151126,6.7495023286055185
Misiones,Minería y energía,2009,289.99725078074096,4.845471082542999
Misiones,Otros servicios,2009,229.28396117124004,3.8310321927366955
Misiones,Resto / no clasificado,2009,217.62983638538003,3.636307158308947
Misiones,Hotelería y gastronomía,2009,141.76244445609436,2.368663231645476
Misiones,Industria manufacturera,2010,1428.857188907872,22.088815481324737
Misiones,"Administración pública, salud y educación",2010,1107.0609657546383,17.114142399229
Misiones,Comercio,2010,926.4219490699984,14.32162965600325
Misiones,Servicios financieros e inmobiliarios,2010,556.0022052810621,8.59528175034075
Misiones,Transporte y comunicaciones,2010,545.8952539645993,8.439037596312511
Misiones,"Agro, pesca y silvicultura",2010,529.6700730689812,8.188211250799034
Misiones,Construcción,2010,437.1856550825353,6.758487371002651
Misiones,Minería y energía,2010,298.37044115692987,4.612532078754742
Misiones,Otros servicios,2010,237.7626267283226,3.675591116402069
Misiones,Resto / no clasificado,2010,229.98995830496716,3.555432824913018
Misiones,Hotelería y gastronomía,2010,171.47454623462477,2.650838474918245
Misiones,Industria manufacturera,2011,1501.4413863930474,21.790128659115062
Misiones,"Administración pública, salud y educación",2011,1185.3630792997028,17.20294527630915
Misiones,Comercio,2011,1012.3994604172096,14.692757703919263
Misiones,Servicios financieros e inmobiliarios,2011,585.2704825399553,8.493917398643939
Misiones,Transporte y comunicaciones,2011,582.2729485417215,8.450414767057035
Misiones,"Agro, pesca y silvicultura",2011,531.6217241010316,7.71532333604501
Misiones,Construcción,2011,500.52787463534463,7.264064308216994
Misiones,Minería y energía,2011,313.7721076000458,4.5537139552758195
Misiones,Otros servicios,2011,257.2574813594017,3.7335281071530324
Misiones,Resto / no clasificado,2011,246.20530520043957,3.573130010597603
Misiones,Hotelería y gastronomía,2011,174.33405711993566,2.5300764776670897
Misiones,Industria manufacturera,2012,1468.9241030650348,21.069014658794597
Misiones,"Administración pública, salud y educación",2012,1323.074766537421,18.977074167884354
Misiones,Comercio,2012,996.590414139519,14.294256592636279
Misiones,Servicios financieros e inmobiliarios,2012,609.4495208803011,8.74143249636221
Misiones,Transporte y comunicaciones,2012,576.4084342864405,8.267518877315462
Misiones,"Agro, pesca y silvicultura",2012,503.8030524225354,7.2261282080452816
Misiones,Construcción,2012,464.7357716259545,6.665779916350074
Misiones,Minería y energía,2012,345.71037389141935,4.958579493669862
Misiones,Otros servicios,2012,271.4722794180086,3.89377056485074
Misiones,Resto / no clasificado,2012,233.66868990070583,3.3515476004149503
Misiones,Hotelería y gastronomía,2012,178.12652690571684,2.5548974236761923
Misiones,Industria manufacturera,2013,1479.248922369501,20.33163364784269
Misiones,"Administración pública, salud y educación",2013,1432.5856902763128,19.6902677996775
Misiones,Comercio,2013,1019.8654645012704,14.017607639092956
Misiones,Servicios financieros e inmobiliarios,2013,619.3645209381943,8.51289620276731
Misiones,Transporte y comunicaciones,2013,613.939897611266,8.438337112344596
Misiones,Construcción,2013,535.9198468210253,7.36598541692317
Misiones,"Agro, pesca y silvicultura",2013,512.7393760126813,7.047379918461946
Misiones,Minería y energía,2013,362.4243681438765,4.981365452914317
Misiones,Otros servicios,2013,274.17979610043636,3.7684821558124626
Misiones,Resto / no clasificado,2013,248.85213014174207,3.4203643930479353
Misiones,Hotelería y gastronomía,2013,176.4828628342043,2.425680261115122
Misiones,"Administración pública, salud y educación",2014,1531.7063673457833,20.866220070478864
Misiones,Industria manufacturera,2014,1435.8168981613185,19.559931339753263
Misiones,Comercio,2014,965.7685220061284,13.15652852722762
Misiones,Transporte y comunicaciones,2014,636.7623011621345,8.674523127861447
Misiones,Servicios financieros e inmobiliarios,2014,625.2114677591668,8.517167751581711
Misiones,"Agro, pesca y silvicultura",2014,543.6151110456151,7.405592078572904
Misiones,Construcción,2014,500.8676332345588,6.823249210201157
Misiones,Minería y energía,2014,386.7179722544014,5.268204458960783
Misiones,Otros servicios,2014,279.9691564048285,3.8139803783753923
Misiones,Resto / no clasificado,2014,240.2608044990552,3.2730390940888627
Misiones,Hotelería y gastronomía,2014,193.90672235103847,2.64156396289799
Misiones,"Administración pública, salud y educación",2015,1625.152031150899,21.509790282588533
Misiones,Industria manufacturera,2015,1408.6944762237113,18.644854250561767
Misiones,Comercio,2015,965.4307953305408,12.77801309776931
Misiones,Transporte y comunicaciones,2015,674.0332029725471,8.921204023708178
Misiones,Servicios financieros e inmobiliarios,2015,628.9441996502928,8.324426007299587
Misiones,Construcción,2015,573.3293756545686,7.58833290473371
Misiones,"Agro, pesca y silvicultura",2015,517.0484588352346,6.843423693477721
Misiones,Minería y energía,2015,423.2425848314427,5.601850820035498
Misiones,Otros servicios,2015,285.8787060909645,3.7837635472908233
Misiones,Resto / no clasificado,2015,258.87501525990285,3.4263546923047126
Misiones,Hotelería y gastronomía,2015,194.77736577689336,2.5779866802301634
Misiones,"Administración pública, salud y educación",2016,1697.751794461512,23.026652936185943
Misiones,Industria manufacturera,2016,1313.206450031341,17.8110541582573
Misiones,Comercio,2016,918.6988989757524,12.46033770577197
Misiones,Transporte y comunicaciones,2016,716.8691527206589,9.7229154663282
Misiones,Servicios financieros e inmobiliarios,2016,629.2314656873363,8.534283176243378
Misiones,"Agro, pesca y silvicultura",2016,506.5115604139952,6.869829823103422
Misiones,Minería y energía,2016,463.13619460846553,6.281528578102629
Misiones,Construcción,2016,414.2978144207655,5.619132323116274
Misiones,Otros servicios,2016,274.71216035265115,3.725928368579181
Misiones,Resto / no clasificado,2016,234.0978109608324,3.1750748629458485
Misiones,Hotelería y gastronomía,2016,204.4722509619653,2.773262601365859
Misiones,"Administración pública, salud y educación",2017,1697.7330484369852,22.479121821141806
Misiones,Industria manufacturera,2017,1342.8814211918939,17.78064878109785
Misiones,Comercio,2017,951.2562713002836,12.595269689407761
Misiones,Transporte y comunicaciones,2017,746.7340058679438,9.887258012293898
Misiones,Servicios financieros e inmobiliarios,2017,642.815562793452,8.511308275387075
Misiones,"Agro, pesca y silvicultura",2017,502.7465764465522,6.656701150695365
Misiones,Minería y energía,2017,486.3436105591276,6.439514904158599
Misiones,Construcción,2017,430.3694258244495,5.698379235834104
Misiones,Otros servicios,2017,277.02681223913913,3.6680204027243017
Misiones,Resto / no clasificado,2017,241.48415786751968,3.1974118708341197
Misiones,Hotelería y gastronomía,2017,233.09742060707808,3.086365856425116
Misiones,"Administración pública, salud y educación",2018,1620.5930440344741,21.77968793668635
Misiones,Industria manufacturera,2018,1332.9242347956056,17.91361130665027
Misiones,Comercio,2018,952.8593929259036,12.805793719687912
Misiones,Transporte y comunicaciones,2018,739.5638178071207,9.939243674034184
Misiones,Servicios financieros e inmobiliarios,2018,662.7532779460698,8.906961328642044
Misiones,"Agro, pesca y silvicultura",2018,505.791173251534,6.797495494072067
Misiones,Minería y energía,2018,489.6569400445015,6.580662177626327
Misiones,Construcción,2018,391.9086599136329,5.2669905896636005
Misiones,Otros servicios,2018,283.035125611167,3.803803017434714
Misiones,Resto / no clasificado,2018,241.49210818481612,3.245492614446832
Misiones,Hotelería y gastronomía,2018,220.2682502103463,2.9602581410557
Misiones,"Administración pública, salud y educación",2019,1557.5288360629277,21.401547890390106
Misiones,Industria manufacturera,2019,1339.024840883617,18.399148442754676
Misiones,Comercio,2019,907.5257638046394,12.470045912551655
Misiones,Transporte y comunicaciones,2019,719.2094457910473,9.882446501745632
Misiones,Servicios financieros e inmobiliarios,2019,662.2106271196224,9.099242416371716
Misiones,"Agro, pesca y silvicultura",2019,534.5669690186619,7.34532826820251
Misiones,Minería y energía,2019,479.38917435849305,6.587146340803508
Misiones,Construcción,2019,350.1731607734963,4.811626916113461
Misiones,Otros servicios,2019,277.27669708532,3.809977943368821
Misiones,Resto / no clasificado,2019,234.735540107649,3.2254323559679303
Misiones,Hotelería y gastronomía,2019,216.00467435927916,2.968057011729996
Misiones,"Administración pública, salud y educación",2020,1559.2126315763526,22.397692062275024
Misiones,Industria manufacturera,2020,1391.9489058014497,19.99499127135879
Misiones,Comercio,2020,956.2345998196156,13.736066314701192
Misiones,Servicios financieros e inmobiliarios,2020,666.2259278584477,9.57016565533529
Misiones,Transporte y comunicaciones,2020,601.5644312254636,8.641319736220833
Misiones,Minería y energía,2020,530.2037992972745,7.616242445972709
Misiones,"Agro, pesca y silvicultura",2020,506.9792103256501,7.282627144553906
Misiones,Construcción,2020,266.8358914127324,3.8330295727420003
Misiones,Resto / no clasificado,2020,205.67343248248835,2.954446438441586
Misiones,Otros servicios,2020,184.76056701983762,2.654038456049416
Misiones,Hotelería y gastronomía,2020,91.84854238926495,1.3193809023492589
Misiones,"Administración pública, salud y educación",2021,1929.8071547984343,24.68867483048626
Misiones,Industria manufacturera,2021,1502.183010893963,19.21793470379973
Misiones,Comercio,2021,1028.0323636237058,13.151965302653707
Misiones,Servicios financieros e inmobiliarios,2021,674.3027216326599,8.626582500902508
Misiones,Transporte y comunicaciones,2021,663.9683873260083,8.494371871124265
Misiones,Minería y energía,2021,549.0278276914476,7.023898464185228
Misiones,"Agro, pesca y silvicultura",2021,497.8133810340938,6.368694747584459
Misiones,Construcción,2021,359.26469049928954,4.5961945470860694
Misiones,Resto / no clasificado,2021,242.00499684642412,3.0960516752350187
Misiones,Otros servicios,2021,234.2766492129173,2.9971803132825148
Misiones,Hotelería y gastronomía,2021,135.88721490145096,1.7384510436602363
Misiones,"Administración pública, salud y educación",2022,1967.8959209263212,24.467683504322775
Misiones,Industria manufacturera,2022,1519.2244623591112,18.88916122125515
Misiones,Comercio,2022,1064.321539773562,13.233160506656697
Misiones,Transporte y comunicaciones,2022,711.6514703816563,8.84826415742961
Misiones,Servicios financieros e inmobiliarios,2022,676.0935187366762,8.406157083747656
Misiones,Minería y energía,2022,525.1575177463858,6.529505853178414
Misiones,"Agro, pesca y silvicultura",2022,443.2870721047006,5.5115759255754915
Misiones,Construcción,2022,416.2516523731609,5.175433100965916
Misiones,Otros servicios,2022,267.5419084065441,3.3264618669225463
Misiones,Resto / no clasificado,2022,249.42178401841545,3.101166685468541
Misiones,Hotelería y gastronomía,2022,201.99023081772862,2.5114300944772006
Misiones,"Administración pública, salud y educación",2023,1894.9316856135754,23.921447532042
Misiones,Industria manufacturera,2023,1477.3261806930857,18.64963311736417
Misiones,Comercio,2023,1077.8644552071785,13.606864145892795
Misiones,Transporte y comunicaciones,2023,714.173471856923,9.015661812773937
Misiones,Servicios financieros e inmobiliarios,2023,693.5928566069275,8.7558539729359
Misiones,Minería y energía,2023,529.3616737595078,6.682614260160895
Misiones,"Agro, pesca y silvicultura",2023,406.9298179935381,5.137045501038132
Misiones,Construcción,2023,361.663368912694,4.565605910434294
Misiones,Otros servicios,2023,277.6952834245946,3.5056003352363714
Misiones,Resto / no clasificado,2023,254.18827604173936,3.208849983752214
Misiones,Hotelería y gastronomía,2023,233.7487648094071,2.950823428369295
Misiones,"Administración pública, salud y educación",2024,1806.2412177327699,24.047849208909046
Misiones,Industria manufacturera,2024,1343.3986010714218,17.885676989796444
Misiones,Comercio,2024,971.857155866243,12.939066004819924
Misiones,Transporte y comunicaciones,2024,729.7352323919115,9.715514549610488
Misiones,Servicios financieros e inmobiliarios,2024,695.6175328700515,9.26127992944917
Misiones,Minería y energía,2024,545.082195144292,7.2570896437323915
Misiones,"Agro, pesca y silvicultura",2024,452.775169850682,6.028136720174372
Misiones,Otros servicios,2024,273.17919907172995,3.6370403475420163
Misiones,Resto / no clasificado,2024,240.10231798968957,3.196662926878147
Misiones,Hotelería y gastronomía,2024,227.26141256107059,3.025702285286268
Misiones,Construcción,2024,225.7801704449733,3.005981393801738
Neuquén,Minería y energía,2004,8250.002818906187,61.69379826323103
Neuquén,"Administración pública, salud y educación",2004,1282.87909572115,9.593412979952202
Neuquén,Comercio,2004,786.3074766423938,5.880033728676682
Neuquén,Industria manufacturera,2004,676.4917747852951,5.058828220603266
Neuquén,Servicios financieros e inmobiliarios,2004,583.4213135940845,4.362844184835664
Neuquén,Construcción,2004,551.1514215853284,4.121528848190919
Neuquén,Resto / no clasificado,2004,525.156734251532,3.9271397029397384
Neuquén,Transporte y comunicaciones,2004,285.49189361028675,2.1349179723693776
Neuquén,Otros servicios,2004,202.36077637875988,1.5132606846741954
Neuquén,"Agro, pesca y silvicultura",2004,125.36714506147821,0.9374997228528834
Neuquén,Hotelería y gastronomía,2004,103.86897591414791,0.776735691674036
Neuquén,Minería y energía,2005,7658.854948597792,58.03970356566759
Neuquén,"Administración pública, salud y educación",2005,1330.3640090156612,10.081654925693387
Neuquén,Comercio,2005,880.2257507844313,6.670454263629703
Neuquén,Industria manufacturera,2005,741.5414662822968,5.61948844488231
Neuquén,Servicios financieros e inmobiliarios,2005,635.4489834682395,4.815507132479872
Neuquén,Resto / no clasificado,2005,578.869241068781,4.3867391901796156
Neuquén,Construcción,2005,557.5965118083087,4.225531945937895
Neuquén,Transporte y comunicaciones,2005,339.97559075889143,2.576375011622513
Neuquén,Otros servicios,2005,225.2853746442864,1.7072390650809564
Neuquén,"Agro, pesca y silvicultura",2005,130.96040107287627,0.9924333217072184
Neuquén,Hotelería y gastronomía,2005,116.76687781152029,0.8848731331189321
Neuquén,Minería y energía,2006,7506.097348162507,55.07686318428086
Neuquén,"Administración pública, salud y educación",2006,1349.6859898536572,9.903478086799412
Neuquén,Comercio,2006,1027.6973820346336,7.540849189628667
Neuquén,Industria manufacturera,2006,853.4711459772558,6.262443898389875
Neuquén,Servicios financieros e inmobiliarios,2006,695.6385758979094,5.104329039885993
Neuquén,Resto / no clasificado,2006,639.8286892275269,4.694817498815006
Neuquén,Construcción,2006,620.8190257331622,4.555331879738317
Neuquén,Transporte y comunicaciones,2006,387.9798772558396,2.8468475196508103
Neuquén,Otros servicios,2006,255.87110333242265,1.8774840103160526
Neuquén,"Agro, pesca y silvicultura",2006,152.47036603111127,1.1187690620090969
Neuquén,Hotelería y gastronomía,2006,138.84435647410425,1.0187866304859172
Neuquén,Minería y energía,2007,7361.879844979887,52.77507129381898
Neuquén,"Administración pública, salud y educación",2007,1447.827987681215,10.379037267657464
Neuquén,Comercio,2007,1128.193220612991,8.08767310860892
Neuquén,Industria manufacturera,2007,921.2129588697404,6.603894739506348
Neuquén,Servicios financieros e inmobiliarios,2007,764.0203068492267,5.477028559680813
Neuquén,Resto / no clasificado,2007,672.0526149066404,4.817740225559511
Neuquén,Construcción,2007,654.4088810832807,4.691257678978432
Neuquén,Transporte y comunicaciones,2007,437.4339325479848,3.1358304485637216
Neuquén,Otros servicios,2007,275.12362025473436,1.972277323088646
Neuquén,Hotelería y gastronomía,2007,144.717256237845,1.0374338723561447
Neuquén,"Agro, pesca y silvicultura",2007,142.66968828316845,1.0227554821810212
Neuquén,Minería y energía,2008,7106.81504820541,50.69510424235134
Neuquén,"Administración pública, salud y educación",2008,1729.2953101586318,12.335596947389037
Neuquén,Comercio,2008,1125.0592872105708,8.025394984546232
Neuquén,Industria manufacturera,2008,894.226538921254,6.378793777437241
Neuquén,Servicios financieros e inmobiliarios,2008,808.6826258514931,5.768582654598854
Neuquén,Resto / no clasificado,2008,693.8317543401537,4.949315955789449
Neuquén,Construcción,2008,639.3828955614588,4.560915448256891
Neuquén,Transporte y comunicaciones,2008,461.94587582766496,3.2952024459003333
Neuquén,Otros servicios,2008,282.774020694496,2.017114327430849
Neuquén,Hotelería y gastronomía,2008,138.96065105861814,0.9912491943603544
Neuquén,"Agro, pesca y silvicultura",2008,137.7663703945537,0.9827300219394174
Neuquén,Minería y energía,2009,6695.683250835715,50.22990230899578
Neuquén,"Administración pública, salud y educación",2009,1821.9000487450546,13.6675911982241
Neuquén,Comercio,2009,1034.0540564343462,7.75730157642017
Neuquén,Servicios financieros e inmobiliarios,2009,813.3560209703741,6.101661614694239
Neuquén,Industria manufacturera,2009,805.8556372522413,6.045394983294856
Neuquén,Resto / no clasificado,2009,602.1032566735133,4.516878506590641
Neuquén,Construcción,2009,535.6344494244485,4.018240567841182
Neuquén,Transporte y comunicaciones,2009,462.8357926332243,3.4721171504299857
Neuquén,Otros servicios,2009,285.93686957664306,2.1450508465408964
Neuquén,Hotelería y gastronomía,2009,137.59811094930978,1.032238146872246
Neuquén,"Agro, pesca y silvicultura",2009,135.11671140074608,1.0136231000958944
Neuquén,Minería y energía,2010,6445.32509542346,48.200340248748475
Neuquén,"Administración pública, salud y educación",2010,1770.0390473617217,13.236955944547322
Neuquén,Comercio,2010,1160.2451747272437,8.676709299509358
Neuquén,Industria manufacturera,2010,922.3048782612901,6.897310575821931
Neuquén,Servicios financieros e inmobiliarios,2010,850.4330803537775,6.359828747963285
Neuquén,Resto / no clasificado,2010,613.1517317576447,4.585357861283507
Neuquén,Construcción,2010,545.6092139568643,4.080251867240413
Neuquén,Transporte y comunicaciones,2010,490.4638326015132,3.6678558895166113
Neuquén,Otros servicios,2010,292.98779242260247,2.191062681000624
Neuquén,Hotelería y gastronomía,2010,151.09373911441804,1.129930535224943
Neuquén,"Agro, pesca y silvicultura",2010,130.2957864947196,0.9743963491435267
Neuquén,Minería y energía,2011,6161.519234783138,46.0701167239301
Neuquén,"Administración pública, salud y educación",2011,1755.612709375692,13.12684085872208
Neuquén,Comercio,2011,1267.0365102192834,9.473721933668187
Neuquén,Industria manufacturera,2011,976.7856236558188,7.303495449960123
Neuquén,Servicios financieros e inmobiliarios,2011,904.5781700019874,6.763595192992594
Neuquén,Resto / no clasificado,2011,647.7009507589798,4.842905989031931
Neuquén,Construcción,2011,559.0742437594508,4.180237809197942
Neuquén,Transporte y comunicaciones,2011,535.8072997950153,4.006269217458504
Neuquén,Otros servicios,2011,299.9045026491886,2.2424072564899844
Neuquén,Hotelería y gastronomía,2011,141.58689409943193,1.0586552584168214
Neuquén,"Agro, pesca y silvicultura",2011,124.6148807994391,0.9317543101317377
Neuquén,Minería y energía,2012,5648.071094182182,43.994154429775556
Neuquén,"Administración pública, salud y educación",2012,1848.5500372060371,14.398791100873233
Neuquén,Comercio,2012,1209.6083954709504,9.42192434594477
Neuquén,Servicios financieros e inmobiliarios,2012,944.285317159447,7.355260473203652
Neuquén,Industria manufacturera,2012,931.3657756985501,7.254627125514729
Neuquén,Resto / no clasificado,2012,615.2583179248683,4.792391774400975
Neuquén,Transporte y comunicaciones,2012,551.6722998945924,4.297105321707428
Neuquén,Construcción,2012,534.6254332425098,4.164323267174153
Neuquén,Otros servicios,2012,302.31382606172076,2.3547935088344425
Neuquén,Hotelería y gastronomía,2012,148.31875354002452,1.1552896624819267
Neuquén,"Agro, pesca y silvicultura",2012,104.1615723020675,0.811338990089132
Neuquén,Minería y energía,2013,5424.377903444771,42.31906364424513
Neuquén,"Administración pública, salud y educación",2013,1801.8795846461087,14.05762249224549
Neuquén,Comercio,2013,1251.531425885199,9.76400225197692
Neuquén,Servicios financieros e inmobiliarios,2013,964.7485143831394,7.526624159969297
Neuquén,Industria manufacturera,2013,957.070079480536,7.466719746759977
Neuquén,Resto / no clasificado,2013,650.8336593852964,5.077572312182055
Neuquén,Transporte y comunicaciones,2013,594.5764775049311,4.6386738241307075
Neuquén,Construcción,2013,579.4243722550207,4.520462497812891
Neuquén,Otros servicios,2013,303.69419397348344,2.3693138921957906
Neuquén,Hotelería y gastronomía,2013,166.91872953824856,1.302240453095969
Neuquén,"Agro, pesca y silvicultura",2013,122.75678862080998,0.9577047253857683
Neuquén,Minería y energía,2014,5646.85459909684,42.537502060932546
Neuquén,"Administración pública, salud y educación",2014,1970.4543993937248,14.843344485723096
Neuquén,Comercio,2014,1180.9438691412863,8.895997122978452
Neuquén,Servicios financieros e inmobiliarios,2014,966.6069342462605,7.281406619569818
Neuquén,Industria manufacturera,2014,928.7092984613944,6.995925431412246
Neuquén,Resto / no clasificado,2014,675.1970712465386,5.0862292105553655
Neuquén,Construcción,2014,665.0617998618318,5.009880666450117
Neuquén,Transporte y comunicaciones,2014,640.8948035591242,4.827831768786381
Neuquén,Otros servicios,2014,303.4422313551189,2.2858166993899225
Neuquén,Hotelería y gastronomía,2014,178.43312633498627,1.3441287261809576
Neuquén,"Agro, pesca y silvicultura",2014,118.4046895373597,0.8919372080210954
Neuquén,Minería y energía,2015,5852.783702207864,41.8799812957715
Neuquén,"Administración pública, salud y educación",2015,2138.3869050240705,15.301369082159562
Neuquén,Comercio,2015,1243.6478097979295,8.89900424531607
Neuquén,Servicios financieros e inmobiliarios,2015,992.1538625711904,7.099422654442935
Neuquén,Industria manufacturera,2015,937.2466768113565,6.706530651316654
Neuquén,Construcción,2015,760.6711727056621,5.443032940569498
Neuquén,Resto / no clasificado,2015,728.7773833432674,5.214814819089203
Neuquén,Transporte y comunicaciones,2015,677.6316952690861,4.848838461702536
Neuquén,Otros servicios,2015,308.261652128999,2.2057866619085926
Neuquén,Hotelería y gastronomía,2015,189.91692043124428,1.3589630986039394
Neuquén,"Agro, pesca y silvicultura",2015,145.65668997902515,1.0422560891195076
Neuquén,Minería y energía,2016,5752.729214213671,41.92367341259466
Neuquén,"Administración pública, salud y educación",2016,2200.9926288840406,16.039986017223892
Neuquén,Comercio,2016,1170.777471959345,8.532174998255305
Neuquén,Servicios financieros e inmobiliarios,2016,974.8308396859031,7.104191460036149
Neuquén,Industria manufacturera,2016,874.2254921245186,6.371018460287963
Neuquén,Resto / no clasificado,2016,735.1751819889498,5.35767338997938
Neuquén,Construcción,2016,692.1406507573396,5.044054311862431
Neuquén,Transporte y comunicaciones,2016,690.3913743325004,5.031306259448959
Neuquén,Otros servicios,2016,310.8207476465974,2.265141818599504
Neuquén,Hotelería y gastronomía,2016,195.73462627670338,1.4264385202219938
Neuquén,"Agro, pesca y silvicultura",2016,124.09291669497978,0.9043413514897655
Neuquén,Minería y energía,2017,5651.365691960714,41.45555654638627
Neuquén,"Administración pública, salud y educación",2017,2280.5791493997262,16.729173626286556
Neuquén,Comercio,2017,1120.9970579355554,8.223066680977245
Neuquén,Servicios financieros e inmobiliarios,2017,969.6582855774593,7.11292209343507
Neuquén,Industria manufacturera,2017,816.665164758095,5.990642043436254
Neuquén,Resto / no clasificado,2017,740.3131076321749,5.430562021341924
Neuquén,Construcción,2017,702.3712462125848,5.152239741863092
Neuquén,Transporte y comunicaciones,2017,699.3270956698282,5.129909395210692
Neuquén,Otros servicios,2017,311.1269892970837,2.2822700212552145
Neuquén,Hotelería y gastronomía,2017,203.2220274678538,1.4907338704252167
Neuquén,"Agro, pesca y silvicultura",2017,136.7220833076369,1.0029239593824673
Neuquén,Minería y energía,2018,6157.776431529946,42.59136940449359
Neuquén,"Administración pública, salud y educación",2018,2461.069015711104,17.022426965907506
Neuquén,Comercio,2018,1116.5085871440413,7.722532671834275
Neuquén,Servicios financieros e inmobiliarios,2018,990.5642257865214,6.851415820055621
Neuquén,Construcción,2018,816.4474966207717,5.647106112832607
Neuquén,Industria manufacturera,2018,789.7110499229456,5.46217866531439
Neuquén,Resto / no clasificado,2018,756.8307354040475,5.234756049800176
Neuquén,Transporte y comunicaciones,2018,700.2115478561211,4.843139244765103
Neuquén,Otros servicios,2018,306.72710226220465,2.12153322941827
Neuquén,Hotelería y gastronomía,2018,218.7592634682339,1.51308783367368
Neuquén,"Agro, pesca y silvicultura",2018,143.19789184332532,0.9904540019047827
Neuquén,Minería y energía,2019,7195.925826794762,45.5727714900873
Neuquén,"Administración pública, salud y educación",2019,2725.647257778216,17.261892719736135
Neuquén,Comercio,2019,1070.912912342908,6.782236311866756
Neuquén,Servicios financieros e inmobiliarios,2019,951.7061492146174,6.027283758591432
Neuquén,Construcción,2019,855.0348557134541,5.415051382324426
Neuquén,Industria manufacturera,2019,795.3472337843109,5.037041600061957
Neuquén,Resto / no clasificado,2019,764.362427472793,4.840810631082058
Neuquén,Transporte y comunicaciones,2019,747.71481206355,4.735379031151542
Neuquén,Otros servicios,2019,308.2576716909673,1.9522375258134355
Neuquén,Hotelería y gastronomía,2019,236.50446447673832,1.4978147601035958
Neuquén,"Agro, pesca y silvicultura",2019,138.55393180903752,0.8774807891813611
Neuquén,Minería y energía,2020,7033.169021827775,48.16884499930711
Neuquén,"Administración pública, salud y educación",2020,2528.757480579962,17.318981919083658
Neuquén,Comercio,2020,956.1000123309542,6.548148232308059
Neuquén,Servicios financieros e inmobiliarios,2020,941.0665343420715,6.445186783663846
Neuquén,Industria manufacturera,2020,702.5586725012138,4.811691528186143
Neuquén,Construcción,2020,702.5307571196197,4.8115003410150505
Neuquén,Resto / no clasificado,2020,666.2358596072359,4.562923449557747
Neuquén,Transporte y comunicaciones,2020,604.4725635797515,4.139918311509599
Neuquén,Otros servicios,2020,211.21779430396907,1.4465907421459032
Neuquén,"Agro, pesca y silvicultura",2020,127.68954434549121,0.8745215493216867
Neuquén,Hotelería y gastronomía,2020,127.27642074757469,0.8716921439011945
Neuquén,Minería y energía,2021,8620.387674916039,49.59156560462325
Neuquén,"Administración pública, salud y educación",2021,2606.663344921498,14.9956731824245
Neuquén,Comercio,2021,1314.0558426822347,7.559530845710977
Neuquén,Industria manufacturera,2021,981.5977304673703,5.646958128051475
Neuquén,Servicios financieros e inmobiliarios,2021,948.7612667180426,5.45805575989151
Neuquén,Construcción,2021,898.2859831707341,5.167680381214275
Neuquén,Resto / no clasificado,2021,776.5801535722305,4.467528269661116
Neuquén,Transporte y comunicaciones,2021,655.5013517267864,3.770983337868823
Neuquén,Otros servicios,2021,257.74981341042286,1.482789088304765
Neuquén,Hotelería y gastronomía,2021,189.5039702341342,1.0901828231633641
Neuquén,"Agro, pesca y silvicultura",2021,133.68263924091033,0.7690525790859352
Neuquén,Minería y energía,2022,11056.210643511879,53.55453662728202
Neuquén,"Administración pública, salud y educación",2022,2926.4401453999967,14.175213462158768
Neuquén,Comercio,2022,1428.3532639937523,6.918717421338269
Neuquén,Industria manufacturera,2022,1052.6590299040777,5.098913939932888
Neuquén,Construcción,2022,1015.4871195884506,4.918859082378912
Neuquén,Servicios financieros e inmobiliarios,2022,951.1969828542219,4.607447822814434
Neuquén,Resto / no clasificado,2022,829.3869791130128,4.017419420022007
Neuquén,Transporte y comunicaciones,2022,737.3935276855086,3.571817683333363
Neuquén,Otros servicios,2022,288.55851238840705,1.3977318196164805
Neuquén,Hotelería y gastronomía,2022,227.67394485599272,1.1028165989242666
Neuquén,"Agro, pesca y silvicultura",2022,131.40935073538364,0.6365261221985953
Neuquén,Minería y energía,2023,12895.848113321359,55.94862490593686
Neuquén,"Administración pública, salud y educación",2023,3017.7059826726672,13.092314566464784
Neuquén,Comercio,2023,1541.5214318095368,6.687889281487638
Neuquén,Construcción,2023,1263.9563895382832,5.483673606754847
Neuquén,Industria manufacturera,2023,1077.153916298343,4.673231252365876
Neuquén,Servicios financieros e inmobiliarios,2023,953.4906002606384,4.136718072091151
Neuquén,Resto / no clasificado,2023,857.9562935921846,3.7222425724983252
Neuquén,Transporte y comunicaciones,2023,770.5451440565755,3.343009382483266
Neuquén,Otros servicios,2023,296.393051828039,1.2859009764796243
Neuquén,Hotelería y gastronomía,2023,246.6087919171104,1.0699120116980876
Neuquén,"Agro, pesca y silvicultura",2023,128.26633454543952,0.5564833717395516
Neuquén,Minería y energía,2024,15321.662891863582,59.70769456707713
Neuquén,"Administración pública, salud y educación",2024,3376.429034226159,13.157761982222162
Neuquén,Comercio,2024,1418.3949564936777,5.527408704624383
Neuquén,Construcción,2024,1180.757039213167,4.601346547880555
Neuquén,Industria manufacturera,2024,983.6249952365006,3.8331335964395645
Neuquén,Servicios financieros e inmobiliarios,2024,952.0354493525376,3.710030838568946
Neuquén,Resto / no clasificado,2024,891.8484366016745,3.4754852935066225
Neuquén,Transporte y comunicaciones,2024,836.6101419841904,3.260224636311351
Neuquén,Otros servicios,2024,297.151853150606,1.157984757475586
Neuquén,Hotelería y gastronomía,2024,268.28347735712,1.0454862527969329
Neuquén,"Agro, pesca y silvicultura",2024,134.3212886849005,0.523442823096779
Río Negro,Minería y energía,2004,1257.623485380569,21.521053934805472
Río Negro,"Administración pública, salud y educación",2004,792.3299996150727,13.558729503783358
Río Negro,Comercio,2004,779.1646417769585,13.333437610463372
Río Negro,Servicios financieros e inmobiliarios,2004,657.2632773675928,11.247403222049849
Río Negro,"Agro, pesca y silvicultura",2004,639.2708196870401,10.93950768998947
Río Negro,Industria manufacturera,2004,425.5075191289207,7.2814879614526795
Río Negro,Transporte y comunicaciones,2004,410.6355837717265,7.026992298277096
Río Negro,Resto / no clasificado,2004,305.984853078971,5.236158995832798
Río Negro,Construcción,2004,251.6245555673509,4.305919613172392
Río Negro,Otros servicios,2004,162.15854206585962,2.7749344460856125
Río Negro,Hotelería y gastronomía,2004,162.12583365242705,2.7743747240879024
Río Negro,Minería y energía,2005,1348.200832118727,21.044669436920632
Río Negro,"Administración pública, salud y educación",2005,884.6535987725429,13.808953465110225
Río Negro,Comercio,2005,842.9683451295202,13.158269707607284
Río Negro,"Agro, pesca y silvicultura",2005,742.0476485433196,11.582953442846721
Río Negro,Servicios financieros e inmobiliarios,2005,696.878209497029,10.877883477946558
Río Negro,Transporte y comunicaciones,2005,455.9083012456629,7.1164764660359525
Río Negro,Industria manufacturera,2005,443.6913268158117,6.925776251149205
Río Negro,Resto / no clasificado,2005,331.60363122909047,5.176149307319365
Río Negro,Construcción,2005,292.9798595489943,4.573253590264104
Río Negro,Otros servicios,2005,188.23161920078138,2.938191484002826
Río Negro,Hotelería y gastronomía,2005,179.21348337647893,2.797423370797134
Río Negro,Minería y energía,2006,1599.7030739745494,22.792824552512734
Río Negro,"Administración pública, salud y educación",2006,933.0876532479999,13.29478171205656
Río Negro,Comercio,2006,929.1284439666492,13.238370266717332
Río Negro,Servicios financieros e inmobiliarios,2006,746.599796189823,10.637672979658932
Río Negro,"Agro, pesca y silvicultura",2006,716.7368790916807,10.212181373674174
Río Negro,Transporte y comunicaciones,2006,506.5144571179553,7.21689877466877
Río Negro,Industria manufacturera,2006,479.6292038014262,6.833833397185312
Río Negro,Resto / no clasificado,2006,389.918395568893,5.555619492508664
Río Negro,Construcción,2006,300.1622188032766,4.276759169736312
Río Negro,Otros servicios,2006,209.57536988715535,2.986063297670383
Río Negro,Hotelería y gastronomía,2006,207.3948556911298,2.9549949836108302
Río Negro,Minería y energía,2007,1611.2044794205278,21.89832722039411
Río Negro,Comercio,2007,1046.2586531869204,14.219991712595105
Río Negro,"Administración pública, salud y educación",2007,969.0956239841744,13.17124756845874
Río Negro,Servicios financieros e inmobiliarios,2007,788.862640708114,10.721651074594435
Río Negro,"Agro, pesca y silvicultura",2007,691.6748290976227,9.400744555487694
Río Negro,Transporte y comunicaciones,2007,572.0262182238486,7.774567080284898
Río Negro,Industria manufacturera,2007,535.4495859257979,7.277443919995015
Río Negro,Resto / no clasificado,2007,409.7539119802452,5.569079132406026
Río Negro,Construcción,2007,279.54715157156886,3.799402916782463
Río Negro,Hotelería y gastronomía,2007,230.1560338463634,3.128114528783102
Río Negro,Otros servicios,2007,223.63094903091968,3.0394302902184216
Río Negro,Minería y energía,2008,1590.8176037641658,21.214949510717986
Río Negro,Comercio,2008,1111.271816816544,14.819785392531927
Río Negro,"Administración pública, salud y educación",2008,984.1326226619343,13.124272608136515
Río Negro,Servicios financieros e inmobiliarios,2008,826.0277078733488,11.015804750665247
Río Negro,"Agro, pesca y silvicultura",2008,695.1921953048086,9.270998314790543
Río Negro,Transporte y comunicaciones,2008,576.5896008179475,7.689328582242166
Río Negro,Industria manufacturera,2008,561.8730649139835,7.493070654597592
Río Negro,Resto / no clasificado,2008,413.4729009884372,5.514024170818885
Río Negro,Construcción,2008,282.50158553577,3.7674066842471414
Río Negro,Otros servicios,2008,231.48090984647527,3.087001176921886
Río Negro,Hotelería y gastronomía,2008,225.20888017684004,3.0033581543301127
Río Negro,Minería y energía,2009,1534.0485368436287,21.115368713987984
Río Negro,Comercio,2009,1046.468358268684,14.40408481326776
Río Negro,"Administración pública, salud y educación",2009,1011.6310664952023,13.924567872879823
Río Negro,Servicios financieros e inmobiliarios,2009,855.8259091578828,11.779992088147818
Río Negro,"Agro, pesca y silvicultura",2009,637.1068362443862,8.769439450189878
Río Negro,Transporte y comunicaciones,2009,562.2873570274118,7.73958879506943
Río Negro,Industria manufacturera,2009,527.6322925769264,7.262580117635643
Río Negro,Resto / no clasificado,2009,371.4663697133901,5.113038585782599
Río Negro,Construcción,2009,275.3228193725759,3.7896733426624625
Río Negro,Otros servicios,2009,228.669813445442,3.14751933116412
Río Negro,Hotelería y gastronomía,2009,214.62114985543437,2.9541468892124825
Río Negro,Minería y energía,2010,1659.3538588976871,21.572278033008452
Río Negro,"Administración pública, salud y educación",2010,1093.0304896826801,14.209842882851907
Río Negro,Comercio,2010,1076.213671692687,13.991217379096113
Río Negro,Servicios financieros e inmobiliarios,2010,905.6613106647197,11.773967012905114
Río Negro,Transporte y comunicaciones,2010,622.0521185118571,8.086931656924602
Río Negro,"Agro, pesca y silvicultura",2010,599.4878127566793,7.793586464298921
Río Negro,Industria manufacturera,2010,540.9577098721335,7.032671216501939
Río Negro,Resto / no clasificado,2010,380.80435640050257,4.950612196671304
Río Negro,Construcción,2010,341.40547968047184,4.4384107043643315
Río Negro,Otros servicios,2010,241.111608114502,3.1345494026735605
Río Negro,Hotelería y gastronomía,2010,231.98756006226137,3.0159330507037545
Río Negro,Minería y energía,2011,1740.8444302162743,21.041218603026493
Río Negro,Comercio,2011,1215.3112967399145,14.689210719567424
Río Negro,"Administración pública, salud y educación",2011,1183.7906131350724,14.30822688049806
Río Negro,Servicios financieros e inmobiliarios,2011,970.9791649825102,11.736019896299938
Río Negro,Transporte y comunicaciones,2011,667.9585604177463,8.073473909306529
Río Negro,"Agro, pesca y silvicultura",2011,665.7514185046676,8.046796651606241
Río Negro,Industria manufacturera,2011,586.7320508337855,7.091706259738545
Río Negro,Resto / no clasificado,2011,429.276518346244,5.188574525609551
Río Negro,Construcción,2011,347.53818549950216,4.200620576466854
Río Negro,Otros servicios,2011,246.75371859005872,2.9824600313757377
Río Negro,Hotelería y gastronomía,2011,218.56028389716488,2.6416919465046327
Río Negro,Minería y energía,2012,1859.308814141784,22.060174328011396
Río Negro,"Administración pública, salud y educación",2012,1259.977753499336,14.949280442389142
Río Negro,Comercio,2012,1179.8494862040563,13.99858116549077
Río Negro,Servicios financieros e inmobiliarios,2012,1030.3935838301577,12.22532906468777
Río Negro,Transporte y comunicaciones,2012,672.5940846803538,7.9801389888459955
Río Negro,"Agro, pesca y silvicultura",2012,631.123601024747,7.488103404465729
Río Negro,Industria manufacturera,2012,559.1606890181698,6.634283763563741
Río Negro,Resto / no clasificado,2012,428.5083589186549,5.084130740873665
Río Negro,Construcción,2012,305.9643239034873,3.630180350959371
Río Negro,Otros servicios,2012,257.7511289808303,3.058144400387525
Río Negro,Hotelería y gastronomía,2012,243.71867972388543,2.8916533503248902
Río Negro,Minería y energía,2013,1852.2904828339188,21.279298095381673
Río Negro,"Administración pública, salud y educación",2013,1341.8567945882917,15.415384896688368
Río Negro,Comercio,2013,1257.165763973098,14.44244587704358
Río Negro,Servicios financieros e inmobiliarios,2013,1058.539606379,12.16060873748298
Río Negro,Transporte y comunicaciones,2013,690.8729292918847,7.936817224228926
Río Negro,"Agro, pesca y silvicultura",2013,628.8756177279295,7.224585915960662
Río Negro,Industria manufacturera,2013,592.404138275345,6.805597916808523
Río Negro,Resto / no clasificado,2013,440.2300548271904,5.057406845216698
Río Negro,Construcción,2013,325.531847750511,3.7397423849122196
Río Negro,Hotelería y gastronomía,2013,263.7569911693358,3.030066661707555
Río Negro,Otros servicios,2013,253.1354594723409,2.908045444568815
Río Negro,Minería y energía,2014,1764.967736381039,20.695573263737145
Río Negro,"Administración pública, salud y educación",2014,1372.2384918257371,16.09052769493152
Río Negro,Comercio,2014,1166.334780159817,13.676151917845088
Río Negro,Servicios financieros e inmobiliarios,2014,1061.9121087657643,12.451717611378983
Río Negro,Transporte y comunicaciones,2014,694.9188232194404,8.148445505172143
Río Negro,"Agro, pesca y silvicultura",2014,610.8277841371348,7.162414868872782
Río Negro,Industria manufacturera,2014,572.759145027648,6.7160314628188
Río Negro,Resto / no clasificado,2014,443.0289990871708,5.194847996127471
Río Negro,Construcción,2014,325.7184361279739,3.819293474484834
Río Negro,Hotelería y gastronomía,2014,270.9244491077095,3.176792793358884
Río Negro,Otros servicios,2014,244.60721226523833,2.868203411272355
Río Negro,Minería y energía,2015,1709.3345609930175,19.448717252880716
Río Negro,"Administración pública, salud y educación",2015,1457.918150001562,16.588114769498972
Río Negro,Comercio,2015,1251.36155123577,14.237924831387128
Río Negro,Servicios financieros e inmobiliarios,2015,1074.8826929096217,12.229957816022676
Río Negro,Transporte y comunicaciones,2015,732.3763792134614,8.332939289390138
Río Negro,"Agro, pesca y silvicultura",2015,641.5454834174161,7.299470212899398
Río Negro,Industria manufacturera,2015,604.1690152400378,6.87420275614662
Río Negro,Resto / no clasificado,2015,452.0130712548893,5.1429805598358085
Río Negro,Construcción,2015,350.6022261551966,3.989133385778896
Río Negro,Hotelería y gastronomía,2015,271.3952561058818,3.0879207150120944
Río Negro,Otros servicios,2015,243.33375109180233,2.768638411147559
Río Negro,Minería y energía,2016,1637.4835300737177,19.185455877915793
Río Negro,"Administración pública, salud y educación",2016,1509.5160598642526,17.686134383426218
Río Negro,Comercio,2016,1191.8805060921115,13.964580676025923
Río Negro,Servicios financieros e inmobiliarios,2016,1073.4087062144747,12.57651450767347
Río Negro,Transporte y comunicaciones,2016,755.6190895619536,8.853155733816223
Río Negro,Industria manufacturera,2016,564.8467950625161,6.617986114319076
Río Negro,"Agro, pesca y silvicultura",2016,544.0810517724832,6.374685803600765
Río Negro,Resto / no clasificado,2016,431.2112750190343,5.052255328983403
Río Negro,Construcción,2016,304.03168228578085,3.562164943252752
Río Negro,Hotelería y gastronomía,2016,279.78836337545613,3.2781198724193756
Río Negro,Otros servicios,2016,243.1583291476714,2.848946758567005
Río Negro,Minería y energía,2017,1590.0659166520118,18.412599409875277
Río Negro,"Administración pública, salud y educación",2017,1513.7508859890336,17.528888820374423
Río Negro,Comercio,2017,1249.7310262612489,14.47159926872179
Río Negro,Servicios financieros e inmobiliarios,2017,1093.258566997409,12.659684000976547
Río Negro,Transporte y comunicaciones,2017,762.1158738964436,8.825127400698369
Río Negro,Industria manufacturera,2017,583.8513303741881,6.760864784610921
Río Negro,"Agro, pesca y silvicultura",2017,572.570496952766,6.630235315339909
Río Negro,Resto / no clasificado,2017,428.7702486930462,4.9650613508404895
Río Negro,Construcción,2017,307.7688335066636,3.5638926555539703
Río Negro,Hotelería y gastronomía,2017,288.54673360507417,3.3413051378931993
Río Negro,Otros servicios,2017,245.3193436339436,2.840741855115107
Río Negro,Minería y energía,2018,1557.4574850103106,17.934913246568083
Río Negro,"Administración pública, salud y educación",2018,1556.2539895013629,17.921054385088173
Río Negro,Comercio,2018,1308.5326703463115,15.06841769283083
Río Negro,Servicios financieros e inmobiliarios,2018,1102.7721066765578,12.698980392295109
Río Negro,Transporte y comunicaciones,2018,760.9099292368692,8.762263946630405
Río Negro,Industria manufacturera,2018,605.0799267235143,6.9678023942683485
Río Negro,"Agro, pesca y silvicultura",2018,574.0708797456716,6.6107174832778695
Río Negro,Resto / no clasificado,2018,413.7943703374898,4.765052147713692
Río Negro,Construcción,2018,286.06469469492174,3.2941801183262744
Río Negro,Hotelería y gastronomía,2018,268.4583801117119,3.0914344718603197
Río Negro,Otros servicios,2018,250.54768430400182,2.8851837211409035
Río Negro,"Administración pública, salud y educación",2019,1555.3823845888123,18.202725513432316
Río Negro,Minería y energía,2019,1517.931362786897,17.764434147391125
Río Negro,Comercio,2019,1230.9560001196476,14.405945709108726
Río Negro,Servicios financieros e inmobiliarios,2019,1084.7877374581742,12.695330499392654
Río Negro,Transporte y comunicaciones,2019,776.8883928688169,9.09196755092552
Río Negro,Industria manufacturera,2019,592.0399087012215,6.928675583486725
Río Negro,"Agro, pesca y silvicultura",2019,586.8358138145843,6.867771775068992
Río Negro,Resto / no clasificado,2019,389.73567610025407,4.56109803295757
Río Negro,Hotelería y gastronomía,2019,281.4581712405511,3.2939204438520115
Río Negro,Construcción,2019,272.8973284812247,3.193732430630511
Río Negro,Otros servicios,2019,255.86467181622524,2.994398313753855
Río Negro,"Administración pública, salud y educación",2020,1449.1496804116755,18.708794239265938
Río Negro,Minería y energía,2020,1324.4677951993915,17.099127710451793
Río Negro,Comercio,2020,1197.9222932688765,15.465401540184775
Río Negro,Servicios financieros e inmobiliarios,2020,1101.6189753852445,14.22210763949423
Río Negro,Transporte y comunicaciones,2020,625.6301091732004,8.077002079651143
Río Negro,"Agro, pesca y silvicultura",2020,605.7185872801408,7.819940596546054
Río Negro,Industria manufacturera,2020,561.451807325256,7.248448162737883
Río Negro,Resto / no clasificado,2020,345.69561860166755,4.462995289759887
Río Negro,Construcción,2020,242.00945204812268,3.1243874276945576
Río Negro,Otros servicios,2020,161.6408681590446,2.0868139322811627
Río Negro,Hotelería y gastronomía,2020,130.5156387899334,1.6849813819325792
Río Negro,"Administración pública, salud y educación",2021,1564.9564134506413,18.984740699551647
Río Negro,Minería y energía,2021,1310.404544010928,15.89673058351048
Río Negro,Comercio,2021,1247.4646780200342,15.133196835713015
Río Negro,Servicios financieros e inmobiliarios,2021,1127.5823088119537,13.678884323043723
Río Negro,Transporte y comunicaciones,2021,666.3376702879359,8.083450618836542
Río Negro,"Agro, pesca y silvicultura",2021,599.5589278191673,7.273346836318835
Río Negro,Industria manufacturera,2021,584.7149382678041,7.093271985570685
Río Negro,Resto / no clasificado,2021,407.79704974558734,4.947052314633885
Río Negro,Construcción,2021,303.1077900093238,3.6770498832315615
Río Negro,Hotelería y gastronomía,2021,218.20586631236984,2.6470908425667985
Río Negro,Otros servicios,2021,213.10282980790532,2.58518507702283
Río Negro,"Administración pública, salud y educación",2022,1652.0160983336011,19.390879656487364
Río Negro,Comercio,2022,1309.5408746428277,15.3710060882969
Río Negro,Minería y energía,2022,1270.6824047127793,14.914896783545657
Río Negro,Servicios financieros e inmobiliarios,2022,1131.5257890300834,13.281517308110109
Río Negro,Transporte y comunicaciones,2022,718.0632197905838,8.42841513151969
Río Negro,Industria manufacturera,2022,607.1165106603129,7.126155252092077
Río Negro,"Agro, pesca y silvicultura",2022,542.5971149669296,6.368845539031978
Río Negro,Resto / no clasificado,2022,447.9334897052683,5.257711714641717
Río Negro,Construcción,2022,302.2570125303438,3.547804020322408
Río Negro,Hotelería y gastronomía,2022,301.09844828233884,3.534205133525824
Río Negro,Otros servicios,2022,236.72115462552634,2.778563372426281
Río Negro,"Administración pública, salud y educación",2023,1681.900774755387,19.75248360418094
Río Negro,Comercio,2023,1349.7706076411937,15.851899349244079
Río Negro,Minería y energía,2023,1247.0816031353907,14.645904971766287
Río Negro,Servicios financieros e inmobiliarios,2023,1134.6989607892071,13.326067123032095
Río Negro,Transporte y comunicaciones,2023,719.6269548066139,8.451402032329538
Río Negro,Industria manufacturera,2023,594.5498713059,6.982478848400367
Río Negro,"Agro, pesca y silvicultura",2023,521.0588195475033,6.1193894101290365
Río Negro,Resto / no clasificado,2023,439.1548375768597,5.15749731442704
Río Negro,Hotelería y gastronomía,2023,316.11094576545236,3.7124522249193586
Río Negro,Construcción,2023,268.7570430464843,3.1563212086966965
Río Negro,Otros servicios,2023,242.17210708308278,2.844103912874557
Río Negro,"Administración pública, salud y educación",2024,1777.4651075258453,21.008826939905003
Río Negro,Comercio,2024,1278.4596656601627,15.110810193562479
Río Negro,Minería y energía,2024,1218.8365764201828,14.406092470462513
Río Negro,Servicios financieros e inmobiliarios,2024,1124.2330839908182,13.287922334832867
Río Negro,Transporte y comunicaciones,2024,756.1135300379894,8.936917091779145
Río Negro,Industria manufacturera,2024,572.1184135806274,6.7621787280983945
Río Negro,"Agro, pesca y silvicultura",2024,502.3198960593314,5.93719208332089
Río Negro,Resto / no clasificado,2024,433.5524070849356,5.124391725756684
Río Negro,Hotelería y gastronomía,2024,331.38430628644903,3.9168113691206456
Río Negro,Otros servicios,2024,239.69361077643913,2.833069164667097
Río Negro,Construcción,2024,226.38672965026507,2.675787898494274
Salta,Minería y energía,2004,1168.3264460431064,16.082978069872983
Salta,"Agro, pesca y silvicultura",2004,1127.8239894658063,15.525428317306085
Salta,"Administración pública, salud y educación",2004,1039.2993773516419,14.306813947924953
Salta,Comercio,2004,1038.0479413985663,14.289586898877719
Salta,Industria manufacturera,2004,935.9181367797524,12.883685822575115
Salta,Servicios financieros e inmobiliarios,2004,510.709562214713,7.0303387524881975
Salta,Transporte y comunicaciones,2004,437.2690789206215,6.019369869381901
Salta,Construcción,2004,350.6171204418595,4.826534123306481
Salta,Resto / no clasificado,2004,331.30298264131835,4.560659071229515
Salta,Otros servicios,2004,217.83222844157123,2.9986404611507798
Salta,Hotelería y gastronomía,2004,107.21948044002524,1.4759646658862653
Salta,"Agro, pesca y silvicultura",2005,1208.8143465918333,15.485053981834787
Salta,Minería y energía,2005,1160.6342071369832,14.867860727623187
Salta,"Administración pública, salud y educación",2005,1129.2253001561196,14.465508934330543
Salta,Comercio,2005,1122.3840053882843,14.377871143561217
Salta,Industria manufacturera,2005,983.2951862677955,12.596127008555785
Salta,Servicios financieros e inmobiliarios,2005,542.8989467821275,6.954599373596888
Salta,Transporte y comunicaciones,2005,501.11086661415175,6.419289150796529
Salta,Construcción,2005,445.07943323159054,5.701519897763739
Salta,Resto / no clasificado,2005,351.8193624271434,4.50684741986981
Salta,Otros servicios,2005,234.29443325991068,3.0013392518893984
Salta,Hotelería y gastronomía,2005,126.77347360293376,1.6239831101781192
Salta,"Agro, pesca y silvicultura",2006,1624.6998752232685,18.944237078760416
Salta,Comercio,2006,1281.728410911447,14.945139873019642
Salta,Minería y energía,2006,1171.701123613713,13.662205684688567
Salta,Industria manufacturera,2006,1061.0429124858213,12.37191483264414
Salta,"Administración pública, salud y educación",2006,1054.9332382739692,12.300675141850535
Salta,Transporte y comunicaciones,2006,580.5422601233788,6.7692072719001946
Salta,Servicios financieros e inmobiliarios,2006,577.5458488577369,6.7342686803070935
Salta,Construcción,2006,445.88412532823895,5.199073815841275
Salta,Resto / no clasificado,2006,380.57538357711087,4.437564378980581
Salta,Otros servicios,2006,252.55816536196764,2.9448649770693165
Salta,Hotelería y gastronomía,2006,145.01090509190288,1.6908482649382375
Salta,"Agro, pesca y silvicultura",2007,1657.2101683081446,17.99596152025686
Salta,Comercio,2007,1436.5149161743125,15.599389654445488
Salta,Minería y energía,2007,1169.9384231903991,12.704584637142753
Salta,Industria manufacturera,2007,1162.4949812251325,12.623754880153054
Salta,"Administración pública, salud y educación",2007,1145.7040418800211,12.441418865010162
Salta,Transporte y comunicaciones,2007,661.2723728616961,7.1808829103293785
Salta,Servicios financieros e inmobiliarios,2007,611.5605246915017,6.6410524628219365
Salta,Construcción,2007,487.2278683435279,5.290900416848361
Salta,Resto / no clasificado,2007,425.0412059086509,4.615603580241478
Salta,Otros servicios,2007,276.45205325678353,3.0020456111997573
Salta,Hotelería y gastronomía,2007,175.3726852500209,1.9044054615507657
Salta,"Agro, pesca y silvicultura",2008,1749.4779129920548,18.23017013501426
Salta,Comercio,2008,1500.581438268188,15.636582044232817
Salta,Minería y energía,2008,1196.9112060306638,12.472232293076798
Salta,Industria manufacturera,2008,1192.6963071447033,12.42831157637479
Salta,"Administración pública, salud y educación",2008,1181.4228039180266,12.310837740144152
Salta,Transporte y comunicaciones,2008,694.1117983362508,7.232887070148467
Salta,Servicios financieros e inmobiliarios,2008,641.1292452305063,6.680790384541704
Salta,Resto / no clasificado,2008,492.66621807915584,5.133753852311616
Salta,Construcción,2008,467.2401002150082,4.868804834610905
Salta,Otros servicios,2008,295.4785702598919,3.078989775798934
Salta,Hotelería y gastronomía,2008,184.89211100199842,1.926640293745555
Salta,"Agro, pesca y silvicultura",2009,1511.5460431015529,16.452646206130378
Salta,Comercio,2009,1364.2649268150312,14.849543138139158
Salta,"Administración pública, salud y educación",2009,1309.6584934028174,14.255171346680992
Salta,Minería y energía,2009,1133.2325549247546,12.334837155994963
Salta,Industria manufacturera,2009,1076.669722697834,11.719170652620239
Salta,Transporte y comunicaciones,2009,698.9760423337593,7.608107992186332
Salta,Servicios financieros e inmobiliarios,2009,655.2603724470503,7.1322783252089375
Salta,Construcción,2009,474.29461266371777,5.162529778860017
Salta,Resto / no clasificado,2009,473.4271760967394,5.1530880374007415
Salta,Otros servicios,2009,303.6386845354872,3.305000118227672
Salta,Hotelería y gastronomía,2009,186.283221922654,2.0276272485505658
Salta,"Agro, pesca y silvicultura",2010,1840.9519918157407,18.561465999752222
Salta,Comercio,2010,1523.9457796604618,15.365239235127616
Salta,"Administración pública, salud y educación",2010,1323.3467174664686,13.342691830823194
Salta,Industria manufacturera,2010,1195.9893911912857,12.058606916069607
Salta,Minería y energía,2010,1069.3825347075804,10.78208864052241
Salta,Transporte y comunicaciones,2010,755.5528583594084,7.617889414716163
Salta,Servicios financieros e inmobiliarios,2010,672.7757581296731,6.783286264659604
Salta,Construcción,2010,509.1624550800309,5.133649133890225
Salta,Resto / no clasificado,2010,505.2168794090416,5.093867722429144
Salta,Otros servicios,2010,314.78802009179134,3.173861761761747
Salta,Hotelería y gastronomía,2010,207.02657919135805,2.087353080248069
Salta,"Agro, pesca y silvicultura",2011,1819.7891636463485,17.395570018004957
Salta,Comercio,2011,1772.4465051682953,16.943016201966564
Salta,"Administración pública, salud y educación",2011,1392.1365286780713,13.30759021046023
Salta,Industria manufacturera,2011,1360.0710723299019,13.00107289394528
Salta,Minería y energía,2011,974.6712040417289,9.316992052237575
Salta,Transporte y comunicaciones,2011,820.1962144510719,7.840348190884701
Salta,Servicios financieros e inmobiliarios,2011,715.4687924179619,6.839246942907295
Salta,Resto / no clasificado,2011,549.256412079069,5.250404038572703
Salta,Construcción,2011,509.0642123028718,4.866202264349832
Salta,Otros servicios,2011,331.35277417758107,3.1674385687167805
Salta,Hotelería y gastronomía,2011,216.76892466528966,2.072118617954083
Salta,Comercio,2012,1745.2751876938378,17.576429071520533
Salta,"Administración pública, salud y educación",2012,1511.354895768923,15.220649622870686
Salta,Industria manufacturera,2012,1362.0798990730134,13.71732143137555
Salta,"Agro, pesca y silvicultura",2012,1324.3755049891377,13.337605606058863
Salta,Minería y energía,2012,886.8250927306449,8.931094907629639
Salta,Transporte y comunicaciones,2012,805.4703953679671,8.111782814091203
Salta,Servicios financieros e inmobiliarios,2012,762.1875730507065,7.6758873966586085
Salta,Resto / no clasificado,2012,502.69161145843793,5.062538856879429
Salta,Construcción,2012,483.6818435805141,4.87109406976027
Salta,Otros servicios,2012,331.5946015251788,3.339444137693677
Salta,Hotelería y gastronomía,2012,214.09802414005424,2.156152085461543
Salta,Comercio,2013,1671.3426188479689,17.568333713397703
Salta,"Administración pública, salud y educación",2013,1580.4071680955917,16.612464864497532
Salta,Industria manufacturera,2013,1339.864661033768,14.084000031097712
Salta,"Agro, pesca y silvicultura",2013,960.578846958534,10.097133616463699
Salta,Minería y energía,2013,826.2999375547992,8.685659592841917
Salta,Transporte y comunicaciones,2013,823.538317233834,8.656630794771862
Salta,Servicios financieros e inmobiliarios,2013,771.4415184688343,8.109014802825152
Salta,Resto / no clasificado,2013,503.38139462722745,5.29129828091287
Salta,Construcción,2013,478.8047704009288,5.032960863385636
Salta,Otros servicios,2013,336.44853403983336,3.5365819412117254
Salta,Hotelería y gastronomía,2013,221.2737868094256,2.3259214985941905
Salta,Comercio,2014,1648.7805192990838,16.43533750215841
Salta,"Administración pública, salud y educación",2014,1629.9696720384409,16.24782763058275
Salta,"Agro, pesca y silvicultura",2014,1525.291148878672,15.204373491465628
Salta,Industria manufacturera,2014,1311.108195296479,13.069359711202784
Salta,Transporte y comunicaciones,2014,830.3382634360102,8.276959510856182
Salta,Minería y energía,2014,805.4228426347873,8.028598164343867
Salta,Servicios financieros e inmobiliarios,2014,726.5054692506587,7.241935748594686
Salta,Resto / no clasificado,2014,512.3106131138234,5.106803321549935
Salta,Construcción,2014,456.7236712104454,4.552702796828024
Salta,Otros servicios,2014,363.0061010609683,3.6185093870565073
Salta,Hotelería y gastronomía,2014,222.46721135617588,2.2175927353612264
Salta,"Agro, pesca y silvicultura",2015,1846.1241986382981,17.083137009469635
Salta,Comercio,2015,1774.4868336448178,16.420239614980314
Salta,"Administración pública, salud y educación",2015,1769.42428737319,16.37339326973508
Salta,Industria manufacturera,2015,1361.42784382321,12.59799227034315
Salta,Transporte y comunicaciones,2015,862.6948020366912,7.98295884503355
Salta,Minería y energía,2015,828.5743359464794,7.667224617901927
Salta,Servicios financieros e inmobiliarios,2015,743.3472999305969,6.8785750057879484
Salta,Resto / no clasificado,2015,575.8127195128527,5.328291339493256
Salta,Construcción,2015,475.9017563172992,4.403763794555245
Salta,Otros servicios,2015,347.5693327017576,3.2162378539935808
Salta,Hotelería y gastronomía,2015,221.3414570728466,2.0481863787063186
Salta,"Administración pública, salud y educación",2016,1894.9027091915343,18.144104854946374
Salta,Comercio,2016,1674.6744726091028,16.03537167450968
Salta,"Agro, pesca y silvicultura",2016,1632.722034297432,15.63366796911343
Salta,Industria manufacturera,2016,1257.546583519621,12.041281571176045
Salta,Transporte y comunicaciones,2016,905.7965108666194,8.67319825481726
Salta,Minería y energía,2016,812.9319650765705,7.784000066462513
Salta,Servicios financieros e inmobiliarios,2016,746.0486562874175,7.1435778633437534
Salta,Resto / no clasificado,2016,527.714052736564,5.052976630323187
Salta,Construcción,2016,425.2132331013598,4.071509027708077
Salta,Otros servicios,2016,336.1747003616048,3.2189457450000387
Salta,Hotelería y gastronomía,2016,229.90249890327055,2.2013663425996493
Salta,"Administración pública, salud y educación",2017,1936.8356022765204,17.87936638948974
Salta,Comercio,2017,1815.409103832798,16.758450988865995
Salta,"Agro, pesca y silvicultura",2017,1734.030437998686,16.00722616574432
Salta,Industria manufacturera,2017,1341.9648176266778,12.387979975146399
Salta,Transporte y comunicaciones,2017,936.8396182009244,8.648177864097631
Salta,Minería y energía,2017,771.2443688700104,7.119530759683441
Salta,Servicios financieros e inmobiliarios,2017,750.460427672788,6.927669509690942
Salta,Resto / no clasificado,2017,509.9552144679002,4.707511629270786
Salta,Construcción,2017,455.7478785583008,4.207111482460855
Salta,Otros servicios,2017,341.6851556642078,3.154172755183593
Salta,Hotelería y gastronomía,2017,238.62513781609601,2.202802480366294
Salta,"Administración pública, salud y educación",2018,1954.4201605857138,18.240407189732764
Salta,Comercio,2018,1846.8648996466868,17.236604734922906
Salta,"Agro, pesca y silvicultura",2018,1590.4281572886432,14.84330635755787
Salta,Industria manufacturera,2018,1359.9082325536378,12.691887037746449
Salta,Transporte y comunicaciones,2018,932.364399514127,8.701663357408096
Salta,Servicios financieros e inmobiliarios,2018,763.5641210910444,7.126267301702982
Salta,Minería y energía,2018,740.6141606991536,6.912077624898342
Salta,Resto / no clasificado,2018,500.3581080924259,4.66979200089453
Salta,Construcción,2018,437.1411970656256,4.079794915487687
Salta,Otros servicios,2018,347.0204744864627,3.238707257251375
Salta,Hotelería y gastronomía,2018,242.09970239178728,2.2594922223970015
Salta,"Administración pública, salud y educación",2019,2005.0250331446584,18.47670281165687
Salta,"Agro, pesca y silvicultura",2019,1825.9390440004954,16.82638995049591
Salta,Comercio,2019,1746.104258288979,16.090696587450715
Salta,Industria manufacturera,2019,1348.894666541276,12.430331524999964
Salta,Transporte y comunicaciones,2019,949.4390083511436,8.74926851540842
Salta,Servicios financieros e inmobiliarios,2019,753.7178336330437,6.945659124286274
Salta,Minería y energía,2019,701.068745404119,6.460487348158947
Salta,Resto / no clasificado,2019,488.20013561140206,4.4988609464666265
Salta,Construcción,2019,442.888355252257,4.081303915644961
Salta,Otros servicios,2019,337.8946842889675,3.113766441835464
Salta,Hotelería y gastronomía,2019,252.46693738287996,2.326532833595851
Salta,"Administración pública, salud y educación",2020,1993.0784013598804,19.846340456864862
Salta,"Agro, pesca y silvicultura",2020,1750.3421659010198,17.42926244987461
Salta,Comercio,2020,1659.806910200506,16.527745727423675
Salta,Industria manufacturera,2020,1243.966398778001,12.386959113200737
Salta,Transporte y comunicaciones,2020,796.367574277484,7.929934917329293
Salta,Servicios financieros e inmobiliarios,2020,771.9164551512384,7.686459681031649
Salta,Minería y energía,2020,715.4155483302637,7.123844466233488
Salta,Resto / no clasificado,2020,425.83090023349865,4.240267225474429
Salta,Construcción,2020,337.1418460948356,3.357134298022969
Salta,Otros servicios,2020,220.06547729739646,2.1913309492826007
Salta,Hotelería y gastronomía,2020,128.6170012708478,1.2807207152616973
Salta,"Administración pública, salud y educación",2021,2090.442305914495,19.41560306964211
Salta,"Agro, pesca y silvicultura",2021,1772.8667769001388,16.466026131532363
Salta,Comercio,2021,1733.3994184446717,16.099461331436906
Salta,Industria manufacturera,2021,1283.479676681939,11.920698256012235
Salta,Transporte y comunicaciones,2021,868.7681542204253,8.068941962265919
Salta,Minería y energía,2021,838.0297043958373,7.783449490609674
Salta,Servicios financieros e inmobiliarios,2021,783.1703762763946,7.273927206057361
Salta,Resto / no clasificado,2021,514.3004199204333,4.776717723073972
Salta,Construcción,2021,432.2084418672642,4.014264123387162
Salta,Otros servicios,2021,272.28583959650587,2.5289355119405217
Salta,Hotelería y gastronomía,2021,177.86513360204884,1.6519751940417797
Salta,"Administración pública, salud y educación",2022,2263.2968804836,20.36200810702965
Salta,Comercio,2022,1774.7861986878638,15.967066131512073
Salta,"Agro, pesca y silvicultura",2022,1585.1403365352467,14.260895537669734
Salta,Industria manufacturera,2022,1295.0756064701181,11.651295163949646
Salta,Transporte y comunicaciones,2022,939.8637484470087,8.455591235247999
Salta,Minería y energía,2022,887.6271945458329,7.985639129896374
Salta,Servicios financieros e inmobiliarios,2022,769.0439266607839,6.918791257284316
Salta,Construcción,2022,548.899799000009,4.938239544958413
Salta,Resto / no clasificado,2022,543.0489658278111,4.885601858089991
Salta,Otros servicios,2022,298.28786605478757,2.6835807530200717
Salta,Hotelería y gastronomía,2022,210.22256914183183,1.8912912813417353
Salta,"Administración pública, salud y educación",2023,2214.0072653060947,19.276896563664266
Salta,Comercio,2023,1884.2982798617325,16.406189629627647
Salta,"Agro, pesca y silvicultura",2023,1627.875284557105,14.173568429828252
Salta,Industria manufacturera,2023,1308.572921627275,11.393469773792024
Salta,Transporte y comunicaciones,2023,933.3392979479473,8.126389369755822
Salta,Minería y energía,2023,912.907713440218,7.948495851808033
Salta,Servicios financieros e inmobiliarios,2023,767.2831723713938,6.680573537683784
Salta,Construcción,2023,690.0263248722407,6.007914381856641
Salta,Resto / no clasificado,2023,603.4603398744428,5.254202519712614
Salta,Otros servicios,2023,302.34291496505836,2.6324363022053574
Salta,Hotelería y gastronomía,2023,241.17540600495533,2.0998636400655624
Salta,"Administración pública, salud y educación",2024,1992.7210374615875,18.00761555097981
Salta,Comercio,2024,1781.0416000320197,16.094732684979146
Salta,"Agro, pesca y silvicultura",2024,1476.6712383343845,13.3442300528869
Salta,Industria manufacturera,2024,1279.5626345956928,11.563019391088384
Salta,Transporte y comunicaciones,2024,988.8460561838085,8.935901856861818
Salta,Minería y energía,2024,890.5864641289913,8.04795972916028
Salta,Servicios financieros e inmobiliarios,2024,768.3847073571467,6.943659521437832
Salta,Construcción,2024,680.9211342456177,6.153277742102706
Salta,Resto / no clasificado,2024,650.8079286464862,5.881153837530726
Salta,Otros servicios,2024,293.4162888054587,2.651513998133225
Salta,Hotelería y gastronomía,2024,263.0314730357746,2.376935634839177
San Juan,Industria manufacturera,2004,1147.4724667557289,23.94867579992871
San Juan,"Administración pública, salud y educación",2004,810.589820247716,16.917663276680205
San Juan,Comercio,2004,732.1326881698809,15.280199655756352
San Juan,"Agro, pesca y silvicultura",2004,566.8256336042193,11.830108109396912
San Juan,Servicios financieros e inmobiliarios,2004,373.8209863337004,7.801945465608424
San Juan,Construcción,2004,291.6813351798795,6.0876247016742635
San Juan,Resto / no clasificado,2004,260.37895090312145,5.43431869693119
San Juan,Transporte y comunicaciones,2004,236.0629355857933,4.926823846769563
San Juan,Minería y energía,2004,163.37562595548553,3.409781073597867
San Juan,Otros servicios,2004,146.41227820078268,3.0557423252805105
San Juan,Hotelería y gastronomía,2004,62.62896689440103,1.307117048376002
San Juan,Industria manufacturera,2005,1222.1322144371834,23.248352432409412
San Juan,"Administración pública, salud y educación",2005,852.8910620391803,16.224359167121833
San Juan,Comercio,2005,808.7451118563002,15.38458046217392
San Juan,"Agro, pesca y silvicultura",2005,668.1955179603626,12.710936436981813
San Juan,Servicios financieros e inmobiliarios,2005,384.593102875198,7.316030044125853
San Juan,Construcción,2005,321.41776228068363,6.114259428943151
San Juan,Resto / no clasificado,2005,293.0028252015451,5.573728327842301
San Juan,Transporte y comunicaciones,2005,271.219656318327,5.159351895154152
San Juan,Minería y energía,2005,194.12866897782934,3.6928669912440912
San Juan,Otros servicios,2005,149.06133525422754,2.835561009764984
San Juan,Hotelería y gastronomía,2005,91.46790270919385,1.7399738042384887
San Juan,Industria manufacturera,2006,1333.8588146561312,22.684785710946617
San Juan,"Administración pública, salud y educación",2006,895.3773372589612,15.227580912597414
San Juan,Comercio,2006,893.6975220677498,15.199012485993398
San Juan,"Agro, pesca y silvicultura",2006,571.3554985859429,9.716978219718513
San Juan,Minería y energía,2006,508.9035246633165,8.654864576135001
San Juan,Servicios financieros e inmobiliarios,2006,396.97181602276135,6.751254691137017
San Juan,Construcción,2006,372.16832937621245,6.329424604415026
San Juan,Resto / no clasificado,2006,346.28815516139184,5.889283414227275
San Juan,Transporte y comunicaciones,2006,302.0853677463783,5.1375316176215655
San Juan,Otros servicios,2006,157.95453398527462,2.686314860431559
San Juan,Hotelería y gastronomía,2006,101.31007155925718,1.722968906776608
San Juan,Industria manufacturera,2007,1440.8040588337549,22.99643306474505
San Juan,Comercio,2007,982.7981459577592,15.686277145809257
San Juan,"Administración pública, salud y educación",2007,948.2948461426708,15.135575737213308
San Juan,"Agro, pesca y silvicultura",2007,573.4940837033288,9.153443334679425
San Juan,Minería y energía,2007,497.3829877401332,7.938646837493844
San Juan,Servicios financieros e inmobiliarios,2007,411.814617082652,6.572904357647658
San Juan,Construcción,2007,390.4215088581894,6.23145252850101
San Juan,Resto / no clasificado,2007,380.1320020329791,6.067223427726045
San Juan,Transporte y comunicaciones,2007,344.3543944787442,5.496183006030085
San Juan,Otros servicios,2007,170.76726628705197,2.725587830449609
San Juan,Hotelería y gastronomía,2007,125.07321650274267,1.9962727297047118
San Juan,Industria manufacturera,2008,1497.803710001995,22.363037936065204
San Juan,Comercio,2008,1038.5070261721405,15.505484375604135
San Juan,"Administración pública, salud y educación",2008,968.0078561699975,14.452892769179998
San Juan,Minería y energía,2008,684.2298726523571,10.215930496722663
San Juan,"Agro, pesca y silvicultura",2008,569.7147498178236,8.50615636604006
San Juan,Construcción,2008,439.6973054596581,6.56492399953188
San Juan,Servicios financieros e inmobiliarios,2008,427.5954167627665,6.3842361068398095
San Juan,Resto / no clasificado,2008,407.2657241929923,6.0807025509202575
San Juan,Transporte y comunicaciones,2008,363.06247540566187,5.420723594447328
San Juan,Otros servicios,2008,168.4222803785709,2.5146378128410265
San Juan,Hotelería y gastronomía,2008,133.36907002916575,1.9912739918076439
San Juan,Industria manufacturera,2009,1418.425532686283,20.964269739610188
San Juan,Minería y energía,2009,1129.983157258666,16.70110355749388
San Juan,"Administración pública, salud y educación",2009,978.5274803235773,14.462595019897838
San Juan,Comercio,2009,968.7861400337551,14.318618419960018
San Juan,Servicios financieros e inmobiliarios,2009,433.22530312761853,6.403051766553705
San Juan,Resto / no clasificado,2009,387.7297285143571,5.730629086496149
San Juan,Construcción,2009,383.33456485737366,5.6656687524275515
San Juan,"Agro, pesca y silvicultura",2009,375.8108051274861,5.554467899933967
San Juan,Transporte y comunicaciones,2009,373.6266555336791,5.52218626076359
San Juan,Otros servicios,2009,176.46412531612654,2.6081323532617677
San Juan,Hotelería y gastronomía,2009,140.00561770785833,2.0692771436013437
San Juan,Minería y energía,2010,1633.3164161599846,20.721278997573613
San Juan,Industria manufacturera,2010,1527.7193362801631,19.38160804841166
San Juan,Comercio,2010,1068.7530434713665,13.558873084336216
San Juan,"Administración pública, salud y educación",2010,1011.2607149408528,12.829489256491161
San Juan,"Agro, pesca y silvicultura",2010,562.8387004278737,7.140525636555748
San Juan,Servicios financieros e inmobiliarios,2010,449.5689866467716,5.703514829579553
San Juan,Resto / no clasificado,2010,444.2935023227688,5.636586718502342
San Juan,Transporte y comunicaciones,2010,411.4699516901444,5.2201665174805125
San Juan,Construcción,2010,400.836029548247,5.085257895145849
San Juan,Otros servicios,2010,217.31823188397533,2.7570357277828075
San Juan,Hotelería y gastronomía,2010,154.93976590628859,1.9656632881405351
San Juan,Industria manufacturera,2011,1631.268169248857,19.657987934045995
San Juan,Minería y energía,2011,1543.6283536745727,18.60186333750305
San Juan,Comercio,2011,1179.767596409755,14.217072099114436
San Juan,"Administración pública, salud y educación",2011,1011.698480364293,12.191714945956226
San Juan,Construcción,2011,562.5426347326289,6.779054808046983
San Juan,"Agro, pesca y silvicultura",2011,508.17287998916174,6.123859051228982
San Juan,Resto / no clasificado,2011,501.6419633717836,6.045156675688978
San Juan,Servicios financieros e inmobiliarios,2011,478.24179062723994,5.763167287225249
San Juan,Transporte y comunicaciones,2011,439.6136720662065,5.297669889003258
San Juan,Otros servicios,2011,246.17297149978748,2.9665663774089253
San Juan,Hotelería y gastronomía,2011,195.49734472232453,2.355887594777929
San Juan,Industria manufacturera,2012,1601.888388845129,19.131767255731397
San Juan,Minería y energía,2012,1484.5305784150125,17.73013257854272
San Juan,Comercio,2012,1166.8282753366832,13.935731819144944
San Juan,"Administración pública, salud y educación",2012,1063.8129904633402,12.705393633473626
San Juan,Construcción,2012,720.8932508572306,8.609814508719518
San Juan,Resto / no clasificado,2012,511.7489422973904,6.111949949558535
San Juan,Servicios financieros e inmobiliarios,2012,510.2598615335799,6.094165472939195
San Juan,Transporte y comunicaciones,2012,439.2318318115281,5.245859347032913
San Juan,"Agro, pesca y silvicultura",2012,397.2127225746085,4.744014259814654
San Juan,Otros servicios,2012,253.32423048792953,3.0255167911082776
San Juan,Hotelería y gastronomía,2012,223.19322356480862,2.66565438393422
San Juan,Industria manufacturera,2013,1564.6952827782443,18.232803193112296
San Juan,Minería y energía,2013,1327.4911361324782,15.468752856932337
San Juan,Comercio,2013,1178.0352210354708,13.727199523191999
San Juan,"Administración pública, salud y educación",2013,1117.1832891544625,13.018114942878642
San Juan,Construcción,2013,806.1112849869849,9.393310360607494
San Juan,"Agro, pesca y silvicultura",2013,553.6612378217869,6.451605303580546
San Juan,Resto / no clasificado,2013,538.9336654474243,6.279990464851511
San Juan,Servicios financieros e inmobiliarios,2013,532.6233515883052,6.206458760661927
San Juan,Transporte y comunicaciones,2013,463.5994659268137,5.402149489239255
San Juan,Otros servicios,2013,255.42450995208296,2.9763653485197525
San Juan,Hotelería y gastronomía,2013,244.0008502542285,2.843249756424248
San Juan,Industria manufacturera,2014,1523.8508814030758,18.646051841891076
San Juan,Minería y energía,2014,1408.5181641067245,17.234824633232787
San Juan,"Administración pública, salud y educación",2014,1173.0299543193642,14.353358066237515
San Juan,Comercio,2014,1098.9009924967618,13.44630575423101
San Juan,Construcción,2014,549.1601231398259,6.719599831275074
San Juan,Servicios financieros e inmobiliarios,2014,542.5428595912401,6.638630071908081
San Juan,"Agro, pesca y silvicultura",2014,534.4822909147761,6.539999829769109
San Juan,Resto / no clasificado,2014,475.52163888255376,5.818549071140898
San Juan,Transporte y comunicaciones,2014,445.53027170978476,5.45157052098398
San Juan,Otros servicios,2014,244.99927207895632,2.9978452512384886
San Juan,Hotelería y gastronomía,2014,175.9758575789032,2.1532651280919795
San Juan,Industria manufacturera,2015,1494.4823438874175,18.906863825515494
San Juan,Minería y energía,2015,1257.9803229801103,15.91485022157925
San Juan,"Administración pública, salud y educación",2015,1169.811692361033,14.799418982384466
San Juan,Comercio,2015,1085.4623083022934,13.732305459974839
San Juan,Construcción,2015,547.6006344913156,6.9277570721659405
San Juan,Servicios financieros e inmobiliarios,2015,547.2496731946964,6.923317021421717
San Juan,Resto / no clasificado,2015,483.7173344229718,6.119562274778819
San Juan,"Agro, pesca y silvicultura",2015,462.5697685256687,5.852022045684253
San Juan,Transporte y comunicaciones,2015,439.89237235420956,5.565127762132018
San Juan,Otros servicios,2015,248.21398596850298,3.140182988102554
San Juan,Hotelería y gastronomía,2015,167.46293222404563,2.1185923462606513
San Juan,Industria manufacturera,2016,1388.0949920411906,18.43462853914161
San Juan,"Administración pública, salud y educación",2016,1215.0763000459121,16.136849687154754
San Juan,Comercio,2016,1037.420860831534,13.777492403501407
San Juan,Minería y energía,2016,1036.7804075471047,13.7689868484329
San Juan,Servicios financieros e inmobiliarios,2016,532.9086888238515,7.07730651005561
San Juan,Construcción,2016,523.6370936731242,6.954174870255059
San Juan,"Agro, pesca y silvicultura",2016,474.0492601021469,6.29562246772999
San Juan,Resto / no clasificado,2016,456.31278231860233,6.060072752899897
San Juan,Transporte y comunicaciones,2016,449.0378338206685,5.963457626435399
San Juan,Otros servicios,2016,243.83092954624144,3.238202456107691
San Juan,Hotelería y gastronomía,2016,172.67435213490882,2.2932058382856835
San Juan,Industria manufacturera,2017,1385.4499590416842,17.981115719743496
San Juan,"Administración pública, salud y educación",2017,1226.9314669743271,15.923777357588596
San Juan,Minería y energía,2017,1149.140877374938,14.91416919067854
San Juan,Comercio,2017,1045.922366678933,13.574543769253552
San Juan,Construcción,2017,555.9134200586013,7.214943759604482
San Juan,Servicios financieros e inmobiliarios,2017,535.054913236295,6.944230824456411
San Juan,Resto / no clasificado,2017,489.8880692611263,6.358031198181297
San Juan,Transporte y comunicaciones,2017,446.5374675729854,5.795403742467094
San Juan,"Agro, pesca y silvicultura",2017,435.55512114364353,5.652868935827884
San Juan,Otros servicios,2017,249.43432331974293,3.2372929839996245
San Juan,Hotelería y gastronomía,2017,185.1997824436454,2.4036225181990245
San Juan,Industria manufacturera,2018,1351.046819173163,17.791750446469653
San Juan,"Administración pública, salud y educación",2018,1286.8457328498148,16.94629513726259
San Juan,Comercio,2018,1052.4390712814418,13.859425928564923
San Juan,Minería y energía,2018,918.0704351247282,12.089943769689185
San Juan,Construcción,2018,599.3009172045661,7.892111664767844
San Juan,Servicios financieros e inmobiliarios,2018,546.7625440946127,7.2002410278880165
San Juan,Resto / no clasificado,2018,505.0906690119373,6.651469814643783
San Juan,"Agro, pesca y silvicultura",2018,468.7704122755444,6.1731733301436496
San Juan,Transporte y comunicaciones,2018,430.3623176383911,5.667382394395896
San Juan,Otros servicios,2018,250.58097264061507,3.299866495066333
San Juan,Hotelería y gastronomía,2018,184.40012581834648,2.4283399911081305
San Juan,"Administración pública, salud y educación",2019,1367.6129777282865,18.571359519044247
San Juan,Industria manufacturera,2019,1289.0832891078053,17.504973703729686
San Juan,Comercio,2019,961.2817436858858,13.053626392708281
San Juan,Minería y energía,2019,854.6087791273651,11.605071861535835
San Juan,Construcción,2019,573.4745441944893,7.787438484933595
San Juan,Servicios financieros e inmobiliarios,2019,536.7923618168518,7.289316568885498
San Juan,Resto / no clasificado,2019,487.0349372263012,6.613640748414864
San Juan,Transporte y comunicaciones,2019,438.7513852214529,5.957979228861296
San Juan,"Agro, pesca y silvicultura",2019,428.3788224028784,5.81712608080358
San Juan,Otros servicios,2019,247.6363516671741,3.362752322250387
San Juan,Hotelería y gastronomía,2019,179.44206912243732,2.436715088832727
San Juan,"Administración pública, salud y educación",2020,1329.9397626399514,20.085457817669663
San Juan,Industria manufacturera,2020,1164.3628074711162,17.584826554476003
San Juan,Minería y energía,2020,912.6308677010901,13.783036879750824
San Juan,Comercio,2020,884.9402130300225,13.364837881598188
San Juan,Servicios financieros e inmobiliarios,2020,531.7317309635645,8.030495480024621
San Juan,Construcción,2020,429.0636458492579,6.479947439644994
San Juan,Resto / no clasificado,2020,414.9123237883504,6.266226645438193
San Juan,Transporte y comunicaciones,2020,360.43631138962724,5.443500925186436
San Juan,"Agro, pesca y silvicultura",2020,342.3012422069831,5.169615462610691
San Juan,Otros servicios,2020,154.64631083204344,2.335550857363268
San Juan,Hotelería y gastronomía,2020,96.44105085481483,1.4565040562371174
San Juan,"Administración pública, salud y educación",2021,1418.992573535088,19.212113455683525
San Juan,Industria manufacturera,2021,1322.319720572389,17.903234287572747
San Juan,Comercio,2021,987.273236840077,13.366951872537374
San Juan,Minería y energía,2021,886.5300882177272,12.002963901554866
San Juan,Construcción,2021,602.4643354103836,8.156923003530471
San Juan,Servicios financieros e inmobiliarios,2021,544.2667536450572,7.368970645938925
San Juan,Resto / no clasificado,2021,519.7874794595754,7.037539318012645
San Juan,Transporte y comunicaciones,2021,412.5842002261883,5.586085940549126
San Juan,"Agro, pesca y silvicultura",2021,351.8738832863627,4.764113000921481
San Juan,Otros servicios,2021,202.42806416593135,2.7407267718685433
San Juan,Hotelería y gastronomía,2021,137.40613654276368,1.8603778018302932
San Juan,"Administración pública, salud y educación",2022,1585.6427354368814,20.154435562650075
San Juan,Industria manufacturera,2022,1377.1934616264189,17.504924822807
San Juan,Comercio,2022,1046.255645136477,13.298513915338019
San Juan,Minería y energía,2022,857.6966531077605,10.901820152190961
San Juan,Construcción,2022,666.2027319978816,8.467821744229989
San Juan,Resto / no clasificado,2022,568.929209088026,7.231419050467771
San Juan,Servicios financieros e inmobiliarios,2022,555.7481345277772,7.063879975029176
San Juan,Transporte y comunicaciones,2022,471.0904906731172,5.987832395191199
San Juan,"Agro, pesca y silvicultura",2022,346.77930274180625,4.407765353047694
San Juan,Otros servicios,2022,225.7344121260507,2.8692148374858717
San Juan,Hotelería y gastronomía,2022,166.19009794036407,2.112372191562254
San Juan,"Administración pública, salud y educación",2023,1623.578654935757,20.89448659075121
San Juan,Industria manufacturera,2023,1302.8750298831324,16.76722267723757
San Juan,Comercio,2023,1038.802826382412,13.368771300544484
San Juan,Minería y energía,2023,873.9743905308993,11.247527878056768
San Juan,Construcción,2023,609.1249750762001,7.8390742481921425
San Juan,Resto / no clasificado,2023,570.9443802440745,7.3477128199536565
San Juan,Servicios financieros e inmobiliarios,2023,565.7515486956017,7.28088418259276
San Juan,Transporte y comunicaciones,2023,478.9143081995677,6.163340815287271
San Juan,"Agro, pesca y silvicultura",2023,324.023810078635,4.169992709740354
San Juan,Otros servicios,2023,224.3194387313034,2.886857061323904
San Juan,Hotelería y gastronomía,2023,158.05937965708796,2.0341297163198773
San Juan,"Administración pública, salud y educación",2024,1607.5491042038116,20.856437549417066
San Juan,Industria manufacturera,2024,1245.1654527372382,16.15485053351956
San Juan,Minería y energía,2024,1187.3866909157928,15.405225446198534
San Juan,Comercio,2024,978.3599820488778,12.693300511375346
San Juan,Resto / no clasificado,2024,590.02178388812,7.654977665240922
San Juan,Servicios financieros e inmobiliarios,2024,558.7307590552095,7.249006050701603
San Juan,Transporte y comunicaciones,2024,460.95240919686546,5.980423932635831
San Juan,Construcción,2024,378.2760239710209,4.907775600609666
San Juan,"Agro, pesca y silvicultura",2024,330.0009673981639,4.281452149603769
San Juan,Otros servicios,2024,212.48105563486763,2.756741834942402
San Juan,Hotelería y gastronomía,2024,158.76362701316964,2.059808725755294
San Luis,Industria manufacturera,2004,2135.8040481425264,47.60493016715103
San Luis,"Administración pública, salud y educación",2004,559.8487834319044,12.478467892510407
San Luis,Comercio,2004,486.72437292268506,10.848598121061613
San Luis,Servicios financieros e inmobiliarios,2004,298.59817037154494,6.655453743960638
San Luis,"Agro, pesca y silvicultura",2004,219.41943818211607,4.89063921433213
San Luis,Transporte y comunicaciones,2004,214.75916450033512,4.786766387902226
San Luis,Construcción,2004,169.91496664033022,3.7872341932778917
San Luis,Resto / no clasificado,2004,158.1026657941953,3.52394985435051
San Luis,Otros servicios,2004,100.45666258790357,2.2390782578960047
San Luis,Minería y energía,2004,82.28983346291525,1.834157856791904
San Luis,Hotelería y gastronomía,2004,60.60049748478437,1.3507243107656373
San Luis,Industria manufacturera,2005,2192.6360547429617,45.822018091021974
San Luis,"Administración pública, salud y educación",2005,561.9847660889641,11.744437050053905
San Luis,Comercio,2005,526.5809662283219,11.00456343801689
San Luis,Servicios financieros e inmobiliarios,2005,311.80268188318627,6.516096503646802
San Luis,"Agro, pesca y silvicultura",2005,293.1510715056244,6.1263125145079735
San Luis,Transporte y comunicaciones,2005,241.86323827071777,5.054492128605076
San Luis,Construcción,2005,211.69954013605775,4.424126902862883
San Luis,Resto / no clasificado,2005,168.7162784257432,3.525856626115083
San Luis,Minería y energía,2005,104.64798458930113,2.186948368684959
San Luis,Otros servicios,2005,102.46452089699075,2.141318035920106
San Luis,Hotelería y gastronomía,2005,69.56744715757509,1.4538303405643445
San Luis,Industria manufacturera,2006,2297.290776479007,46.41041692348503
San Luis,"Administración pública, salud y educación",2006,559.2579339393976,11.298262347823202
San Luis,Comercio,2006,553.7857374155823,11.187711726736062
San Luis,Servicios financieros e inmobiliarios,2006,328.34303332744594,6.6332643767473725
San Luis,Transporte y comunicaciones,2006,276.13926534599864,5.578631388271615
San Luis,Construcción,2006,223.11413304923585,4.507405001733167
San Luis,"Agro, pesca y silvicultura",2006,220.44483068816209,4.453479117930965
San Luis,Resto / no clasificado,2006,170.95653626417095,3.453704774793695
San Luis,Minería y energía,2006,124.6146012386852,2.517493935663335
San Luis,Otros servicios,2006,114.96171265996186,2.3224839752171764
San Luis,Hotelería y gastronomía,2006,81.03787137394366,1.6371464315983801
San Luis,Industria manufacturera,2007,2359.8761534291193,44.65258756538752
San Luis,Comercio,2007,601.2888264128869,11.377335176880484
San Luis,"Administración pública, salud y educación",2007,581.4128745137975,11.001250744936934
San Luis,Servicios financieros e inmobiliarios,2007,351.309794291116,6.647336695770167
San Luis,Transporte y comunicaciones,2007,301.94482829490977,5.713273497748117
San Luis,"Agro, pesca y silvicultura",2007,295.08586673036393,5.583491101573016
San Luis,Construcción,2007,253.31065444506928,4.793038042449039
San Luis,Resto / no clasificado,2007,184.18872770556592,3.485141913264868
San Luis,Minería y energía,2007,129.34033375148877,2.447323589495421
San Luis,Otros servicios,2007,125.90740258322361,2.3823671046501613
San Luis,Hotelería y gastronomía,2007,101.30520157702611,1.916854567844278
San Luis,Industria manufacturera,2008,2398.2596547497083,43.810909191359094
San Luis,Comercio,2008,636.9657562047747,11.635958119807984
San Luis,"Administración pública, salud y educación",2008,590.0073699783339,10.778132074715268
San Luis,Servicios financieros e inmobiliarios,2008,364.260750708107,6.654239727397103
San Luis,"Agro, pesca y silvicultura",2008,349.3086186867521,6.3810972855820784
San Luis,Transporte y comunicaciones,2008,326.9066455410481,5.97186269363539
San Luis,Construcción,2008,259.8497731229141,4.746881677777028
San Luis,Resto / no clasificado,2008,177.57021841558463,3.2438158640111383
San Luis,Minería y energía,2008,136.3957647081368,2.491649496700474
San Luis,Otros servicios,2008,130.16547423985247,2.3778358446210532
San Luis,Hotelería y gastronomía,2008,104.42520890386656,1.9076180243933856
San Luis,Industria manufacturera,2009,2203.621939904922,42.42626903169398
San Luis,Comercio,2009,599.4213913813578,11.540642590985948
San Luis,"Administración pública, salud y educación",2009,591.2268557172488,11.382873434498832
San Luis,Servicios financieros e inmobiliarios,2009,364.71868391849665,7.021918199579702
San Luis,"Agro, pesca y silvicultura",2009,325.0919435511348,6.25898572135827
San Luis,Transporte y comunicaciones,2009,322.71433212790066,6.2132096378712305
San Luis,Construcción,2009,245.0527422975157,4.717993310648084
San Luis,Resto / no clasificado,2009,150.91269105361246,2.905517645741779
San Luis,Minería y energía,2009,142.39691227846703,2.741563604993619
San Luis,Otros servicios,2009,137.81787566745956,2.6534035464796975
San Luis,Hotelería y gastronomía,2009,111.02822986989821,2.137623276148859
San Luis,Industria manufacturera,2010,2415.9909595216045,43.44203879434955
San Luis,Comercio,2010,637.5678789801769,11.464135833592854
San Luis,"Administración pública, salud y educación",2010,607.0293897115781,10.915021926399262
San Luis,Servicios financieros e inmobiliarios,2010,373.05825665399334,6.707976780395012
San Luis,Transporte y comunicaciones,2010,362.2344952946292,6.513354255413635
San Luis,Construcción,2010,289.92084596156025,5.213079373462
San Luis,"Agro, pesca y silvicultura",2010,269.0414413358172,4.837645888423604
San Luis,Resto / no clasificado,2010,177.23443850730692,3.1868601672473833
San Luis,Otros servicios,2010,161.38089870152683,2.901796976693543
San Luis,Minería y energía,2010,141.4908819286503,2.544153717780579
San Luis,Hotelería y gastronomía,2010,126.46297601494663,2.2739362862425816
San Luis,Industria manufacturera,2011,2575.4968261492513,43.595984074669694
San Luis,Comercio,2011,721.5512761032212,12.213852342068733
San Luis,"Administración pública, salud y educación",2011,602.333518839693,10.195827938268744
San Luis,Servicios financieros e inmobiliarios,2011,393.31012088298223,6.657644300831005
San Luis,Transporte y comunicaciones,2011,390.44284597861224,6.609109326996263
San Luis,"Agro, pesca y silvicultura",2011,322.74545940978834,5.463181226139744
San Luis,Construcción,2011,260.8707286677338,4.4158144623110225
San Luis,Otros servicios,2011,179.85393964955594,3.0444259954503474
San Luis,Resto / no clasificado,2011,178.7290224154564,3.0253842815079346
San Luis,Hotelería y gastronomía,2011,145.32920260792534,2.4600184081579597
San Luis,Minería y energía,2011,136.98401535033256,2.3187576435985595
San Luis,Industria manufacturera,2012,2507.4098446328608,43.059599348804646
San Luis,Comercio,2012,705.0198527082039,12.107263778815375
San Luis,"Administración pública, salud y educación",2012,604.5513065839249,10.381923443038799
San Luis,Servicios financieros e inmobiliarios,2012,422.9837153645136,7.263874054595025
San Luis,Transporte y comunicaciones,2012,384.90327112456123,6.609920862416768
San Luis,Construcción,2012,292.8998165511124,5.029951037731516
San Luis,"Agro, pesca y silvicultura",2012,276.5839414388321,4.749759489922231
San Luis,Otros servicios,2012,179.78238149501942,3.0873920885809514
San Luis,Resto / no clasificado,2012,164.07268519096655,2.817610413203123
San Luis,Hotelería y gastronomía,2012,152.08336335726938,2.6117185061708814
San Luis,Minería y energía,2012,132.82448716206073,2.280986976720681
San Luis,Industria manufacturera,2013,2610.3511683060624,41.8763468428923
San Luis,Comercio,2013,793.9319110919184,12.736588272948921
San Luis,"Administración pública, salud y educación",2013,605.8130792987494,9.718707175762075
San Luis,"Agro, pesca y silvicultura",2013,496.9464545836982,7.9722231809894835
San Luis,Servicios financieros e inmobiliarios,2013,445.4698591959719,7.146414075716293
San Luis,Transporte y comunicaciones,2013,402.48780868356806,6.456878017453231
San Luis,Construcción,2013,269.8227288516632,4.328609237208618
San Luis,Otros servicios,2013,172.19216737863312,2.7623788754278236
San Luis,Resto / no clasificado,2013,160.3979186350384,2.5731705968119516
San Luis,Hotelería y gastronomía,2013,157.1473327337197,2.52102333620618
San Luis,Minería y energía,2013,118.91351322385799,1.9076603885831174
San Luis,Industria manufacturera,2014,2438.324678533911,40.037983517424834
San Luis,Comercio,2014,719.5530305785976,11.815265059590507
San Luis,"Administración pública, salud y educación",2014,669.489697731636,10.99321092012324
San Luis,"Agro, pesca y silvicultura",2014,453.88776037545,7.452965894435294
San Luis,Servicios financieros e inmobiliarios,2014,450.48726214945754,7.39712874808562
San Luis,Transporte y comunicaciones,2014,409.2387994244135,6.719817278762583
San Luis,Construcción,2014,344.7433779163479,5.660784145881388
San Luis,Otros servicios,2014,170.26372855887473,2.7957787646862444
San Luis,Hotelería y gastronomía,2014,157.6203301189211,2.5881705725534925
San Luis,Resto / no clasificado,2014,150.54695624005862,2.472023765170663
San Luis,Minería y energía,2014,125.8730569463506,2.0668713332861315
San Luis,Industria manufacturera,2015,2431.1819932659537,37.794884190302106
San Luis,Comercio,2015,761.6099746973701,11.839903747064795
San Luis,"Administración pública, salud y educación",2015,675.2239958356544,10.496956951724956
San Luis,"Agro, pesca y silvicultura",2015,559.2945097098565,8.694730086561409
San Luis,Construcción,2015,512.9745128032372,7.974644579334916
San Luis,Servicios financieros e inmobiliarios,2015,461.0004760657965,7.166661999324423
San Luis,Transporte y comunicaciones,2015,385.9677159276161,6.000211076375759
San Luis,Otros servicios,2015,174.5359635308283,2.7133166282746615
San Luis,Hotelería y gastronomía,2015,165.92342356039006,2.579427042193208
San Luis,Resto / no clasificado,2015,157.6466688674542,2.450757536595718
San Luis,Minería y energía,2015,147.20973730522053,2.2885061622480394
San Luis,Industria manufacturera,2016,2303.2345113495576,36.95960498478938
San Luis,Comercio,2016,764.3626275188356,12.265594597086311
San Luis,"Administración pública, salud y educación",2016,738.5586054766326,11.851521927977249
San Luis,"Agro, pesca y silvicultura",2016,627.6139296612026,10.071211945169127
San Luis,Servicios financieros e inmobiliarios,2016,442.11870384204946,7.094602208272165
San Luis,Transporte y comunicaciones,2016,401.6597856404865,6.445364960621908
San Luis,Construcción,2016,313.3106900696498,5.027642337514705
San Luis,Otros servicios,2016,175.31170606110908,2.8131965604455655
San Luis,Hotelería y gastronomía,2016,170.57730816451982,2.737224498010539
San Luis,Minería y energía,2016,151.95305350729043,2.4383643116615628
San Luis,Resto / no clasificado,2016,143.06078800574085,2.295671668451484
San Luis,Industria manufacturera,2017,2267.37172471638,35.891275109528394
San Luis,"Administración pública, salud y educación",2017,833.9704690008849,13.201304051666842
San Luis,Comercio,2017,780.6434749610362,12.357166412926635
San Luis,"Agro, pesca y silvicultura",2017,634.8286373439233,10.048995946250445
San Luis,Servicios financieros e inmobiliarios,2017,452.07009452446755,7.156026492920018
San Luis,Transporte y comunicaciones,2017,431.24439163456844,6.826366815319441
San Luis,Construcción,2017,285.2488669926572,4.515336170206221
San Luis,Otros servicios,2017,177.06325103775782,2.8028160471034322
San Luis,Hotelería y gastronomía,2017,170.037986847565,2.691609892850596
San Luis,Resto / no clasificado,2017,143.6906018725737,2.274544957160637
San Luis,Minería y energía,2017,141.1644988074845,2.234558104067336
San Luis,Industria manufacturera,2018,2134.6947770225397,35.75804290208542
San Luis,"Administración pública, salud y educación",2018,907.6404418667612,15.203787543438922
San Luis,Comercio,2018,729.6544018059802,12.222362505550002
San Luis,"Agro, pesca y silvicultura",2018,470.2782002598513,7.8775796155094655
San Luis,Servicios financieros e inmobiliarios,2018,462.15977505659697,7.741588747006828
San Luis,Transporte y comunicaciones,2018,422.04109764178077,7.0695650911590135
San Luis,Construcción,2018,212.3916443743392,3.5577496199129457
San Luis,Hotelería y gastronomía,2018,177.1725021160643,2.9677975511667976
San Luis,Otros servicios,2018,174.0670647595197,2.9157787035918092
San Luis,Resto / no clasificado,2018,145.05174513766795,2.429746201416937
San Luis,Minería y energía,2018,134.6794810078625,2.256001519161864
San Luis,Industria manufacturera,2019,1998.9335532992504,34.329111193254626
San Luis,"Administración pública, salud y educación",2019,956.5073611629163,16.4267829234905
San Luis,Comercio,2019,666.5901699628457,11.447828281843474
San Luis,"Agro, pesca y silvicultura",2019,515.3069923667035,8.849734404838363
San Luis,Servicios financieros e inmobiliarios,2019,443.95299197215127,7.624321279131822
San Luis,Transporte y comunicaciones,2019,407.70278967485825,7.001770707909585
San Luis,Construcción,2019,230.546143212951,3.9593333017351013
San Luis,Hotelería y gastronomía,2019,185.30057089613788,3.1822988272761132
San Luis,Otros servicios,2019,166.42588928208042,2.8581504618655624
San Luis,Minería y energía,2019,127.93215699156757,2.197070150384812
San Luis,Resto / no clasificado,2019,123.65400921868236,2.1235984682700413
San Luis,Industria manufacturera,2020,1812.5715956197635,35.691724139901076
San Luis,"Administración pública, salud y educación",2020,948.5969589008097,18.6790199398773
San Luis,Comercio,2020,593.4413987667159,11.685577965121075
San Luis,Servicios financieros e inmobiliarios,2020,445.0307839269294,8.763193692358827
San Luis,"Agro, pesca y silvicultura",2020,388.7859459420279,7.655664893771355
San Luis,Transporte y comunicaciones,2020,314.1792414442143,6.186568764074703
San Luis,Construcción,2020,152.37651841848148,3.0004777046787
San Luis,Minería y energía,2020,116.22244519199369,2.288560332006662
San Luis,Resto / no clasificado,2020,115.75313168392928,2.279318982144707
San Luis,Otros servicios,2020,99.9565291296005,1.9682647969863107
San Luis,Hotelería y gastronomía,2020,91.49407173875403,1.8016287890792773
San Luis,Industria manufacturera,2021,2238.302525542343,37.4560362103974
San Luis,"Administración pública, salud y educación",2021,1003.2919027720706,16.78921299109184
San Luis,Comercio,2021,735.9058421809475,12.314740995743525
San Luis,"Agro, pesca y silvicultura",2021,504.7074846445173,8.445838578466102
San Luis,Servicios financieros e inmobiliarios,2021,446.491118643286,7.471638581773734
San Luis,Transporte y comunicaciones,2021,347.51106418902515,5.815293891349193
San Luis,Construcción,2021,169.05181539321404,2.8289343583112783
San Luis,Resto / no clasificado,2021,146.82762727548496,2.4570319968632224
San Luis,Minería y energía,2021,135.34246787878448,2.264837893815975
San Luis,Otros servicios,2021,131.22941983450932,2.1960096301101357
San Luis,Hotelería y gastronomía,2021,117.1513162166705,1.9604248720776039
San Luis,Industria manufacturera,2022,2281.302134330934,36.567578167735405
San Luis,"Administración pública, salud y educación",2022,1043.4950977007209,16.72645108185589
San Luis,Comercio,2022,760.1013293059847,12.183859540791596
San Luis,"Agro, pesca y silvicultura",2022,506.2110272460986,8.11418664350668
San Luis,Servicios financieros e inmobiliarios,2022,442.80161452394293,7.097780871823278
San Luis,Transporte y comunicaciones,2022,373.7808883536461,5.9914299148657895
San Luis,Construcción,2022,222.96376587550455,3.573943501182219
San Luis,Minería y energía,2022,157.95304886892328,2.531870011615305
San Luis,Resto / no clasificado,2022,150.18690043637417,2.407384422619543
San Luis,Otros servicios,2022,150.02644298632322,2.4048124089177914
San Luis,Hotelería y gastronomía,2022,149.77010085920128,2.400703435086509
San Luis,Industria manufacturera,2023,2240.0928457083446,36.64443794256588
San Luis,"Administración pública, salud y educación",2023,1116.6223805477869,18.266206959973033
San Luis,Comercio,2023,747.9820868570054,12.235824607223043
San Luis,Servicios financieros e inmobiliarios,2023,418.263075527163,6.842133951807378
San Luis,Transporte y comunicaciones,2023,382.10058899483056,6.2505718671724875
San Luis,"Agro, pesca y silvicultura",2023,374.4789766067004,6.125894132178513
San Luis,Construcción,2023,227.6125860638342,3.723388207298017
San Luis,Otros servicios,2023,167.20987404761883,2.735293702071842
San Luis,Hotelería y gastronomía,2023,146.47942683084386,2.396175799877687
San Luis,Minería y energía,2023,146.47829143206565,2.3961572265180395
San Luis,Resto / no clasificado,2023,145.7299548740857,2.3839156033140787
San Luis,Industria manufacturera,2024,1991.2958299482093,35.72158478388447
San Luis,"Administración pública, salud y educación",2024,925.8317435770139,16.60836959853325
San Luis,Comercio,2024,703.1953435919514,12.614525530546596
San Luis,"Agro, pesca y silvicultura",2024,469.5774316348367,8.42368561439653
San Luis,Servicios financieros e inmobiliarios,2024,403.98371856960915,7.247008926126531
San Luis,Transporte y comunicaciones,2024,395.5645524287473,7.0959786509723735
San Luis,Otros servicios,2024,159.39331391389462,2.8593349573315705
San Luis,Hotelería y gastronomía,2024,141.34768954859197,2.5356169587054924
San Luis,Construcción,2024,133.534471835758,2.3954567099034825
San Luis,Minería y energía,2024,129.2647796485326,2.318863283063921
San Luis,Resto / no clasificado,2024,121.50016881967083,2.1795749865357923
Santa Cruz,Minería y energía,2004,4370.094238841891,58.836006080323884
Santa Cruz,"Administración pública, salud y educación",2004,737.5814235231685,9.930299610802777
Santa Cruz,Construcción,2004,617.9272421813322,8.319356286424926
Santa Cruz,"Agro, pesca y silvicultura",2004,389.62719873498537,5.245678235054773
Santa Cruz,Comercio,2004,305.68778781774347,4.115574529919473
Santa Cruz,Servicios financieros e inmobiliarios,2004,288.5286324392174,3.8845552166033084
Santa Cruz,Resto / no clasificado,2004,204.0189360844901,2.7467735723587814
Santa Cruz,Transporte y comunicaciones,2004,195.59531975782738,2.6333636744648667
Santa Cruz,Industria manufacturera,2004,176.0568451093043,2.3703108086929374
Santa Cruz,Hotelería y gastronomía,2004,75.68665298147296,1.0189941295630764
Santa Cruz,Otros servicios,2004,66.78051282817769,0.899087855791195
Santa Cruz,Minería y energía,2005,4356.283735368053,57.43268415861238
Santa Cruz,"Administración pública, salud y educación",2005,741.7098800851318,9.778607608682906
Santa Cruz,Construcción,2005,626.9004616681001,8.264975011052702
Santa Cruz,"Agro, pesca y silvicultura",2005,366.3074347945225,4.829350080367952
Santa Cruz,Comercio,2005,342.4567107461398,4.514905203854588
Santa Cruz,Servicios financieros e inmobiliarios,2005,297.14567103434575,3.917530287354585
Santa Cruz,Transporte y comunicaciones,2005,241.11398416530471,3.1788157383694013
Santa Cruz,Resto / no clasificado,2005,238.10519456022652,3.1391482434160287
Santa Cruz,Industria manufacturera,2005,192.86198758107898,2.5426676249338693
Santa Cruz,Hotelería y gastronomía,2005,108.22541201150085,1.4268299044729402
Santa Cruz,Otros servicios,2005,73.91502207057324,0.9744861388826487
Santa Cruz,Minería y energía,2006,4457.799300299392,54.05310475910585
Santa Cruz,"Administración pública, salud y educación",2006,757.8775723554061,9.189654592648951
Santa Cruz,"Agro, pesca y silvicultura",2006,711.3264881945556,8.625198801957026
Santa Cruz,Construcción,2006,700.2895217663533,8.491369918605036
Santa Cruz,Comercio,2006,365.3113874133359,4.429588091195844
Santa Cruz,Servicios financieros e inmobiliarios,2006,316.2518987984059,3.834716608903477
Santa Cruz,Transporte y comunicaciones,2006,281.5640156836324,3.4141082204216215
Santa Cruz,Resto / no clasificado,2006,273.8770159717124,3.3208994030834966
Santa Cruz,Industria manufacturera,2006,203.26066656986615,2.4646399183491208
Santa Cruz,Hotelería y gastronomía,2006,97.1296043066657,1.177746310033763
Santa Cruz,Otros servicios,2006,82.38606894166006,0.998973375695802
Santa Cruz,Minería y energía,2007,4035.5968170653537,48.90861154899282
Santa Cruz,"Administración pública, salud y educación",2007,1028.5818140863578,12.465692355285984
Santa Cruz,Construcción,2007,779.8604168105786,9.451362937678356
Santa Cruz,"Agro, pesca y silvicultura",2007,647.3840352981349,7.845841827291536
Santa Cruz,Comercio,2007,403.272705271329,4.8873832011716285
Santa Cruz,Servicios financieros e inmobiliarios,2007,335.15963515020803,4.06190041907703
Santa Cruz,Transporte y comunicaciones,2007,312.10983753826497,3.7825529894928196
Santa Cruz,Resto / no clasificado,2007,282.1373737169714,3.4193076860960634
Santa Cruz,Industria manufacturera,2007,215.6440119365951,2.61345463651715
Santa Cruz,Hotelería y gastronomía,2007,120.0205012492913,1.4545645513184908
Santa Cruz,Otros servicios,2007,91.53398117356,1.1093278470781311
Santa Cruz,Minería y energía,2008,3859.022148547674,46.747211031207776
Santa Cruz,"Administración pública, salud y educación",2008,1168.526247756604,14.155229225606119
Santa Cruz,Construcción,2008,699.2301918921645,8.470296381189868
Santa Cruz,"Agro, pesca y silvicultura",2008,654.8525847151255,7.932717355232265
Santa Cruz,Comercio,2008,437.8769388196953,5.30432966610652
Santa Cruz,Servicios financieros e inmobiliarios,2008,354.23494767371903,4.291111897288353
Santa Cruz,Transporte y comunicaciones,2008,321.25231552236954,3.8915686953598283
Santa Cruz,Resto / no clasificado,2008,288.61921554013526,3.496259637067399
Santa Cruz,Industria manufacturera,2008,233.31430193085242,2.826310005260065
Santa Cruz,Hotelería y gastronomía,2008,135.89462117850752,1.6461928150965748
Santa Cruz,Otros servicios,2008,102.26179187901326,1.2387732905852287
Santa Cruz,Minería y energía,2009,4400.920889018289,52.15902728770565
Santa Cruz,"Administración pública, salud y educación",2009,1136.128673485951,13.46521966131445
Santa Cruz,Construcción,2009,565.3438726962189,6.7003673155045265
Santa Cruz,"Agro, pesca y silvicultura",2009,509.106155035823,6.033846665845404
Santa Cruz,Comercio,2009,423.13800821701477,5.01496561143137
Santa Cruz,Servicios financieros e inmobiliarios,2009,366.3823360301789,4.3423062455899615
Santa Cruz,Transporte y comunicaciones,2009,320.07155964363653,3.793438154075749
Santa Cruz,Resto / no clasificado,2009,258.46291094104026,3.0632620682351757
Santa Cruz,Industria manufacturera,2009,223.65964031458498,2.6507791383928208
Santa Cruz,Hotelería y gastronomía,2009,128.90787102553855,1.5277959617949324
Santa Cruz,Otros servicios,2009,105.38376164647235,1.248991890109974
Santa Cruz,Minería y energía,2010,4405.981196393834,51.085357583735984
Santa Cruz,"Administración pública, salud y educación",2010,1185.265047241554,13.742611706876247
Santa Cruz,Construcción,2010,595.0161133567207,6.898942497483102
Santa Cruz,"Agro, pesca y silvicultura",2010,509.9197548653121,5.912288740048677
Santa Cruz,Comercio,2010,432.2988727034614,5.012309746845382
Santa Cruz,Servicios financieros e inmobiliarios,2010,382.60800373745735,4.436166613993939
Santa Cruz,Transporte y comunicaciones,2010,354.92229407624563,4.115163342541014
Santa Cruz,Resto / no clasificado,2010,275.3528841667576,3.192592052114263
Santa Cruz,Industria manufacturera,2010,232.25332718059408,2.6928721980801966
Santa Cruz,Hotelería y gastronomía,2010,143.24917778074956,1.6609093739426928
Santa Cruz,Otros servicios,2010,107.87710007965012,1.2507861443385058
Santa Cruz,Minería y energía,2011,3944.2462919475292,45.862624260509456
Santa Cruz,"Administración pública, salud y educación",2011,1169.604898214483,13.599847983523398
Santa Cruz,Construcción,2011,788.2159842111561,9.165161312011904
Santa Cruz,"Agro, pesca y silvicultura",2011,589.2954383229243,6.852167249650048
Santa Cruz,Comercio,2011,489.6221876494697,5.693193771296828
Santa Cruz,Servicios financieros e inmobiliarios,2011,402.31856867409925,4.678051009592391
Santa Cruz,Transporte y comunicaciones,2011,388.9586559540269,4.522705574271886
Santa Cruz,Resto / no clasificado,2011,295.4303559553039,3.4351839128272457
Santa Cruz,Industria manufacturera,2011,259.44116258385736,3.0167113502990865
Santa Cruz,Hotelería y gastronomía,2011,158.91229867565272,1.8477890337159177
Santa Cruz,Otros servicios,2011,114.08630363763149,1.3265645423018355
Santa Cruz,Minería y energía,2012,4506.2278900267165,48.913288096602336
Santa Cruz,"Administración pública, salud y educación",2012,1191.6790779873356,12.935196240140089
Santa Cruz,Construcción,2012,796.3507378207918,8.644066393353064
Santa Cruz,"Agro, pesca y silvicultura",2012,615.5024562921476,6.681031164761112
Santa Cruz,Comercio,2012,483.1372477251678,5.244260158365084
Santa Cruz,Servicios financieros e inmobiliarios,2012,422.4467296280123,4.585489037848002
Santa Cruz,Transporte y comunicaciones,2012,407.8842859681011,4.427419579420422
Santa Cruz,Resto / no clasificado,2012,285.00943154048787,3.093662543353104
Santa Cruz,Industria manufacturera,2012,257.2444422688396,2.7922847718806647
Santa Cruz,Hotelería y gastronomía,2012,134.6753692063716,1.4618468693265503
Santa Cruz,Otros servicios,2012,112.5288332634232,1.2214551449495632
Santa Cruz,Minería y energía,2013,4508.501759456297,48.42548831021712
Santa Cruz,"Administración pública, salud y educación",2013,1212.2020113943738,13.02017332238527
Santa Cruz,"Agro, pesca y silvicultura",2013,748.2032508027941,8.036396503433231
Santa Cruz,Construcción,2013,708.8652757746361,7.613870185044169
Santa Cruz,Comercio,2013,487.95423884090206,5.241080862250919
Santa Cruz,Transporte y comunicaciones,2013,437.5319596641254,4.699498842075782
Santa Cruz,Servicios financieros e inmobiliarios,2013,436.3260065519747,4.6865457877240475
Santa Cruz,Resto / no clasificado,2013,268.7949252783462,2.887106672324326
Santa Cruz,Industria manufacturera,2013,260.37702400407136,2.796690609183404
Santa Cruz,Hotelería y gastronomía,2013,135.24979428260002,1.4527081681301504
Santa Cruz,Otros servicios,2013,106.17712386143235,1.1404407372315917
Santa Cruz,Minería y energía,2014,4537.539035843769,48.15365310719028
Santa Cruz,"Administración pública, salud y educación",2014,1398.0910838402378,14.836939700504313
Santa Cruz,"Agro, pesca y silvicultura",2014,732.6664823211578,7.775264819600139
Santa Cruz,Construcción,2014,618.6879632747514,6.5656924006134805
Santa Cruz,Comercio,2014,461.82290044985547,4.9009957974022145
Santa Cruz,Transporte y comunicaciones,2014,447.7353550471564,4.751494764111992
Santa Cruz,Servicios financieros e inmobiliarios,2014,440.3669015739523,4.673298642892472
Santa Cruz,Resto / no clasificado,2014,272.3498380342492,2.8902538404415044
Santa Cruz,Industria manufacturera,2014,251.321756207986,2.66709786320963
Santa Cruz,Hotelería y gastronomía,2014,158.92519438553455,1.6865593044999
Santa Cruz,Otros servicios,2014,103.53565311881536,1.0987497595340745
Santa Cruz,Minería y energía,2015,5274.253962087117,51.23395623409698
Santa Cruz,"Administración pública, salud y educación",2015,1402.0552942550898,13.619526116869748
Santa Cruz,"Agro, pesca y silvicultura",2015,766.147900604954,7.44233938877423
Santa Cruz,Construcción,2015,605.1253874778062,5.878171176632243
Santa Cruz,Comercio,2015,503.8379125212627,4.894267463180375
Santa Cruz,Transporte y comunicaciones,2015,469.17771866557405,4.5575793044696855
Santa Cruz,Servicios financieros e inmobiliarios,2015,444.55778431667125,4.3184219472424505
Santa Cruz,Resto / no clasificado,2015,273.21416967141823,2.653994842133349
Santa Cruz,Industria manufacturera,2015,268.1232047117751,2.6045413501690633
Santa Cruz,Hotelería y gastronomía,2015,182.93695781982774,1.7770445181276404
Santa Cruz,Otros servicios,2015,105.01961915023473,1.0201576583042413
Santa Cruz,Minería y energía,2016,4672.4613221438585,49.120232580227075
Santa Cruz,"Administración pública, salud y educación",2016,1420.2145375533044,14.930304092154474
Santa Cruz,"Agro, pesca y silvicultura",2016,775.8768695355022,8.156568809801477
Santa Cruz,Transporte y comunicaciones,2016,487.62280591225,5.126237326849122
Santa Cruz,Comercio,2016,486.3607602323059,5.112969806146076
Santa Cruz,Servicios financieros e inmobiliarios,2016,446.9072331278415,4.69820630274432
Santa Cruz,Construcción,2016,442.8730913203997,4.655796538343695
Santa Cruz,Resto / no clasificado,2016,256.4139803856794,2.6956059098178597
Santa Cruz,Industria manufacturera,2016,254.66738360464504,2.677244443731091
Santa Cruz,Hotelería y gastronomía,2016,166.53461991136695,1.7507302251894814
Santa Cruz,Otros servicios,2016,102.36218134419721,1.0761039649953343
Santa Cruz,Minería y energía,2017,4482.85276315708,48.258680405848395
Santa Cruz,"Administración pública, salud y educación",2017,1278.4800063897478,13.763056984762263
Santa Cruz,"Agro, pesca y silvicultura",2017,831.3716579607113,8.949858775140957
Santa Cruz,Transporte y comunicaciones,2017,510.48643333499706,5.4954741856133165
Santa Cruz,Comercio,2017,503.1017604469625,5.4159769128645205
Santa Cruz,Construcción,2017,483.5158876908016,5.205131626671465
Santa Cruz,Servicios financieros e inmobiliarios,2017,455.9713841426671,4.908610312254919
Santa Cruz,Industria manufacturera,2017,261.9613877810284,2.820059359409792
Santa Cruz,Resto / no clasificado,2017,237.63331763374728,2.5581635033206274
Santa Cruz,Hotelería y gastronomía,2017,139.74348187405556,1.5043625982958055
Santa Cruz,Otros servicios,2017,104.09730106350924,1.1206253358179383
Santa Cruz,Minería y energía,2018,4380.421030693987,47.828451696328706
Santa Cruz,"Administración pública, salud y educación",2018,1265.2215181586366,13.814559340844664
Santa Cruz,"Agro, pesca y silvicultura",2018,877.001022467331,9.575700770951741
Santa Cruz,Comercio,2018,496.5036473418139,5.421168546936857
Santa Cruz,Transporte y comunicaciones,2018,484.41238217601267,5.289147791882084
Santa Cruz,Servicios financieros e inmobiliarios,2018,463.7240744831412,5.06325860948755
Santa Cruz,Construcción,2018,428.5572800759181,4.679283344134092
Santa Cruz,Resto / no clasificado,2018,249.0583190086836,2.7193901446474493
Santa Cruz,Industria manufacturera,2018,248.409829220827,2.712309486811883
Santa Cruz,Hotelería y gastronomía,2018,164.19000269094562,1.7927394553394873
Santa Cruz,Otros servicios,2018,101.11020536616421,1.1039908126354936
Santa Cruz,Minería y energía,2019,4260.761016658094,47.56505340774328
Santa Cruz,"Administración pública, salud y educación",2019,1281.48622955091,14.305885899623984
Santa Cruz,"Agro, pesca y silvicultura",2019,763.1439135288813,8.51936563981858
Santa Cruz,Transporte y comunicaciones,2019,495.4871981323149,5.531376894849168
Santa Cruz,Comercio,2019,472.7397015129018,5.277434961151254
Santa Cruz,Construcción,2019,469.9568100447994,5.246368121027922
Santa Cruz,Servicios financieros e inmobiliarios,2019,455.2462974462637,5.082147148607966
Santa Cruz,Industria manufacturera,2019,245.02420015332137,2.735330407154242
Santa Cruz,Resto / no clasificado,2019,241.55476865120647,2.696599369659434
Santa Cruz,Hotelería y gastronomía,2019,173.29506777389915,1.9345814331612503
Santa Cruz,Otros servicios,2019,99.05993693051654,1.1058567172029208
Santa Cruz,Minería y energía,2020,3656.0085359425984,47.15218316706446
Santa Cruz,"Administración pública, salud y educación",2020,1143.5604832993506,14.748700075790614
Santa Cruz,"Agro, pesca y silvicultura",2020,534.0447450765382,6.8876687216937444
Santa Cruz,Construcción,2020,491.4012986817816,6.337688716036551
Santa Cruz,Servicios financieros e inmobiliarios,2020,460.1265504261899,5.934332803774906
Santa Cruz,Comercio,2020,454.5195158186666,5.8620178952513555
Santa Cruz,Transporte y comunicaciones,2020,409.2914735596994,5.278703903526026
Santa Cruz,Industria manufacturera,2020,230.56098184184467,2.9735854115510114
Santa Cruz,Resto / no clasificado,2020,215.9403023965973,2.7850199450178494
Santa Cruz,Hotelería y gastronomía,2020,86.98626277567656,1.1218770840094943
Santa Cruz,Otros servicios,2020,71.19561077570194,0.9182222762839942
Santa Cruz,Minería y energía,2021,3554.333561426257,43.158543790885254
Santa Cruz,"Administración pública, salud y educación",2021,1310.094510179529,15.907840474345603
Santa Cruz,Construcción,2021,660.9956985115142,8.026149292625373
Santa Cruz,"Agro, pesca y silvicultura",2021,631.8003833620589,7.671644779869163
Santa Cruz,Comercio,2021,471.749826525042,5.7282287085778245
Santa Cruz,Servicios financieros e inmobiliarios,2021,467.89114350540524,5.681374597335854
Santa Cruz,Transporte y comunicaciones,2021,439.5240851457307,5.336927203956336
Santa Cruz,Resto / no clasificado,2021,248.71282312636643,3.01999885006479
Santa Cruz,Industria manufacturera,2021,223.22532757830712,2.7105165874350803
Santa Cruz,Hotelería y gastronomía,2021,141.44845372865694,1.7175397803552221
Santa Cruz,Otros servicios,2021,85.75126736120197,1.0412359345495066
Santa Cruz,Minería y energía,2022,3395.5343763444316,40.637644311907536
Santa Cruz,"Administración pública, salud y educación",2022,1401.3918838291836,16.77181221117688
Santa Cruz,"Agro, pesca y silvicultura",2022,678.7991173631725,8.123845625835973
Santa Cruz,Construcción,2022,637.8154059277094,7.633353908391122
Santa Cruz,Comercio,2022,523.1089770689246,6.2605511210811615
Santa Cruz,Servicios financieros e inmobiliarios,2022,473.1044090117343,5.662098086756013
Santa Cruz,Transporte y comunicaciones,2022,470.69410804348354,5.633251683634668
Santa Cruz,Resto / no clasificado,2022,265.32802405697794,3.175437110201412
Santa Cruz,Industria manufacturera,2022,241.73031071622276,2.8930204490724036
Santa Cruz,Hotelería y gastronomía,2022,176.17730505445988,2.1084842222511315
Santa Cruz,Otros servicios,2022,91.95390027452666,1.100501269691691
Santa Cruz,Minería y energía,2023,3388.562217499712,40.72546976714571
Santa Cruz,"Administración pública, salud y educación",2023,1409.6041346740535,16.941341750741113
Santa Cruz,"Agro, pesca y silvicultura",2023,693.3130909435833,8.332590494744737
Santa Cruz,Construcción,2023,608.9492546131825,7.318662862496839
Santa Cruz,Comercio,2023,522.6506269335017,6.28148192057267
Santa Cruz,Servicios financieros e inmobiliarios,2023,481.00277814592437,5.780936822741578
Santa Cruz,Transporte y comunicaciones,2023,449.5439417275528,5.40284847457741
Santa Cruz,Resto / no clasificado,2023,260.47752472880046,3.1305518026435983
Santa Cruz,Industria manufacturera,2023,232.0098298164339,2.7884125193491753
Santa Cruz,Hotelería y gastronomía,2023,175.13815883575012,2.104899758341094
Santa Cruz,Otros servicios,2023,99.24722791344288,1.1928038266460668
Santa Cruz,Minería y energía,2024,3254.8717327544464,40.87237925033437
Santa Cruz,"Administración pública, salud y educación",2024,1449.2552927926458,18.198723888713115
Santa Cruz,"Agro, pesca y silvicultura",2024,665.547080558041,8.357469946289063
Santa Cruz,Comercio,2024,520.4197294981429,6.535063222108614
Santa Cruz,Servicios financieros e inmobiliarios,2024,484.46436894734194,6.0835612112225474
Santa Cruz,Transporte y comunicaciones,2024,472.41903646545063,5.932304437432692
Santa Cruz,Construcción,2024,361.5031077332705,4.539500580240962
Santa Cruz,Resto / no clasificado,2024,238.2705904487636,2.9920337072028236
Santa Cruz,Industria manufacturera,2024,238.26566935421386,2.99197191157483
Santa Cruz,Hotelería y gastronomía,2024,181.66088865150158,2.2811690737912973
Santa Cruz,Otros servicios,2024,96.8220407581642,1.215822771089692
Santa Fe,Industria manufacturera,2004,9075.165919097235,25.974612448133232
Santa Fe,"Agro, pesca y silvicultura",2004,7475.081250355183,21.394907842698444
Santa Fe,Comercio,2004,5084.6532304136845,14.553111014226193
Santa Fe,"Administración pública, salud y educación",2004,3659.8359858596536,10.475050506392574
Santa Fe,Servicios financieros e inmobiliarios,2004,3050.297233109305,8.730450681336839
Santa Fe,Transporte y comunicaciones,2004,2267.65448471776,6.49039884580693
Santa Fe,Resto / no clasificado,2004,1451.831513963364,4.155379775021925
Santa Fe,Construcción,2004,1097.9162164288775,3.142416180209929
Santa Fe,Otros servicios,2004,991.1255940591648,2.8367639140280927
Santa Fe,Minería y energía,2004,464.69638409983224,1.3300372236326798
Santa Fe,Hotelería y gastronomía,2004,320.3420889291403,0.9168715685131594
Santa Fe,Industria manufacturera,2005,9767.782967846222,25.261657656918775
Santa Fe,"Agro, pesca y silvicultura",2005,8836.463942458879,22.85305967044059
Santa Fe,Comercio,2005,5618.427829851573,14.530503070658522
Santa Fe,"Administración pública, salud y educación",2005,3898.9636628933767,10.083586581827621
Santa Fe,Servicios financieros e inmobiliarios,2005,3167.4786351639036,8.191803726650388
Santa Fe,Transporte y comunicaciones,2005,2638.6730861704523,6.824195049253956
Santa Fe,Resto / no clasificado,2005,1591.2411757126772,4.115303335748668
Santa Fe,Construcción,2005,1217.663978433793,3.149149675582808
Santa Fe,Otros servicios,2005,1063.850776076683,2.7513545491093487
Santa Fe,Minería y energía,2005,506.1216593293561,1.3089430972020293
Santa Fe,Hotelería y gastronomía,2005,359.7693841486799,0.9304435866072913
Santa Fe,Industria manufacturera,2006,10538.838874468769,25.949869730591892
Santa Fe,"Agro, pesca y silvicultura",2006,8385.213836813693,20.646981068817247
Santa Fe,Comercio,2006,6145.591859333144,15.132341434067127
Santa Fe,"Administración pública, salud y educación",2006,4031.280194948542,9.926254414977276
Santa Fe,Servicios financieros e inmobiliarios,2006,3291.3336974740137,8.104278062004553
Santa Fe,Transporte y comunicaciones,2006,2959.628391282595,7.287517355522332
Santa Fe,Resto / no clasificado,2006,1725.7882045773658,4.24942250515545
Santa Fe,Construcción,2006,1414.5587752814945,3.4830797189382703
Santa Fe,Otros servicios,2006,1151.9631143641152,2.836488261018465
Santa Fe,Minería y energía,2006,560.3976041320464,1.3798716346059934
Santa Fe,Hotelería y gastronomía,2006,407.7051770785378,1.0038958143013887
Santa Fe,Industria manufacturera,2007,11345.009847000443,26.08965366716254
Santa Fe,"Agro, pesca y silvicultura",2007,8970.730359042444,20.62962054376689
Santa Fe,Comercio,2007,6764.675836644751,15.556447471515153
Santa Fe,"Administración pública, salud y educación",2007,4305.772083505897,9.901807397558738
Santa Fe,Servicios financieros e inmobiliarios,2007,3401.2291422928793,7.821667108428562
Santa Fe,Transporte y comunicaciones,2007,3278.874011701942,7.5402920347557965
Santa Fe,Resto / no clasificado,2007,1840.8922143188345,4.233424294722208
Santa Fe,Construcción,2007,1424.0123614698296,3.2747428014202127
Santa Fe,Otros servicios,2007,1187.929656756494,2.7318330917026477
Santa Fe,Minería y energía,2007,542.73153840246,1.2480974509608072
Santa Fe,Hotelería y gastronomía,2007,422.85145336869357,0.9724141380064432
Santa Fe,Industria manufacturera,2008,11894.227046757922,26.597577530591693
Santa Fe,"Agro, pesca y silvicultura",2008,8594.546648170352,19.21891350453976
Santa Fe,Comercio,2008,7159.857325114302,16.01069658112928
Santa Fe,"Administración pública, salud y educación",2008,4477.082133309255,10.011540782213164
Santa Fe,Servicios financieros e inmobiliarios,2008,3486.1063077755734,7.795545051935032
Santa Fe,Transporte y comunicaciones,2008,3448.4948015280524,7.711439128151322
Santa Fe,Resto / no clasificado,2008,1946.550622541734,4.352828552603382
Santa Fe,Construcción,2008,1460.9359072700424,3.266908888495772
Santa Fe,Otros servicios,2008,1267.7691159375584,2.834954068009828
Santa Fe,Minería y energía,2008,554.4192511582936,1.239778672390045
Santa Fe,Hotelería y gastronomía,2008,429.22270504209723,0.9598172399407218
Santa Fe,Industria manufacturera,2009,10636.536262406165,26.577921408749397
Santa Fe,Comercio,2009,6328.762963178236,15.81392292568598
Santa Fe,"Agro, pesca y silvicultura",2009,6160.046449355046,15.39234449694507
Santa Fe,"Administración pública, salud y educación",2009,4652.654911048241,11.625767403711043
Santa Fe,Servicios financieros e inmobiliarios,2009,3570.311765124146,8.921275042664766
Santa Fe,Transporte y comunicaciones,2009,3441.5587797090493,8.599555016231069
Santa Fe,Resto / no clasificado,2009,1787.6282403683144,4.46681529667649
Santa Fe,Otros servicios,2009,1300.3784655208874,3.249305582720396
Santa Fe,Construcción,2009,1160.945747914609,2.9008996995527774
Santa Fe,Minería y energía,2009,549.6211099124914,1.373359362810021
Santa Fe,Hotelería y gastronomía,2009,431.75138785712255,1.078833764252991
Santa Fe,Industria manufacturera,2010,11802.189664506663,25.488287346568647
Santa Fe,"Agro, pesca y silvicultura",2010,9440.825962638824,20.388630564745494
Santa Fe,Comercio,2010,7220.752496673444,15.594107511011504
Santa Fe,"Administración pública, salud y educación",2010,4785.606167074413,10.33510802497363
Santa Fe,Transporte y comunicaciones,2010,3731.9072171724547,8.059514904093092
Santa Fe,Servicios financieros e inmobiliarios,2010,3617.5109059113715,7.812461930391209
Santa Fe,Resto / no clasificado,2010,1972.3548474384304,4.259544078680053
Santa Fe,Otros servicios,2010,1395.0289085392744,3.0127373553867858
Santa Fe,Construcción,2010,1265.865926755805,2.7337939315120354
Santa Fe,Minería y energía,2010,603.5985986469736,1.3035457793537597
Santa Fe,Hotelería y gastronomía,2010,468.72453730882575,1.0122685732837846
Santa Fe,Industria manufacturera,2011,12607.917535297813,26.47193542047304
Santa Fe,"Agro, pesca y silvicultura",2011,8236.645894923015,17.293891525009574
Santa Fe,Comercio,2011,7859.022673956513,16.501023274506686
Santa Fe,"Administración pública, salud y educación",2011,5124.073469197174,10.758647618576987
Santa Fe,Transporte y comunicaciones,2011,3848.3192282544223,8.08003842050109
Santa Fe,Servicios financieros e inmobiliarios,2011,3778.612301406017,7.933679812053303
Santa Fe,Resto / no clasificado,2011,2098.6869743961456,4.406461725218639
Santa Fe,Construcción,2011,1502.5328024708765,3.154759793026509
Santa Fe,Otros servicios,2011,1450.1956196906212,3.0448711838434637
Santa Fe,Minería y energía,2011,618.3986890341881,1.2984071409403883
Santa Fe,Hotelería y gastronomía,2011,503.081563048412,1.0562840858503144
Santa Fe,Industria manufacturera,2012,12017.308850961,26.164276535379187
Santa Fe,Comercio,2012,7530.056351268769,16.394558810546776
Santa Fe,"Agro, pesca y silvicultura",2012,7306.78490623157,15.908448658693617
Santa Fe,"Administración pública, salud y educación",2012,5213.078474104753,11.349997614998632
Santa Fe,Servicios financieros e inmobiliarios,2012,3920.777458025024,8.536379227471075
Santa Fe,Transporte y comunicaciones,2012,3785.708564135663,8.242305077020458
Santa Fe,Resto / no clasificado,2012,2073.8544336086798,4.515228955834028
Santa Fe,Otros servicios,2012,1481.623124245928,3.225813501571354
Santa Fe,Construcción,2012,1456.7795154879364,3.171723600267962
Santa Fe,Minería y energía,2012,633.3675996929813,1.3789780417927187
Santa Fe,Hotelería y gastronomía,2012,510.87719396495464,1.11228997642419
Santa Fe,Industria manufacturera,2013,12216.1980269646,25.477977247957803
Santa Fe,"Agro, pesca y silvicultura",2013,8642.041403595362,18.02375287063198
Santa Fe,Comercio,2013,7760.659585252744,16.185551994636803
Santa Fe,"Administración pública, salud y educación",2013,5336.088722429441,11.128891882978271
Santa Fe,Servicios financieros e inmobiliarios,2013,4009.2009534776166,8.361548367972395
Santa Fe,Transporte y comunicaciones,2013,3873.0355992262694,8.07756330241285
Santa Fe,Resto / no clasificado,2013,2081.3820317296577,4.340909007177645
Santa Fe,Otros servicios,2013,1493.2132942461208,3.114230323802611
Santa Fe,Construcción,2013,1392.9984760860889,2.905223327407028
Santa Fe,Minería y energía,2013,625.1987100377854,1.3039080141494028
Santa Fe,Hotelería y gastronomía,2013,518.0518684725505,1.080443660873206
Santa Fe,Industria manufacturera,2014,11589.117054918377,25.031680163750245
Santa Fe,"Agro, pesca y silvicultura",2014,8196.543672775655,17.703959559029233
Santa Fe,Comercio,2014,7172.723027912012,15.492578760489899
Santa Fe,"Administración pública, salud y educación",2014,5391.509856833674,11.64528321669609
Santa Fe,Servicios financieros e inmobiliarios,2014,4061.176067152399,8.771855519268625
Santa Fe,Transporte y comunicaciones,2014,3853.3822996127437,8.323035552706475
Santa Fe,Resto / no clasificado,2014,2002.4654341314092,4.325184916901829
Santa Fe,Otros servicios,2014,1488.8669296361013,3.215848162757056
Santa Fe,Construcción,2014,1378.1857420515237,2.976784558978424
Santa Fe,Minería y energía,2014,653.7275985353875,1.4120057708632396
Santa Fe,Hotelería y gastronomía,2014,510.10166153309336,1.101783818558894
Santa Fe,Industria manufacturera,2015,11535.680065093933,24.434644617105636
Santa Fe,"Agro, pesca y silvicultura",2015,8647.411971437403,18.316773453100897
Santa Fe,Comercio,2015,7309.313468396305,15.482440219169966
Santa Fe,"Administración pública, salud y educación",2015,5481.811423348377,11.611462283252644
Santa Fe,Servicios financieros e inmobiliarios,2015,4152.0176185326345,8.794719893436998
Santa Fe,Transporte y comunicaciones,2015,3944.423467774594,8.35499815447238
Santa Fe,Resto / no clasificado,2015,2046.0134875818317,4.333824461909593
Santa Fe,Otros servicios,2015,1516.582036668976,3.212393451412086
Santa Fe,Construcción,2015,1393.22701373035,2.9511053322693943
Santa Fe,Minería y energía,2015,675.3680829630415,1.4305510381544602
Santa Fe,Hotelería y gastronomía,2015,508.49653568204906,1.0770870957159362
Santa Fe,Industria manufacturera,2016,10985.243202585776,24.57896302067219
Santa Fe,Comercio,2016,6992.900870381562,15.646285542397184
Santa Fe,"Agro, pesca y silvicultura",2016,6802.1391240612575,15.219465141419452
Santa Fe,"Administración pública, salud y educación",2016,5556.512271356507,12.432433868140064
Santa Fe,Servicios financieros e inmobiliarios,2016,4177.793643232932,9.34761603100883
Santa Fe,Transporte y comunicaciones,2016,4090.1763995966367,9.151576585036182
Santa Fe,Resto / no clasificado,2016,2039.1326242498249,4.562462973408288
Santa Fe,Otros servicios,2016,1531.4187499343911,3.4264771502684015
Santa Fe,Construcción,2016,1327.7512002948588,2.970780623684205
Santa Fe,Minería y energía,2016,674.9005677632781,1.5100581563619462
Santa Fe,Hotelería y gastronomía,2016,515.711846190637,1.153880907603263
Santa Fe,Industria manufacturera,2017,11452.358056330206,24.210019259145405
Santa Fe,"Agro, pesca y silvicultura",2017,7945.98470490101,16.79762733511426
Santa Fe,Comercio,2017,7409.718101187257,15.663972175182355
Santa Fe,"Administración pública, salud y educación",2017,5650.609308167322,11.945256994564643
Santa Fe,Servicios financieros e inmobiliarios,2017,4291.168960696152,9.071431636323732
Santa Fe,Transporte y comunicaciones,2017,4201.416898346147,8.881697858585218
Santa Fe,Resto / no clasificado,2017,2127.9132009000937,4.49835914334738
Santa Fe,Otros servicios,2017,1559.377013270516,3.296486831607609
Santa Fe,Construcción,2017,1467.55992890553,3.1023876452338293
Santa Fe,Minería y energía,2017,654.7710059694404,1.3841707172339128
Santa Fe,Hotelería y gastronomía,2017,543.3316025896685,1.148590403661663
Santa Fe,Industria manufacturera,2018,10946.043181987507,24.22536432146475
Santa Fe,Comercio,2018,7136.735879225256,15.794751022433724
Santa Fe,"Agro, pesca y silvicultura",2018,6533.219593557692,14.459071850411743
Santa Fe,"Administración pública, salud y educación",2018,5669.366852516343,12.547225987583452
Santa Fe,Servicios financieros e inmobiliarios,2018,4409.324321100971,9.758548026371942
Santa Fe,Transporte y comunicaciones,2018,4062.7038879199736,8.991420934374766
Santa Fe,Resto / no clasificado,2018,2136.0161086353496,4.727349195311061
Santa Fe,Otros servicios,2018,1575.841919709941,3.487593094903003
Santa Fe,Construcción,2018,1503.848282221379,3.3282595286095793
Santa Fe,Minería y energía,2018,657.1815339638289,1.4544490480186545
Santa Fe,Hotelería y gastronomía,2018,553.943686452784,1.225966990517327
Santa Fe,Industria manufacturera,2019,10305.397916092677,22.564656040128348
Santa Fe,"Agro, pesca y silvicultura",2019,8174.932264271108,17.899797387403112
Santa Fe,Comercio,2019,6614.348337777815,14.482749369481876
Santa Fe,"Administración pública, salud y educación",2019,5886.155809745683,12.888302065280488
Santa Fe,Servicios financieros e inmobiliarios,2019,4353.033458303358,9.531383796874081
Santa Fe,Transporte y comunicaciones,2019,4165.753448733108,9.121316273664176
Santa Fe,Resto / no clasificado,2019,2003.553669837028,4.386972709439126
Santa Fe,Otros servicios,2019,1540.487073290019,3.373044032464963
Santa Fe,Construcción,2019,1439.571825022161,3.1520804282539623
Santa Fe,Minería y energía,2019,625.9681296359645,1.3706171903620636
Santa Fe,Hotelería y gastronomía,2019,561.3276679455143,1.2290807066477958
Santa Fe,Industria manufacturera,2020,9593.9029113512,23.117291373858407
Santa Fe,"Agro, pesca y silvicultura",2020,7780.720204383191,18.748279790321607
Santa Fe,Comercio,2020,6391.813579702725,15.40159602350637
Santa Fe,"Administración pública, salud y educación",2020,5260.822377523981,12.676380498227084
Santa Fe,Servicios financieros e inmobiliarios,2020,4389.7465625028835,10.577452292403931
Santa Fe,Transporte y comunicaciones,2020,3244.470175785029,7.817815450130783
Santa Fe,Resto / no clasificado,2020,1772.203933485319,4.270269887326608
Santa Fe,Construcción,2020,1123.1505704057952,2.7063228836791775
Santa Fe,Otros servicios,2020,1028.7574788053475,2.4788750324376303
Santa Fe,Minería y energía,2020,621.2217779434575,1.4968845298104732
Santa Fe,Hotelería y gastronomía,2020,294.172338994532,0.7088322382979245
Santa Fe,Industria manufacturera,2021,11901.04100902236,25.07353161068183
Santa Fe,"Agro, pesca y silvicultura",2021,8241.050508190427,17.36253494679055
Santa Fe,Comercio,2021,7723.865416180422,16.27291121192103
Santa Fe,"Administración pública, salud y educación",2021,5696.7016367712495,12.002011291106415
Santa Fe,Servicios financieros e inmobiliarios,2021,4439.586286743903,9.353476474422058
Santa Fe,Transporte y comunicaciones,2021,3507.5994617417123,7.3899338650221225
Santa Fe,Resto / no clasificado,2021,2107.438099818462,4.440024681310984
Santa Fe,Construcción,2021,1464.0409256837645,3.084492894498418
Santa Fe,Otros servicios,2021,1322.1544041048437,2.7855613824364323
Santa Fe,Minería y energía,2021,671.1333518172544,1.413967341093561
Santa Fe,Hotelería y gastronomía,2021,389.94711936796307,0.8215543007165999
Santa Fe,Industria manufacturera,2022,12548.251227562607,25.997153013476364
Santa Fe,Comercio,2022,8137.715660997072,16.8595157510404
Santa Fe,"Agro, pesca y silvicultura",2022,7060.618838186921,14.628013495856132
Santa Fe,"Administración pública, salud y educación",2022,5974.72019934876,12.378275858392136
Santa Fe,Servicios financieros e inmobiliarios,2022,4510.884138705912,9.345536924094551
Santa Fe,Transporte y comunicaciones,2022,3794.106972559186,7.860535920611938
Santa Fe,Resto / no clasificado,2022,2212.36438521462,4.583521193587219
Santa Fe,Construcción,2022,1482.0865368949744,3.070549814482481
Santa Fe,Otros servicios,2022,1414.69186119984,2.9309232111760743
Santa Fe,Minería y energía,2022,685.0599898642752,1.4192901510285982
Santa Fe,Hotelería y gastronomía,2022,447.29020884936,0.9266846662541124
Santa Fe,Industria manufacturera,2023,12262.358993947157,26.33251008003083
Santa Fe,Comercio,2023,8112.974823769425,17.422014102783766
Santa Fe,"Administración pública, salud y educación",2023,6286.520784206221,13.499838978792418
Santa Fe,"Agro, pesca y silvicultura",2023,5377.408403390069,11.547587300013578
Santa Fe,Servicios financieros e inmobiliarios,2023,4565.257902251596,9.803554094960026
Santa Fe,Transporte y comunicaciones,2023,3788.280440325442,8.135052393270621
Santa Fe,Resto / no clasificado,2023,2187.348181291551,4.697168632954565
Santa Fe,Otros servicios,2023,1437.525994843714,3.086980879308252
Santa Fe,Construcción,2023,1429.8880160698698,3.0705788841332127
Santa Fe,Minería y energía,2023,659.9331499039611,1.4171576880574435
Santa Fe,Hotelería y gastronomía,2023,459.8793659823649,0.9875569656952906
Santa Fe,Industria manufacturera,2024,11199.750465184117,23.32463191995422
Santa Fe,"Agro, pesca y silvicultura",2024,8306.046696932652,17.298196287333152
Santa Fe,Comercio,2024,7641.429991159511,15.914063660610726
Santa Fe,"Administración pública, salud y educación",2024,6496.47602770316,13.529579305719958
Santa Fe,Servicios financieros e inmobiliarios,2024,4584.255979588747,9.547184438006038
Santa Fe,Transporte y comunicaciones,2024,3856.6714268670444,8.031914795558764
Santa Fe,Resto / no clasificado,2024,2086.1081959160897,4.344534814967651
Santa Fe,Otros servicios,2024,1408.5455301839409,2.9334408955063345
Santa Fe,Construcción,2024,1295.88831662068,2.6988206646664388
Santa Fe,Minería y energía,2024,660.9651436593693,1.376527873161057
Santa Fe,Hotelería y gastronomía,2024,480.69912041551316,1.0011053445156624
Santiago del Estero,Comercio,2004,1374.7000125281795,26.612130587277743
Santiago del Estero,"Agro, pesca y silvicultura",2004,1151.261168314949,22.2866896574145
Santiago del Estero,"Administración pública, salud y educación",2004,781.420162338159,15.127122437011389
Santiago del Estero,Industria manufacturera,2004,633.4944270487032,12.263502047932953
Santiago del Estero,Servicios financieros e inmobiliarios,2004,365.71733737869044,7.079739180662674
Santiago del Estero,Transporte y comunicaciones,2004,303.79209683294386,5.8809593937757425
Santiago del Estero,Construcción,2004,178.1559823321562,3.448832635135297
Santiago del Estero,Resto / no clasificado,2004,164.05164849443483,3.175793884487648
Santiago del Estero,Otros servicios,2004,103.94780612198707,2.0122736346615433
Santiago del Estero,Hotelería y gastronomía,2004,60.20548339671892,1.1654878676236449
Santiago del Estero,Minería y energía,2004,48.943288992565826,0.94746867401686
Santiago del Estero,Comercio,2005,1365.1369030583137,26.240060956827413
Santiago del Estero,"Agro, pesca y silvicultura",2005,1055.6494877410003,20.291230018989694
Santiago del Estero,"Administración pública, salud y educación",2005,787.8262141642172,15.143248883494998
Santiago del Estero,Industria manufacturera,2005,617.8506153574677,11.87605270421786
Santiago del Estero,Servicios financieros e inmobiliarios,2005,379.5724192561792,7.2959740495617815
Santiago del Estero,Transporte y comunicaciones,2005,341.1616444943283,6.557659035959895
Santiago del Estero,Construcción,2005,220.3896504800165,4.236232900812945
Santiago del Estero,Resto / no clasificado,2005,193.4987204766639,3.7193472749881993
Santiago del Estero,Otros servicios,2005,114.17569734558931,2.1946350226300813
Santiago del Estero,Hotelería y gastronomía,2005,72.94035445740538,1.4020274031762496
Santiago del Estero,Minería y energía,2005,54.289649055391166,1.0435317493408789
Santiago del Estero,Comercio,2006,1896.266101680566,29.59249043424093
Santiago del Estero,"Agro, pesca y silvicultura",2006,1421.5548390596093,22.184306273965557
Santiago del Estero,Industria manufacturera,2006,837.8984847734043,13.075961687838497
Santiago del Estero,"Administración pública, salud y educación",2006,784.9404286460019,12.24951609142286
Santiago del Estero,Servicios financieros e inmobiliarios,2006,399.72822919324494,6.238024182478269
Santiago del Estero,Transporte y comunicaciones,2006,357.2631542086753,5.5753285174782485
Santiago del Estero,Construcción,2006,246.1629472444725,3.841536087757226
Santiago del Estero,Resto / no clasificado,2006,203.58389266175345,3.1770616955179496
Santiago del Estero,Otros servicios,2006,122.77128306176756,1.915927314412782
Santiago del Estero,Hotelería y gastronomía,2006,79.7091616548471,1.2439143439319758
Santiago del Estero,Minería y energía,2006,58.05157715745231,0.905933370955704
Santiago del Estero,Comercio,2007,2193.972903133947,30.62156481356297
Santiago del Estero,"Agro, pesca y silvicultura",2007,1646.2286631208822,22.976627301865797
Santiago del Estero,Industria manufacturera,2007,937.3950188996379,13.083344049575016
Santiago del Estero,"Administración pública, salud y educación",2007,770.3466688728457,10.75182852810375
Santiago del Estero,Servicios financieros e inmobiliarios,2007,431.2028297332732,6.018353909297594
Santiago del Estero,Transporte y comunicaciones,2007,405.1461839944435,5.654677919874078
Santiago del Estero,Construcción,2007,277.96035187750704,3.879528739146967
Santiago del Estero,Resto / no clasificado,2007,220.3595739024576,3.0755871984127503
Santiago del Estero,Otros servicios,2007,128.20114408242358,1.7893200217218836
Santiago del Estero,Hotelería y gastronomía,2007,90.83125275148774,1.2677435939403627
Santiago del Estero,Minería y energía,2007,63.15223334595542,0.8814239244988352
Santiago del Estero,Comercio,2008,2322.12966385206,31.134623306839014
Santiago del Estero,"Agro, pesca y silvicultura",2008,1631.6565994813084,21.87690652325473
Santiago del Estero,Industria manufacturera,2008,977.672163222812,13.108421546551478
Santiago del Estero,"Administración pública, salud y educación",2008,718.5445281354253,9.634093031469979
Santiago del Estero,Servicios financieros e inmobiliarios,2008,456.416745707474,6.119539175500951
Santiago del Estero,Transporte y comunicaciones,2008,453.8803253887865,6.085531388425381
Santiago del Estero,Construcción,2008,336.6810433407385,4.514148207201601
Santiago del Estero,Resto / no clasificado,2008,269.7936928486997,3.617336761234554
Santiago del Estero,Otros servicios,2008,131.7983876785148,1.7671249012047934
Santiago del Estero,Hotelería y gastronomía,2008,90.13692031616495,1.208536759927094
Santiago del Estero,Minería y energía,2008,69.64149242505344,0.9337383983904264
Santiago del Estero,Comercio,2009,2056.6977246579286,32.250276817312525
Santiago del Estero,Industria manufacturera,2009,904.9843928506234,14.190708160400357
Santiago del Estero,"Agro, pesca y silvicultura",2009,866.0561738618906,13.580289904309563
Santiago del Estero,"Administración pública, salud y educación",2009,730.723781370356,11.458195311664898
Santiago del Estero,Transporte y comunicaciones,2009,467.34108555310235,7.328193733329312
Santiago del Estero,Servicios financieros e inmobiliarios,2009,461.48644959889157,7.236389464804975
Santiago del Estero,Construcción,2009,332.6066930074722,5.215476145171469
Santiago del Estero,Resto / no clasificado,2009,253.14305893031863,3.9694378162653265
Santiago del Estero,Otros servicios,2009,132.32325233288577,2.074909436588417
Santiago del Estero,Hotelería y gastronomía,2009,94.41796041983552,1.480531301979342
Santiago del Estero,Minería y energía,2009,77.52197371253453,1.2155919081738094
Santiago del Estero,Comercio,2010,2423.5612538312425,28.884506740606113
Santiago del Estero,"Agro, pesca y silvicultura",2010,2254.1941962031806,26.86595494623293
Santiago del Estero,Industria manufacturera,2010,965.6635510823711,11.50897890709496
Santiago del Estero,"Administración pública, salud y educación",2010,758.6182488477373,9.041369962384731
Santiago del Estero,Transporte y comunicaciones,2010,548.5033212604944,6.537176584725508
Santiago del Estero,Servicios financieros e inmobiliarios,2010,464.86706272525873,5.540382272388186
Santiago del Estero,Construcción,2010,390.7695876445093,4.657273163819795
Santiago del Estero,Resto / no clasificado,2010,253.29313643481007,3.0188002449431717
Santiago del Estero,Otros servicios,2010,142.206304186962,1.694844289721016
Santiago del Estero,Hotelería y gastronomía,2010,110.19242208231958,1.313296188973527
Santiago del Estero,Minería y energía,2010,78.65416609187588,0.9374166991100682
Santiago del Estero,"Agro, pesca y silvicultura",2011,2548.015615935863,28.657625380895617
Santiago del Estero,Comercio,2011,2514.9613824251755,28.28586320044524
Santiago del Estero,Industria manufacturera,2011,921.387138902963,10.36287505159505
Santiago del Estero,"Administración pública, salud y educación",2011,793.2176167099163,8.921347719782506
Santiago del Estero,Transporte y comunicaciones,2011,594.1320155436567,6.682224638561691
Santiago del Estero,Servicios financieros e inmobiliarios,2011,488.2539470574747,5.491410106753818
Santiago del Estero,Construcción,2011,408.15250863731126,4.590506281691192
Santiago del Estero,Resto / no clasificado,2011,282.75009222541223,3.180100690408607
Santiago del Estero,Otros servicios,2011,145.17537559158617,1.6327927906777857
Santiago del Estero,Hotelería y gastronomía,2011,116.21411440315435,1.3070644205274662
Santiago del Estero,Minería y energía,2011,78.97099787516399,0.8881897186610175
Santiago del Estero,Comercio,2012,2632.979867960681,32.173209453760016
Santiago del Estero,"Agro, pesca y silvicultura",2012,1636.9629952453458,20.002565896895554
Santiago del Estero,Industria manufacturera,2012,1031.795227440253,12.60783053063623
Santiago del Estero,"Administración pública, salud y educación",2012,794.2108653514915,9.704712456155823
Santiago del Estero,Transporte y comunicaciones,2012,590.6427390716449,7.217249469975186
Santiago del Estero,Servicios financieros e inmobiliarios,2012,525.0014256838814,6.415157608148632
Santiago del Estero,Construcción,2012,357.76274842887346,4.371615590388132
Santiago del Estero,Resto / no clasificado,2012,254.2758837531304,3.107077029558042
Santiago del Estero,Otros servicios,2012,145.07036677018758,1.7726604568556965
Santiago del Estero,Hotelería y gastronomía,2012,127.59153471636898,1.5590811084081309
Santiago del Estero,Minería y energía,2012,87.47138693919143,1.0688403992185482
Santiago del Estero,Comercio,2013,3302.8125333442285,35.9238673297385
Santiago del Estero,"Agro, pesca y silvicultura",2013,1588.0043427828455,17.272326767943113
Santiago del Estero,Industria manufacturera,2013,1353.56325085567,14.72236954269811
Santiago del Estero,"Administración pública, salud y educación",2013,810.3248044588879,8.813700588662341
Santiago del Estero,Transporte y comunicaciones,2013,598.1837681407535,6.506295500741893
Santiago del Estero,Servicios financieros e inmobiliarios,2013,536.4655472834818,5.835001821333704
Santiago del Estero,Construcción,2013,363.50483239577096,3.9537513076717854
Santiago del Estero,Resto / no clasificado,2013,279.1605067165429,3.0363591350531127
Santiago del Estero,Otros servicios,2013,145.9645184127496,1.587619624598986
Santiago del Estero,Hotelería y gastronomía,2013,122.91740507082372,1.3369419268277265
Santiago del Estero,Minería y energía,2013,93.02102406818598,1.0117664547307343
Santiago del Estero,Comercio,2014,3582.1793752605863,33.66094708536861
Santiago del Estero,"Agro, pesca y silvicultura",2014,2612.048461984252,24.544841520359185
Santiago del Estero,Industria manufacturera,2014,1451.4987359369893,13.639412499074023
Santiago del Estero,"Administración pública, salud y educación",2014,821.3619581564882,7.718156606668825
Santiago del Estero,Transporte y comunicaciones,2014,597.3174633877586,5.6128600558422095
Santiago del Estero,Servicios financieros e inmobiliarios,2014,531.4664589994803,4.9940727361617245
Santiago del Estero,Construcción,2014,394.6170756909327,3.7081293571037595
Santiago del Estero,Resto / no clasificado,2014,289.0648709053904,2.716278640590808
Santiago del Estero,Otros servicios,2014,145.84356318357672,1.3704596975149705
Santiago del Estero,Hotelería y gastronomía,2014,119.54338354286057,1.1233227279550824
Santiago del Estero,Minería y energía,2014,97.00335574244818,0.9115190733608102
Santiago del Estero,Comercio,2015,3642.70795505772,34.791541149372144
Santiago del Estero,"Agro, pesca y silvicultura",2015,2280.8336190124173,21.784265356920308
Santiago del Estero,Industria manufacturera,2015,1471.1576585227288,14.051041929573646
Santiago del Estero,"Administración pública, salud y educación",2015,850.0312723987437,8.118657426503862
Santiago del Estero,Transporte y comunicaciones,2015,622.0797907108831,5.941490480086417
Santiago del Estero,Servicios financieros e inmobiliarios,2015,533.1662667484871,5.092276498115038
Santiago del Estero,Construcción,2015,368.8066957142677,3.5224765444869703
Santiago del Estero,Resto / no clasificado,2015,321.9640551653542,3.075082002758755
Santiago del Estero,Otros servicios,2015,148.76227663420394,1.4208300343723763
Santiago del Estero,Hotelería y gastronomía,2015,125.7421196685527,1.2009642783972254
Santiago del Estero,Minería y energía,2015,104.84485613333729,1.0013742994132526
Santiago del Estero,Comercio,2016,3700.274066997311,34.37178538891218
Santiago del Estero,"Agro, pesca y silvicultura",2016,2563.444150387444,23.811790856097033
Santiago del Estero,Industria manufacturera,2016,1440.0522161479498,13.376621522099995
Santiago del Estero,"Administración pública, salud y educación",2016,891.3449504672901,8.279688690684901
Santiago del Estero,Transporte y comunicaciones,2016,643.675865332565,5.979094602899678
Santiago del Estero,Servicios financieros e inmobiliarios,2016,528.9092280613644,4.913029183239048
Santiago del Estero,Construcción,2016,305.0299353254882,2.833418088598318
Santiago del Estero,Resto / no clasificado,2016,294.806424611378,2.7384520645081634
Santiago del Estero,Otros servicios,2016,151.09933500446954,1.4035592556514134
Santiago del Estero,Hotelería y gastronomía,2016,137.29032155146567,1.2752875551650733
Santiago del Estero,Minería y energía,2016,109.51389604123847,1.017272792144189
Santiago del Estero,Comercio,2017,3774.254816657432,33.08500351971353
Santiago del Estero,"Agro, pesca y silvicultura",2017,3002.0725983011494,26.316077558640398
Santiago del Estero,Industria manufacturera,2017,1413.182033165404,12.38791094202822
Santiago del Estero,"Administración pública, salud y educación",2017,934.9099363062405,8.195392212733738
Santiago del Estero,Transporte y comunicaciones,2017,674.1433235015853,5.909519975281981
Santiago del Estero,Servicios financieros e inmobiliarios,2017,543.7997820061332,4.76693243452655
Santiago del Estero,Construcción,2017,363.901774850969,3.1899519472394666
Santiago del Estero,Resto / no clasificado,2017,304.4856422302022,2.669111926525979
Santiago del Estero,Otros servicios,2017,153.63028685629214,1.3467184459677057
Santiago del Estero,Hotelería y gastronomía,2017,129.11893279256958,1.1318526579207266
Santiago del Estero,Minería y energía,2017,114.25186362150967,1.0015283794217038
Santiago del Estero,Comercio,2018,3090.5272046221844,30.713151697044896
Santiago del Estero,"Agro, pesca y silvicultura",2018,2605.113199692916,25.889187052124296
Santiago del Estero,Industria manufacturera,2018,1082.7300036205095,10.759992922373893
Santiago del Estero,"Administración pública, salud y educación",2018,953.7681341268391,9.478391047143736
Santiago del Estero,Transporte y comunicaciones,2018,660.7687873994619,6.566611668624042
Santiago del Estero,Servicios financieros e inmobiliarios,2018,550.9589137457884,5.475339182067528
Santiago del Estero,Construcción,2018,394.9322846713209,3.924772171890212
Santiago del Estero,Resto / no clasificado,2018,312.7436933632971,3.1079954521012816
Santiago del Estero,Otros servicios,2018,156.19918607196314,1.552281853273517
Santiago del Estero,Hotelería y gastronomía,2018,139.51319413380247,1.3864592063005556
Santiago del Estero,Minería y energía,2018,115.2985194663794,1.1458177470560407
Santiago del Estero,"Agro, pesca y silvicultura",2019,3566.461778599975,33.714745000419335
Santiago del Estero,Comercio,2019,2874.6859176059165,27.17519734823175
Santiago del Estero,Industria manufacturera,2019,989.873390805708,9.357545664435992
Santiago del Estero,"Administración pública, salud y educación",2019,954.0957222351847,9.019329514244072
Santiago del Estero,Transporte y comunicaciones,2019,662.9075801905994,6.266647846635427
Santiago del Estero,Servicios financieros e inmobiliarios,2019,526.3251213832517,4.975496263895726
Santiago del Estero,Construcción,2019,335.0972953851428,3.167766981839137
Santiago del Estero,Resto / no clasificado,2019,267.05175065761165,2.524513715347126
Santiago del Estero,Otros servicios,2019,151.57898484803874,1.4329178717794007
Santiago del Estero,Hotelería y gastronomía,2019,144.3095825228301,1.3641982104134869
Santiago del Estero,Minería y energía,2019,105.95709446179488,1.0016415827585516
Santiago del Estero,"Agro, pesca y silvicultura",2020,3520.279430622357,36.841475646955764
Santiago del Estero,Comercio,2020,2529.414433299903,26.471580475928878
Santiago del Estero,"Administración pública, salud y educación",2020,876.3586727422792,9.171529515236577
Santiago del Estero,Industria manufacturera,2020,799.81766544803,8.37048979330575
Santiago del Estero,Servicios financieros e inmobiliarios,2020,520.5518867885403,5.447834479635722
Santiago del Estero,Transporte y comunicaciones,2020,514.9904879679958,5.3896316740777905
Santiago del Estero,Construcción,2020,295.3269266542053,3.0907432181591483
Santiago del Estero,Resto / no clasificado,2020,233.6719407971218,2.445493116645028
Santiago del Estero,Minería y energía,2020,108.95771053138552,1.1402966492294686
Santiago del Estero,Otros servicios,2020,96.91118788176013,1.0142237963286374
Santiago del Estero,Hotelería y gastronomía,2020,58.92712060601808,0.6167016344972456
Santiago del Estero,"Agro, pesca y silvicultura",2021,3329.9423866877564,32.41624645103712
Santiago del Estero,Comercio,2021,2877.9774783906505,28.016468871355773
Santiago del Estero,"Administración pública, salud y educación",2021,1027.2146227880398,9.999705251215378
Santiago del Estero,Industria manufacturera,2021,966.5678851642697,9.40932278660493
Santiago del Estero,Transporte y comunicaciones,2021,570.4403520887817,5.553109601190303
Santiago del Estero,Servicios financieros e inmobiliarios,2021,529.0075206519331,5.149770227995585
Santiago del Estero,Construcción,2021,389.07272970436526,3.787536248042927
Santiago del Estero,Resto / no clasificado,2021,258.97318774016406,2.521046223369102
Santiago del Estero,Otros servicios,2021,118.75159312816172,1.156020273709539
Santiago del Estero,Minería y energía,2021,113.62277188484217,1.1060923427965557
Santiago del Estero,Hotelería y gastronomía,2021,90.8784788374265,0.8846817226827939
Santiago del Estero,"Agro, pesca y silvicultura",2022,3540.448710993105,32.305969821243934
Santiago del Estero,Comercio,2022,3111.0248498609512,28.387552854721623
Santiago del Estero,Industria manufacturera,2022,1018.4000121739867,9.292720427524177
Santiago del Estero,"Administración pública, salud y educación",2022,1013.6149485787801,9.249057566480747
Santiago del Estero,Transporte y comunicaciones,2022,651.4420347285604,5.9442936283427485
Santiago del Estero,Servicios financieros e inmobiliarios,2022,534.5561002549289,4.877730099288313
Santiago del Estero,Construcción,2022,454.6291731815671,4.148410991820576
Santiago del Estero,Resto / no clasificado,2022,267.0477009557715,2.4367631540946024
Santiago del Estero,Otros servicios,2022,126.00039324004373,1.1497313571691077
Santiago del Estero,Hotelería y gastronomía,2022,123.73262428276726,1.1290383655525797
Santiago del Estero,Minería y energía,2022,118.21946214387059,1.0787317337615883
Santiago del Estero,Comercio,2023,2937.792190287405,30.93314567979116
Santiago del Estero,"Agro, pesca y silvicultura",2023,2465.8760643435594,25.964158996279167
Santiago del Estero,Industria manufacturera,2023,973.2251945899113,10.247462983604587
Santiago del Estero,"Administración pública, salud y educación",2023,841.6918045085721,8.8624972496107155
Santiago del Estero,Transporte y comunicaciones,2023,635.5419444968375,6.691865959659709
Santiago del Estero,Servicios financieros e inmobiliarios,2023,530.8285523589601,5.5892983157212255
Santiago del Estero,Construcción,2023,427.44295853807233,4.500711571762194
Santiago del Estero,Resto / no clasificado,2023,278.9058129010919,2.936706745267108
Santiago del Estero,Hotelería y gastronomía,2023,157.46659059242535,1.658026392268066
Santiago del Estero,Otros servicios,2023,126.90618279873274,1.336244086003702
Santiago del Estero,Minería y energía,2023,121.55334739837971,1.279882020032363
Santiago del Estero,"Agro, pesca y silvicultura",2024,2799.5653718823364,30.060855710114527
Santiago del Estero,Comercio,2024,2467.955958766155,26.500137742989935
Santiago del Estero,"Administración pública, salud y educación",2024,1181.8526123089403,12.690363013510717
Santiago del Estero,Industria manufacturera,2024,769.0441321898779,8.257754908907982
Santiago del Estero,Transporte y comunicaciones,2024,639.4512580654822,6.866227234920083
Santiago del Estero,Servicios financieros e inmobiliarios,2024,525.0560265831683,5.637887085390788
Santiago del Estero,Construcción,2024,255.38820693589784,2.7422785393301976
Santiago del Estero,Resto / no clasificado,2024,244.1473462785601,2.621577699952929
Santiago del Estero,Hotelería y gastronomía,2024,184.57707680286157,1.9819308128657442
Santiago del Estero,Minería y energía,2024,123.36720807812948,1.324678422816337
Santiago del Estero,Otros servicios,2024,122.58774841507606,1.3163088292007579
"Tierra del Fuego, Antártida e Islas del Atlántico Sur",Minería y energía,2004,934.2557203562486,28.05639046516075
"Tierra del Fuego, Antártida e Islas del Atlántico Sur","Administración pública, salud y educación",2004,563.9624257905331,16.93620887825545
"Tierra del Fuego, Antártida e Islas del Atlántico Sur",Industria manufacturera,2004,455.32839275874943,13.673848496471882
"Tierra del Fuego, Antártida e Islas del Atlántico Sur",Transporte y comunicaciones,2004,303.21375872707034,9.105733498759658
"Tierra del Fuego, Antártida e Islas del Atlántico Sur",Comercio,2004,249.72519078129105,7.499432231332768
"Tierra del Fuego, Antártida e Islas del Atlántico Sur","Agro, pesca y silvicultura",2004,223.4066692225012,6.709067557903106
"Tierra del Fuego, Antártida e Islas del Atlántico Sur",Construcción,2004,175.87140423362402,5.281548382656021
"Tierra del Fuego, Antártida e Islas del Atlántico Sur",Resto / no clasificado,2004,162.22477662074434,4.871730059366976
"Tierra del Fuego, Antártida e Islas del Atlántico Sur",Servicios financieros e inmobiliarios,2004,133.56657591738377,4.011103090279935
"Tierra del Fuego, Antártida e Islas del Atlántico Sur",Hotelería y gastronomía,2004,89.29841957904418,2.681697604887095
"Tierra del Fuego, Antártida e Islas del Atlántico Sur",Otros servicios,2004,39.06795976001601,1.1732397349263561
"Tierra del Fuego, Antártida e Islas del Atlántico Sur",Minería y energía,2005,924.6905325208382,25.49984385566698
"Tierra del Fuego, Antártida e Islas del Atlántico Sur","Administración pública, salud y educación",2005,628.807213920213,17.340380599085535
"Tierra del Fuego, Antártida e Islas del Atlántico Sur",Industria manufacturera,2005,564.9030143352572,15.578118465076903
"Tierra del Fuego, Antártida e Islas del Atlántico Sur",Transporte y comunicaciones,2005,352.07699890955837,9.70909529363355
"Tierra del Fuego, Antártida e Islas del Atlántico Sur",Comercio,2005,309.2630760867996,8.528431808464447
"Tierra del Fuego, Antártida e Islas del Atlántico Sur","Agro, pesca y silvicultura",2005,209.13431066977608,5.767218414579864
"Tierra del Fuego, Antártida e Islas del Atlántico Sur",Construcción,2005,183.96917851449945,5.073249007520625
"Tierra del Fuego, Antártida e Islas del Atlántico Sur",Resto / no clasificado,2005,167.17279037306054,4.610061314035489
"Tierra del Fuego, Antártida e Islas del Atlántico Sur",Servicios financieros e inmobiliarios,2005,139.26775957532706,3.840534750169922
"Tierra del Fuego, Antártida e Islas del Atlántico Sur",Hotelería y gastronomía,2005,105.86481982162951,2.919394413934952
"Tierra del Fuego, Antártida e Islas del Atlántico Sur",Otros servicios,2005,41.109892409057046,1.133672077831726
"Tierra del Fuego, Antártida e Islas del Atlántico Sur",Minería y energía,2006,925.683727654809,22.571203498759694
"Tierra del Fuego, Antártida e Islas del Atlántico Sur",Industria manufacturera,2006,739.7475455497001,18.037469914926124
"Tierra del Fuego, Antártida e Islas del Atlántico Sur","Administración pública, salud y educación",2006,690.729047571883,16.84223826073696
"Tierra del Fuego, Antártida e Islas del Atlántico Sur",Comercio,2006,405.4423685265783,9.886013909110309
"Tierra del Fuego, Antártida e Islas del Atlántico Sur",Transporte y comunicaciones,2006,386.0297638434962,9.412670976040824
"Tierra del Fuego, Antártida e Islas del Atlántico Sur","Agro, pesca y silvicultura",2006,260.42185219695057,6.349938370800909
"Tierra del Fuego, Antártida e Islas del Atlántico Sur",Construcción,2006,204.6395679135456,4.989783436052059
"Tierra del Fuego, Antártida e Islas del Atlántico Sur",Resto / no clasificado,2006,168.3234337481895,4.10427704758913
"Tierra del Fuego, Antártida e Islas del Atlántico Sur",Servicios financieros e inmobiliarios,2006,147.5858575126798,3.598626965061939
"Tierra del Fuego, Antártida e Islas del Atlántico Sur",Hotelería y gastronomía,2006,123.98243780680028,3.0230982250269745
"Tierra del Fuego, Antártida e Islas del Atlántico Sur",Otros servicios,2006,48.585731785559325,1.1846793958950927
"Tierra del Fuego, Antártida e Islas del Atlántico Sur",Industria manufacturera,2007,832.5872298818376,19.546698652505608
"Tierra del Fuego, Antártida e Islas del Atlántico Sur",Minería y energía,2007,830.5259828460224,19.498306636376356
"Tierra del Fuego, Antártida e Islas del Atlántico Sur","Administración pública, salud y educación",2007,752.7008508832342,17.67120150255873
"Tierra del Fuego, Antártida e Islas del Atlántico Sur",Comercio,2007,462.2146687128854,10.851440567231274
"Tierra del Fuego, Antártida e Islas del Atlántico Sur",Transporte y comunicaciones,2007,414.90037262860204,9.74064009573453
"Tierra del Fuego, Antártida e Islas del Atlántico Sur","Agro, pesca y silvicultura",2007,237.6147584446445,5.578495456103196
"Tierra del Fuego, Antártida e Islas del Atlántico Sur",Resto / no clasificado,2007,192.7927594775168,4.5262067884789
"Tierra del Fuego, Antártida e Islas del Atlántico Sur",Construcción,2007,189.7003324689592,4.453605700362615
"Tierra del Fuego, Antártida e Islas del Atlántico Sur",Servicios financieros e inmobiliarios,2007,157.36640284663335,3.6945001605519385
"Tierra del Fuego, Antártida e Islas del Atlántico Sur",Hotelería y gastronomía,2007,132.48105589598924,3.110265427842521
"Tierra del Fuego, Antártida e Islas del Atlántico Sur",Otros servicios,2007,56.59307970064632,1.3286390122543208
"Tierra del Fuego, Antártida e Islas del Atlántico Sur",Minería y energía,2008,884.4183986858301,20.798639512591194
"Tierra del Fuego, Antártida e Islas del Atlántico Sur",Industria manufacturera,2008,755.0042091038456,17.755239374229788
"Tierra del Fuego, Antártida e Islas del Atlántico Sur","Administración pública, salud y educación",2008,752.0288420585288,17.68526843436112
"Tierra del Fuego, Antártida e Islas del Atlántico Sur",Transporte y comunicaciones,2008,451.14586300358775,10.609480972072872
"Tierra del Fuego, Antártida e Islas del Atlántico Sur",Comercio,2008,433.4193701573276,10.19261160902058
"Tierra del Fuego, Antártida e Islas del Atlántico Sur","Agro, pesca y silvicultura",2008,261.34649734079,6.146018212812371
"Tierra del Fuego, Antártida e Islas del Atlántico Sur",Resto / no clasificado,2008,185.60482209608548,4.364820759395348
"Tierra del Fuego, Antártida e Islas del Atlántico Sur",Servicios financieros e inmobiliarios,2008,165.5321694247126,3.8927773604863245
"Tierra del Fuego, Antártida e Islas del Atlántico Sur",Construcción,2008,161.7778533907515,3.804488078035026
"Tierra del Fuego, Antártida e Islas del Atlántico Sur",Hotelería y gastronomía,2008,136.16150941428296,3.2020751196560746
"Tierra del Fuego, Antártida e Islas del Atlántico Sur",Otros servicios,2008,65.85013143638997,1.548580567339307
"Tierra del Fuego, Antártida e Islas del Atlántico Sur",Minería y energía,2009,879.8733265199485,22.965381465933728
"Tierra del Fuego, Antártida e Islas del Atlántico Sur","Administración pública, salud y educación",2009,726.2586531743059,18.955918437771913
"Tierra del Fuego, Antártida e Islas del Atlántico Sur",Industria manufacturera,2009,581.1741170626034,15.169098657938815
"Tierra del Fuego, Antártida e Islas del Atlántico Sur",Transporte y comunicaciones,2009,431.8741959070324,11.272254034028306
"Tierra del Fuego, Antártida e Islas del Atlántico Sur",Comercio,2009,337.03750911096114,8.796942391327113
"Tierra del Fuego, Antártida e Islas del Atlántico Sur","Agro, pesca y silvicultura",2009,229.79937770340644,5.997943352216468
"Tierra del Fuego, Antártida e Islas del Atlántico Sur",Servicios financieros e inmobiliarios,2009,168.70997349516435,4.40346215943185
"Tierra del Fuego, Antártida e Islas del Atlántico Sur",Resto / no clasificado,2009,147.22299407260536,3.8426352038728697
"Tierra del Fuego, Antártida e Islas del Atlántico Sur",Hotelería y gastronomía,2009,130.52671970104944,3.4068493942049805
"Tierra del Fuego, Antártida e Islas del Atlántico Sur",Construcción,2009,129.74305663801286,3.386395175806772
"Tierra del Fuego, Antártida e Islas del Atlántico Sur",Otros servicios,2009,69.08297844186457,1.803119727467186
"Tierra del Fuego, Antártida e Islas del Atlántico Sur",Industria manufacturera,2010,1175.0618776566785,24.418445507771267
"Tierra del Fuego, Antártida e Islas del Atlántico Sur",Minería y energía,2010,831.4992535493391,17.279021299744084
"Tierra del Fuego, Antártida e Islas del Atlántico Sur","Administración pública, salud y educación",2010,737.903622946508,15.33405155040764
"Tierra del Fuego, Antártida e Islas del Atlántico Sur",Comercio,2010,643.4311810776833,13.3708611707143
"Tierra del Fuego, Antártida e Islas del Atlántico Sur",Transporte y comunicaciones,2010,497.8249951737964,10.34508288303906
"Tierra del Fuego, Antártida e Islas del Atlántico Sur","Agro, pesca y silvicultura",2010,216.17361466427104,4.49220907449073
"Tierra del Fuego, Antártida e Islas del Atlántico Sur",Servicios financieros e inmobiliarios,2010,179.78083475256713,3.7359466766990317
"Tierra del Fuego, Antártida e Islas del Atlántico Sur",Resto / no clasificado,2010,173.84240291566616,3.612542729240405
"Tierra del Fuego, Antártida e Islas del Atlántico Sur",Hotelería y gastronomía,2010,143.15724641958414,2.9748879503352774
"Tierra del Fuego, Antártida e Islas del Atlántico Sur",Construcción,2010,139.97166782523854,2.908689838732956
"Tierra del Fuego, Antártida e Islas del Atlántico Sur",Otros servicios,2010,73.54283114694394,1.5282613188252536
"Tierra del Fuego, Antártida e Islas del Atlántico Sur",Industria manufacturera,2011,1904.6231731141036,31.91650829726159
"Tierra del Fuego, Antártida e Islas del Atlántico Sur",Comercio,2011,1046.9501541520476,17.54414928554021
"Tierra del Fuego, Antártida e Islas del Atlántico Sur","Administración pública, salud y educación",2011,776.5783698587991,13.01342456342537
"Tierra del Fuego, Antártida e Islas del Atlántico Sur",Minería y energía,2011,749.7431246821475,12.563735964950913
"Tierra del Fuego, Antártida e Islas del Atlántico Sur",Transporte y comunicaciones,2011,531.0774507395114,8.899470563146766
"Tierra del Fuego, Antártida e Islas del Atlántico Sur","Agro, pesca y silvicultura",2011,194.44155503747092,3.2583324577213366
"Tierra del Fuego, Antártida e Islas del Atlántico Sur",Servicios financieros e inmobiliarios,2011,194.15877085961085,3.2535937337120884
"Tierra del Fuego, Antártida e Islas del Atlántico Sur",Resto / no clasificado,2011,189.56408644570573,3.17659882716586
"Tierra del Fuego, Antártida e Islas del Atlántico Sur",Construcción,2011,153.24738047395647,2.5680257173567504
"Tierra del Fuego, Antártida e Islas del Atlántico Sur",Hotelería y gastronomía,2011,148.49114811862145,2.488323689377875
"Tierra del Fuego, Antártida e Islas del Atlántico Sur",Otros servicios,2011,78.6421457948184,1.317836900341235
"Tierra del Fuego, Antártida e Islas del Atlántico Sur",Industria manufacturera,2012,2123.866862152607,33.05114143207406
"Tierra del Fuego, Antártida e Islas del Atlántico Sur",Comercio,2012,1170.1618250121376,18.209796793802564
"Tierra del Fuego, Antártida e Islas del Atlántico Sur","Administración pública, salud y educación",2012,823.3995405331569,12.813559622886912
"Tierra del Fuego, Antártida e Islas del Atlántico Sur",Minería y energía,2012,738.6538853443827,11.494766677193924
"Tierra del Fuego, Antártida e Islas del Atlántico Sur",Transporte y comunicaciones,2012,537.8876473772089,8.370487352494091
"Tierra del Fuego, Antártida e Islas del Atlántico Sur",Resto / no clasificado,2012,209.56769670345852,3.2612456584589435
"Tierra del Fuego, Antártida e Islas del Atlántico Sur","Agro, pesca y silvicultura",2012,206.78849230470686,3.21799630074794
"Tierra del Fuego, Antártida e Islas del Atlántico Sur",Servicios financieros e inmobiliarios,2012,202.90783296881187,3.1576063474764027
"Tierra del Fuego, Antártida e Islas del Atlántico Sur",Construcción,2012,170.51126336467152,2.6534581718156915
"Tierra del Fuego, Antártida e Islas del Atlántico Sur",Hotelería y gastronomía,2012,163.60236432418338,2.545943429062157
"Tierra del Fuego, Antártida e Islas del Atlántico Sur",Otros servicios,2012,78.65414425593362,1.2239982139873073
"Tierra del Fuego, Antártida e Islas del Atlántico Sur",Industria manufacturera,2013,2108.9414642866845,32.79171744538645
"Tierra del Fuego, Antártida e Islas del Atlántico Sur",Comercio,2013,1161.6973320463337,18.06311427539188
"Tierra del Fuego, Antártida e Islas del Atlántico Sur","Administración pública, salud y educación",2013,875.5827986782477,13.614348345134898
"Tierra del Fuego, Antártida e Islas del Atlántico Sur",Minería y energía,2013,679.9276468877969,10.572126186343626
"Tierra del Fuego, Antártida e Islas del Atlántico Sur",Transporte y comunicaciones,2013,549.7739928750545,8.548380189052988
"Tierra del Fuego, Antártida e Islas del Atlántico Sur",Resto / no clasificado,2013,227.89372789456093,3.5434965167332693
"Tierra del Fuego, Antártida e Islas del Atlántico Sur",Servicios financieros e inmobiliarios,2013,216.0930508258398,3.360008982984845
"Tierra del Fuego, Antártida e Islas del Atlántico Sur",Hotelería y gastronomía,2013,181.1944380481836,2.817373983948527
"Tierra del Fuego, Antártida e Islas del Atlántico Sur",Construcción,2013,178.93477354037063,2.7822386891495157
"Tierra del Fuego, Antártida e Islas del Atlántico Sur","Agro, pesca y silvicultura",2013,170.87138310501064,2.6568618471243677
"Tierra del Fuego, Antártida e Islas del Atlántico Sur",Otros servicios,2013,80.41299600879513,1.2503335387496308
"Tierra del Fuego, Antártida e Islas del Atlántico Sur",Industria manufacturera,2014,1644.5431264636557,28.74820441657933
"Tierra del Fuego, Antártida e Islas del Atlántico Sur","Administración pública, salud y educación",2014,909.7142203382581,15.90268442712761
"Tierra del Fuego, Antártida e Islas del Atlántico Sur",Comercio,2014,891.4573017207343,15.583535832002568
"Tierra del Fuego, Antártida e Islas del Atlántico Sur",Minería y energía,2014,655.6786678105859,11.4618972713366
"Tierra del Fuego, Antártida e Islas del Atlántico Sur",Transporte y comunicaciones,2014,538.8667085691138,9.419911245834102
"Tierra del Fuego, Antártida e Islas del Atlántico Sur",Resto / no clasificado,2014,227.2949746382995,3.9733359913851163
"Tierra del Fuego, Antártida e Islas del Atlántico Sur",Servicios financieros e inmobiliarios,2014,224.11478215427582,3.917743150952055
"Tierra del Fuego, Antártida e Islas del Atlántico Sur",Construcción,2014,199.3205229920069,3.484315520332661
"Tierra del Fuego, Antártida e Islas del Atlántico Sur",Hotelería y gastronomía,2014,188.41685214184685,3.2937088080808823
"Tierra del Fuego, Antártida e Islas del Atlántico Sur","Agro, pesca y silvicultura",2014,162.73095702659353,2.8446945186326102
"Tierra del Fuego, Antártida e Islas del Atlántico Sur",Otros servicios,2014,78.36916594967374,1.369968817736468
"Tierra del Fuego, Antártida e Islas del Atlántico Sur",Industria manufacturera,2015,1743.5015042864538,29.485663432070034
"Tierra del Fuego, Antártida e Islas del Atlántico Sur",Comercio,2015,959.391764473682,16.2249947001612
"Tierra del Fuego, Antártida e Islas del Atlántico Sur","Administración pública, salud y educación",2015,933.1547133361463,15.781280222491162
"Tierra del Fuego, Antártida e Islas del Atlántico Sur",Minería y energía,2015,610.6858322839827,10.327766778055302
"Tierra del Fuego, Antártida e Islas del Atlántico Sur",Transporte y comunicaciones,2015,571.0081706200137,9.656748040922558
"Tierra del Fuego, Antártida e Islas del Atlántico Sur",Servicios financieros e inmobiliarios,2015,236.09737537974658,3.9928200408931493
"Tierra del Fuego, Antártida e Islas del Atlántico Sur",Resto / no clasificado,2015,218.6103788162539,3.6970843080353037
"Tierra del Fuego, Antártida e Islas del Atlántico Sur",Construcción,2015,194.8583762516787,3.2953963532300388
"Tierra del Fuego, Antártida e Islas del Atlántico Sur",Hotelería y gastronomía,2015,194.10848913210356,3.2827144489325795
"Tierra del Fuego, Antártida e Islas del Atlántico Sur","Agro, pesca y silvicultura",2015,174.6954397434193,2.9544057901458696
"Tierra del Fuego, Antártida e Islas del Atlántico Sur",Otros servicios,2015,76.93620132032363,1.3011258850628054
"Tierra del Fuego, Antártida e Islas del Atlántico Sur",Industria manufacturera,2016,1570.440055546416,27.879221027974516
"Tierra del Fuego, Antártida e Islas del Atlántico Sur","Administración pública, salud y educación",2016,916.5637034494938,16.271287773411025
"Tierra del Fuego, Antártida e Islas del Atlántico Sur",Comercio,2016,882.41440730499,15.66505274279018
"Tierra del Fuego, Antártida e Islas del Atlántico Sur",Minería y energía,2016,645.4350993867122,11.458080002139255
"Tierra del Fuego, Antártida e Islas del Atlántico Sur",Transporte y comunicaciones,2016,589.8698330983617,10.471658180523027
"Tierra del Fuego, Antártida e Islas del Atlántico Sur",Servicios financieros e inmobiliarios,2016,238.63323604441058,4.236334082798301
"Tierra del Fuego, Antártida e Islas del Atlántico Sur",Hotelería y gastronomía,2016,201.66368258528718,3.5800324630374574
"Tierra del Fuego, Antártida e Islas del Atlántico Sur",Resto / no clasificado,2016,201.2120989975078,3.572015730012951
"Tierra del Fuego, Antártida e Islas del Atlántico Sur",Construcción,2016,156.09349989185137,2.7710482607379086
"Tierra del Fuego, Antártida e Islas del Atlántico Sur","Agro, pesca y silvicultura",2016,152.8150409835841,2.712847452491896
"Tierra del Fuego, Antártida e Islas del Atlántico Sur",Otros servicios,2016,77.8720225513562,1.3824222840834877
"Tierra del Fuego, Antártida e Islas del Atlántico Sur",Industria manufacturera,2017,1573.2059399917896,27.759541037010898
"Tierra del Fuego, Antártida e Islas del Atlántico Sur","Administración pública, salud y educación",2017,909.7687084966287,16.053055201299564
"Tierra del Fuego, Antártida e Islas del Atlántico Sur",Comercio,2017,886.9069818223345,15.649655351566409
"Tierra del Fuego, Antártida e Islas del Atlántico Sur",Minería y energía,2017,663.3939311290309,11.705721791882137
"Tierra del Fuego, Antártida e Islas del Atlántico Sur",Transporte y comunicaciones,2017,596.3654448409484,10.522990422477024
"Tierra del Fuego, Antártida e Islas del Atlántico Sur",Servicios financieros e inmobiliarios,2017,250.4684340154323,4.419566819435945
"Tierra del Fuego, Antártida e Islas del Atlántico Sur",Hotelería y gastronomía,2017,207.6232454867252,3.6635546922459596
"Tierra del Fuego, Antártida e Islas del Atlántico Sur",Resto / no clasificado,2017,183.33351384417037,3.234957402362219
"Tierra del Fuego, Antártida e Islas del Atlántico Sur",Construcción,2017,160.07969904984762,2.8246390774432184
"Tierra del Fuego, Antártida e Islas del Atlántico Sur","Agro, pesca y silvicultura",2017,154.15927087795106,2.7201719097211745
"Tierra del Fuego, Antártida e Islas del Atlántico Sur",Otros servicios,2017,81.95690042780026,1.446146294555442
"Tierra del Fuego, Antártida e Islas del Atlántico Sur",Industria manufacturera,2018,1487.6486035463076,26.497901277329976
"Tierra del Fuego, Antártida e Islas del Atlántico Sur","Administración pública, salud y educación",2018,859.9888140954926,15.318065463300856
"Tierra del Fuego, Antártida e Islas del Atlántico Sur",Comercio,2018,856.4103262832149,15.25432566846905
"Tierra del Fuego, Antártida e Islas del Atlántico Sur",Minería y energía,2018,734.2719058386883,13.078803976455886
"Tierra del Fuego, Antártida e Islas del Atlántico Sur",Transporte y comunicaciones,2018,574.9104028022945,10.240267130591238
"Tierra del Fuego, Antártida e Islas del Atlántico Sur",Servicios financieros e inmobiliarios,2018,256.41380946038095,4.567226287866962
"Tierra del Fuego, Antártida e Islas del Atlántico Sur",Hotelería y gastronomía,2018,200.16303326882655,3.5652910790119807
"Tierra del Fuego, Antártida e Islas del Atlántico Sur",Resto / no clasificado,2018,194.39856557305853,3.4626147510440073
"Tierra del Fuego, Antártida e Islas del Atlántico Sur",Construcción,2018,191.4885045547624,3.4107809312898
"Tierra del Fuego, Antártida e Islas del Atlántico Sur","Agro, pesca y silvicultura",2018,178.58888804500688,3.181013791404687
"Tierra del Fuego, Antártida e Islas del Atlántico Sur",Otros servicios,2018,79.93009108335667,1.4237096432355503
"Tierra del Fuego, Antártida e Islas del Atlántico Sur",Industria manufacturera,2019,1211.4286905251945,23.82757941227056
"Tierra del Fuego, Antártida e Islas del Atlántico Sur","Administración pública, salud y educación",2019,898.0490197818891,17.663717643741627
"Tierra del Fuego, Antártida e Islas del Atlántico Sur",Minería y energía,2019,695.9663533772379,13.68895559686235
"Tierra del Fuego, Antártida e Islas del Atlántico Sur",Comercio,2019,674.4013655367369,13.264794055772036
"Tierra del Fuego, Antártida e Islas del Atlántico Sur",Transporte y comunicaciones,2019,579.3166301345993,11.39457329791056
"Tierra del Fuego, Antártida e Islas del Atlántico Sur",Servicios financieros e inmobiliarios,2019,251.5837429249415,4.9483982509787126
"Tierra del Fuego, Antártida e Islas del Atlántico Sur",Hotelería y gastronomía,2019,203.68022752163563,4.006184461321518
"Tierra del Fuego, Antártida e Islas del Atlántico Sur",Resto / no clasificado,2019,168.33224486536798,3.310925326059802
"Tierra del Fuego, Antártida e Islas del Atlántico Sur","Agro, pesca y silvicultura",2019,164.78954726022332,3.241244040499651
"Tierra del Fuego, Antártida e Islas del Atlántico Sur",Construcción,2019,163.93132685161495,3.2243637114309367
"Tierra del Fuego, Antártida e Islas del Atlántico Sur",Otros servicios,2019,72.6658647142148,1.4292642031522471
"Tierra del Fuego, Antártida e Islas del Atlántico Sur",Industria manufacturera,2020,1355.2443571663946,28.483266284067415
"Tierra del Fuego, Antártida e Islas del Atlántico Sur","Administración pública, salud y educación",2020,838.9009604019903,17.631240679761813
"Tierra del Fuego, Antártida e Islas del Atlántico Sur",Comercio,2020,767.4153602420413,16.128822776993744
"Tierra del Fuego, Antártida e Islas del Atlántico Sur",Minería y energía,2020,522.8564106269208,10.988910076228997
"Tierra del Fuego, Antártida e Islas del Atlántico Sur",Transporte y comunicaciones,2020,442.3013340184077,9.295878346976043
"Tierra del Fuego, Antártida e Islas del Atlántico Sur",Servicios financieros e inmobiliarios,2020,257.5625163249935,5.4132095798710065
"Tierra del Fuego, Antártida e Islas del Atlántico Sur","Agro, pesca y silvicultura",2020,159.47536667282475,3.3517050343517143
"Tierra del Fuego, Antártida e Islas del Atlántico Sur",Resto / no clasificado,2020,145.66420471980507,3.0614348690342577
"Tierra del Fuego, Antártida e Islas del Atlántico Sur",Construcción,2020,112.09982242769097,2.3560098780124026
"Tierra del Fuego, Antártida e Islas del Atlántico Sur",Hotelería y gastronomía,2020,105.17019094626532,2.2103693241947937
"Tierra del Fuego, Antártida e Islas del Atlántico Sur",Otros servicios,2020,51.346506512216095,1.0791531505078147
"Tierra del Fuego, Antártida e Islas del Atlántico Sur",Industria manufacturera,2021,1585.6122888721015,29.112240535574244
"Tierra del Fuego, Antártida e Islas del Atlántico Sur","Administración pública, salud y educación",2021,944.13434723406,17.334544142645953
"Tierra del Fuego, Antártida e Islas del Atlántico Sur",Comercio,2021,891.3996851277575,16.366322479270117
"Tierra del Fuego, Antártida e Islas del Atlántico Sur",Minería y energía,2021,548.206082618436,10.065201595785638
"Tierra del Fuego, Antártida e Islas del Atlántico Sur",Transporte y comunicaciones,2021,494.16377727516794,9.07297127359931
"Tierra del Fuego, Antártida e Islas del Atlántico Sur",Servicios financieros e inmobiliarios,2021,255.92207029764052,4.698793596110947
"Tierra del Fuego, Antártida e Islas del Atlántico Sur",Hotelería y gastronomía,2021,185.6462575066011,3.40851199312146
"Tierra del Fuego, Antártida e Islas del Atlántico Sur",Resto / no clasificado,2021,170.9600752784353,3.138869992629797
"Tierra del Fuego, Antártida e Islas del Atlántico Sur","Agro, pesca y silvicultura",2021,170.1684903498843,3.1243362941928954
"Tierra del Fuego, Antártida e Islas del Atlántico Sur",Construcción,2021,137.52133986135323,2.5249263977803995
"Tierra del Fuego, Antártida e Islas del Atlántico Sur",Otros servicios,2021,62.81404664439177,1.1532816992892367
"Tierra del Fuego, Antártida e Islas del Atlántico Sur",Industria manufacturera,2022,1717.3501095647118,29.307527873486073
"Tierra del Fuego, Antártida e Islas del Atlántico Sur","Administración pública, salud y educación",2022,1014.7989729608414,17.318104805998626
"Tierra del Fuego, Antártida e Islas del Atlántico Sur",Comercio,2022,986.0473160823072,16.827441905822653
"Tierra del Fuego, Antártida e Islas del Atlántico Sur",Transporte y comunicaciones,2022,584.4386178220532,9.97376771734854
"Tierra del Fuego, Antártida e Islas del Atlántico Sur",Minería y energía,2022,494.3147006794474,8.435753308397212
"Tierra del Fuego, Antártida e Islas del Atlántico Sur",Servicios financieros e inmobiliarios,2022,259.4898382785647,4.4283373703938755
"Tierra del Fuego, Antártida e Islas del Atlántico Sur",Hotelería y gastronomía,2022,233.03592927656686,3.976886806457773
"Tierra del Fuego, Antártida e Islas del Atlántico Sur",Resto / no clasificado,2022,185.9020162645552,3.1725205553989655
"Tierra del Fuego, Antártida e Islas del Atlántico Sur","Agro, pesca y silvicultura",2022,164.06484357884165,2.7998571458820236
"Tierra del Fuego, Antártida e Islas del Atlántico Sur",Construcción,2022,151.39271117448922,2.5836002093443717
"Tierra del Fuego, Antártida e Islas del Atlántico Sur",Otros servicios,2022,68.92260445914245,1.1762023014698848
"Tierra del Fuego, Antártida e Islas del Atlántico Sur",Industria manufacturera,2023,1545.5455928057415,27.561873820605438
"Tierra del Fuego, Antártida e Islas del Atlántico Sur","Administración pública, salud y educación",2023,1044.7080579802926,18.63038645217222
"Tierra del Fuego, Antártida e Islas del Atlántico Sur",Comercio,2023,927.5388049229168,16.54089508844001
"Tierra del Fuego, Antártida e Islas del Atlántico Sur",Transporte y comunicaciones,2023,600.5003638422945,10.708784868263184
"Tierra del Fuego, Antártida e Islas del Atlántico Sur",Minería y energía,2023,441.85000091984193,7.879556597796045
"Tierra del Fuego, Antártida e Islas del Atlántico Sur",Servicios financieros e inmobiliarios,2023,269.15359396928346,4.7998437767705955
"Tierra del Fuego, Antártida e Islas del Atlántico Sur",Hotelería y gastronomía,2023,240.89698672027407,4.295940787935578
"Tierra del Fuego, Antártida e Islas del Atlántico Sur",Resto / no clasificado,2023,183.1824652044257,3.2667117784252997
"Tierra del Fuego, Antártida e Islas del Atlántico Sur",Construcción,2023,156.23527055268593,2.7861596793686547
"Tierra del Fuego, Antártida e Islas del Atlántico Sur","Agro, pesca y silvicultura",2023,128.37139077943138,2.289260240078229
"Tierra del Fuego, Antártida e Islas del Atlántico Sur",Otros servicios,2023,69.5665194589652,1.2405869101447378
"Tierra del Fuego, Antártida e Islas del Atlántico Sur",Industria manufacturera,2024,1121.2590637338888,23.014192926370136
"Tierra del Fuego, Antártida e Islas del Atlántico Sur","Administración pública, salud y educación",2024,1054.7485416799561,21.649043661858965
"Tierra del Fuego, Antártida e Islas del Atlántico Sur",Comercio,2024,671.8235574269236,13.789388610706503
"Tierra del Fuego, Antártida e Islas del Atlántico Sur",Transporte y comunicaciones,2024,619.3264101378069,12.711868245544453
"Tierra del Fuego, Antártida e Islas del Atlántico Sur",Minería y energía,2024,398.50985879397234,8.179539474850271
"Tierra del Fuego, Antártida e Islas del Atlántico Sur",Servicios financieros e inmobiliarios,2024,278.0871227710674,5.7078251590494515
"Tierra del Fuego, Antártida e Islas del Atlántico Sur",Hotelería y gastronomía,2024,248.08372469885046,5.091996030871664
"Tierra del Fuego, Antártida e Islas del Atlántico Sur",Resto / no clasificado,2024,159.06459035598093,3.264850460174646
"Tierra del Fuego, Antártida e Islas del Atlántico Sur","Agro, pesca y silvicultura",2024,139.90434147201017,2.871580359985182
"Tierra del Fuego, Antártida e Islas del Atlántico Sur",Construcción,2024,112.22844145774476,2.303523857308473
"Tierra del Fuego, Antártida e Islas del Atlántico Sur",Otros servicios,2024,68.99730261891216,1.4161912132802632
Tucumán,"Administración pública, salud y educación",2004,1398.3375187166819,18.853159217168873
Tucumán,Comercio,2004,1320.3317587554686,17.801442451566608
Tucumán,Industria manufacturera,2004,1268.0256528736368,17.09622262515067
Tucumán,"Agro, pesca y silvicultura",2004,925.8709011467517,12.483103170887617
Tucumán,Servicios financieros e inmobiliarios,2004,722.245633344779,9.737714777080912
Tucumán,Transporte y comunicaciones,2004,602.225890379399,8.119542273630799
Tucumán,Resto / no clasificado,2004,389.50731376998056,5.251552865074099
Tucumán,Otros servicios,2004,255.33807077160233,3.442608982472068
Tucumán,Construcción,2004,227.13527067429345,3.062363245310895
Tucumán,Minería y energía,2004,214.46516790782758,2.8915379176937854
Tucumán,Hotelería y gastronomía,2004,93.50992403187396,1.2607524739636766
Tucumán,"Administración pública, salud y educación",2005,1568.608857869588,19.12858339214859
Tucumán,Comercio,2005,1422.61376814235,17.34822926837769
Tucumán,Industria manufacturera,2005,1325.2140122529288,16.160476602339507
Tucumán,"Agro, pesca y silvicultura",2005,1075.0983829345578,13.110412433000262
Tucumán,Servicios financieros e inmobiliarios,2005,761.0151877854837,9.280288332693138
Tucumán,Transporte y comunicaciones,2005,673.3312583485784,8.211016443802299
Tucumán,Resto / no clasificado,2005,459.28352148958345,5.600786389403123
Tucumán,Construcción,2005,291.9837724796183,3.5606301169407706
Tucumán,Otros servicios,2005,279.2223115596082,3.4050089955953284
Tucumán,Minería y energía,2005,233.6503366299814,2.8492762401586345
Tucumán,Hotelería y gastronomía,2005,110.31849917774997,1.3452917855406552
Tucumán,"Administración pública, salud y educación",2006,1710.0926402019034,18.816916937605516
Tucumán,Comercio,2006,1577.6171713678762,17.3592298891273
Tucumán,Industria manufacturera,2006,1406.6248118653502,15.47772420336262
Tucumán,"Agro, pesca y silvicultura",2006,1241.9495139207659,13.665727981489612
Tucumán,Servicios financieros e inmobiliarios,2006,804.6106213955649,8.853491836634038
Tucumán,Transporte y comunicaciones,2006,720.1448751376113,7.924077316014195
Tucumán,Resto / no clasificado,2006,570.2016400916544,6.274184595066333
Tucumán,Construcción,2006,361.49015724814006,3.977638464017429
Tucumán,Otros servicios,2006,310.72004372110047,3.4189921154556844
Tucumán,Minería y energía,2006,256.05286499393236,2.8174646092026268
Tucumán,Hotelería y gastronomía,2006,128.55533461570764,1.41455205202465
Tucumán,"Administración pública, salud y educación",2007,1786.2325609001512,18.28782352969054
Tucumán,Comercio,2007,1720.9545458747257,17.61949352312529
Tucumán,Industria manufacturera,2007,1519.6302603702964,15.558293270628129
Tucumán,"Agro, pesca y silvicultura",2007,1196.270606534923,12.247669326463171
Tucumán,Servicios financieros e inmobiliarios,2007,844.1994291110146,8.6430907830208
Tucumán,Transporte y comunicaciones,2007,803.6153922685696,8.22758290339561
Tucumán,Resto / no clasificado,2007,699.1983337266952,7.15853916189038
Tucumán,Construcción,2007,419.563577275322,4.295579886210393
Tucumán,Otros servicios,2007,356.74577762441004,3.6524380805541297
Tucumán,Minería y energía,2007,263.0414204414056,2.693073222003851
Tucumán,Hotelería y gastronomía,2007,157.88075850550675,1.6164163130177056
Tucumán,Comercio,2008,1830.468785218957,17.785890820822033
Tucumán,"Administración pública, salud y educación",2008,1745.8468175454036,16.963654959583394
Tucumán,Industria manufacturera,2008,1607.971336890224,15.623977241174197
Tucumán,"Agro, pesca y silvicultura",2008,1129.787661758758,10.977668761693439
Tucumán,Transporte y comunicaciones,2008,908.2207529349138,8.82479684075733
Tucumán,Servicios financieros e inmobiliarios,2008,873.6754381482633,8.489134631094029
Tucumán,Resto / no clasificado,2008,763.936510312703,7.422847893489883
Tucumán,Construcción,2008,581.4347928269568,5.649555910569937
Tucumán,Otros servicios,2008,395.648259048858,3.8443467573524095
Tucumán,Minería y energía,2008,264.0450105620484,2.56561366550571
Tucumán,Hotelería y gastronomía,2008,190.65484953832117,1.8525125179576398
Tucumán,"Administración pública, salud y educación",2009,1763.3602707112423,17.911956025709053
Tucumán,Comercio,2009,1708.3175227498043,17.3528398329518
Tucumán,Industria manufacturera,2009,1498.384986169898,15.220375794807095
Tucumán,"Agro, pesca y silvicultura",2009,1007.6732567051764,10.235797733554483
Tucumán,Servicios financieros e inmobiliarios,2009,885.1399388233956,8.99112219104755
Tucumán,Transporte y comunicaciones,2009,880.7896897633507,8.946932996610851
Tucumán,Resto / no clasificado,2009,738.4694117964495,7.501264404178744
Tucumán,Construcción,2009,525.5288210781981,5.338244991534611
Tucumán,Otros servicios,2009,391.01395855560514,3.9718626689153345
Tucumán,Minería y energía,2009,261.33729737477876,2.6546260887269537
Tucumán,Hotelería y gastronomía,2009,184.58399658426788,1.8749772719635298
Tucumán,"Administración pública, salud y educación",2010,1906.9484462228133,18.20644354868178
Tucumán,Comercio,2010,1856.587959335587,17.725630675416888
Tucumán,Industria manufacturera,2010,1627.6421886358328,15.539788547271865
Tucumán,"Agro, pesca y silvicultura",2010,1030.898905439442,9.842427970959426
Tucumán,Transporte y comunicaciones,2010,968.1760192184129,9.243586041354305
Tucumán,Servicios financieros e inmobiliarios,2010,912.6155669127704,8.713126898399734
Tucumán,Resto / no clasificado,2010,803.4846170009135,7.671207551854334
Tucumán,Construcción,2010,514.2072549492926,4.9093541978549355
Tucumán,Otros servicios,2010,396.4574739949067,3.7851472251588403
Tucumán,Minería y energía,2010,265.21482537902824,2.5321181367545913
Tucumán,Hotelería y gastronomía,2010,191.79722076829756,1.8311692062932976
Tucumán,Comercio,2011,2112.310057182262,18.584171399789483
Tucumán,"Administración pública, salud y educación",2011,2082.494493455943,18.32185311711729
Tucumán,Industria manufacturera,2011,1781.6846158212668,15.675318198768338
Tucumán,"Agro, pesca y silvicultura",2011,1117.4027740961758,9.830945322536886
Tucumán,Transporte y comunicaciones,2011,1019.2703858094649,8.967573433741505
Tucumán,Servicios financieros e inmobiliarios,2011,977.9083477521797,8.603668900840406
Tucumán,Resto / no clasificado,2011,901.0728049518816,7.927667339354969
Tucumán,Construcción,2011,499.98292504917725,4.398865755757875
Tucumán,Otros servicios,2011,402.2287283813817,3.5388212089140163
Tucumán,Minería y energía,2011,275.4631977321055,2.423534018399001
Tucumán,Hotelería y gastronomía,2011,196.3599714071011,1.7275813047802275
Tucumán,"Administración pública, salud y educación",2012,2228.3302719010094,19.794968161441894
Tucumán,Comercio,2012,2033.9933791026515,18.068611591212644
Tucumán,Industria manufacturera,2012,1728.9924548000395,15.35919115120313
Tucumán,Transporte y comunicaciones,2012,1033.869366596917,9.184191164542604
Tucumán,Servicios financieros e inmobiliarios,2012,1031.41715867851,9.162407419878628
Tucumán,Resto / no clasificado,2012,921.2175779661663,8.183469414542408
Tucumán,"Agro, pesca y silvicultura",2012,846.7067633072163,7.52156609506781
Tucumán,Construcción,2012,478.7508652767292,4.252896554392189
Tucumán,Otros servicios,2012,413.3148232855308,3.671607333417997
Tucumán,Minería y energía,2012,336.83257586958234,2.9921911483016657
Tucumán,Hotelería y gastronomía,2012,203.62884750316965,1.8088999659990321
Tucumán,"Administración pública, salud y educación",2013,2324.3366435790067,20.740588444157684
Tucumán,Comercio,2013,2004.7885158984084,17.8891872830422
Tucumán,Industria manufacturera,2013,1701.7680234498305,15.185265998066633
Tucumán,Servicios financieros e inmobiliarios,2013,1065.8672523437253,9.510977714022749
Tucumán,Transporte y comunicaciones,2013,1049.8018667912247,9.367622597688111
Tucumán,Resto / no clasificado,2013,883.8427925793898,7.8867317524183935
Tucumán,"Agro, pesca y silvicultura",2013,810.6732415645142,7.233823083428617
Tucumán,Construcción,2013,441.1847088882579,3.9367922457295457
Tucumán,Otros servicios,2013,402.38424798603666,3.590566842778681
Tucumán,Minería y energía,2013,315.0276324748915,2.8110637466173025
Tucumán,Hotelería y gastronomía,2013,207.03046680660708,1.8473802920500788
Tucumán,"Administración pública, salud y educación",2014,2364.8810648073863,21.562260068510938
Tucumán,Comercio,2014,1874.1379326510676,17.087814735991852
Tucumán,Industria manufacturera,2014,1644.0072539040743,14.989553804933246
Tucumán,Transporte y comunicaciones,2014,1078.6184463040781,9.834512102956854
Tucumán,Servicios financieros e inmobiliarios,2014,1053.4096272815407,9.604665824481007
Tucumán,Resto / no clasificado,2014,815.3665921971717,7.4342624556312975
Tucumán,"Agro, pesca y silvicultura",2014,779.7725745209215,7.109727121723927
Tucumán,Construcción,2014,429.1398742728858,3.9127657253214556
Tucumán,Otros servicios,2014,394.0314396211286,3.5926577884679096
Tucumán,Minería y energía,2014,325.05920622760794,2.963790123168109
Tucumán,Hotelería y gastronomía,2014,209.26238700948684,1.9079902488133986
Tucumán,"Administración pública, salud y educación",2015,2361.141059043086,20.93449447702902
Tucumán,Comercio,2015,1975.6202954973453,17.516366506945275
Tucumán,Industria manufacturera,2015,1680.210039509986,14.897181876387272
Tucumán,Transporte y comunicaciones,2015,1091.7484364687057,9.67972731913859
Tucumán,Servicios financieros e inmobiliarios,2015,1057.4951865888577,9.37602904254321
Tucumán,"Agro, pesca y silvicultura",2015,895.1782417796401,7.936884535855447
Tucumán,Resto / no clasificado,2015,841.3583004053575,7.45970285238984
Tucumán,Construcción,2015,427.57951957510375,3.791031906693208
Tucumán,Otros servicios,2015,393.94662346502895,3.492833848950651
Tucumán,Minería y energía,2015,346.8332680721875,3.0751145117309315
Tucumán,Hotelería y gastronomía,2015,207.59968407893865,1.8406331223365529
Tucumán,"Administración pública, salud y educación",2016,2425.941735026092,21.166874877965988
Tucumán,Comercio,2016,1984.775092631671,17.317598951396945
Tucumán,Industria manufacturera,2016,1630.1807736461542,14.223685575804986
Tucumán,Transporte y comunicaciones,2016,1144.490911204437,9.985934767791548
Tucumán,Servicios financieros e inmobiliarios,2016,1055.525161414959,9.209689045551208
Tucumán,"Agro, pesca y silvicultura",2016,1017.6703013313413,8.87939707054455
Tucumán,Resto / no clasificado,2016,872.9188096060929,7.616408487797608
Tucumán,Otros servicios,2016,392.19896876375117,3.4220222106860803
Tucumán,Construcción,2016,369.10745663347313,3.2205436916649415
Tucumán,Minería y energía,2016,352.25428819359564,3.0734960925764434
Tucumán,Hotelería y gastronomía,2016,215.96581746042105,1.8843492282196994
Tucumán,"Administración pública, salud y educación",2017,2510.927230098244,21.211128731220683
Tucumán,Comercio,2017,2079.230289512422,17.56435662652623
Tucumán,Industria manufacturera,2017,1678.872405229498,14.182322085544333
Tucumán,Transporte y comunicaciones,2017,1166.152815931386,9.851108866276588
Tucumán,Servicios financieros e inmobiliarios,2017,1078.501510439128,9.110671986238815
Tucumán,"Agro, pesca y silvicultura",2017,1016.1130957755197,8.583644090366741
Tucumán,Resto / no clasificado,2017,934.0441825856908,7.890364627053611
Tucumán,Construcción,2017,407.6511548404276,3.443644650113085
Tucumán,Otros servicios,2017,398.04894026050624,3.3625296711052917
Tucumán,Minería y energía,2017,348.32958933438744,2.942524049164038
Tucumán,Hotelería y gastronomía,2017,219.91102717266307,1.8577046163905824
Tucumán,"Administración pública, salud y educación",2018,2602.719557646568,21.757663749762067
Tucumán,Comercio,2018,2103.354241699134,17.58317533791706
Tucumán,Industria manufacturera,2018,1666.4280598747616,13.930652376050947
Tucumán,Transporte y comunicaciones,2018,1151.5381029484452,9.626384358384813
Tucumán,Servicios financieros e inmobiliarios,2018,1104.0459021425927,9.229369116064866
Tucumán,"Agro, pesca y silvicultura",2018,1008.7665259155094,8.432872765105545
Tucumán,Resto / no clasificado,2018,973.9990381425512,8.14223088393722
Tucumán,Otros servicios,2018,396.72936089721577,3.316494091228471
Tucumán,Construcción,2018,390.198964424268,3.261902665812086
Tucumán,Minería y energía,2018,341.12447886090166,2.8516601744751573
Tucumán,Hotelería y gastronomía,2018,223.40747324886578,1.8675944812617624
Tucumán,"Administración pública, salud y educación",2019,2846.010826420059,23.597285511201875
Tucumán,Comercio,2019,1962.222536943307,16.269483239812505
Tucumán,Industria manufacturera,2019,1630.0861741529068,13.515622815719931
Tucumán,Transporte y comunicaciones,2019,1174.630619051042,9.739279215186013
Tucumán,"Agro, pesca y silvicultura",2019,1138.645128933916,9.440910749166333
Tucumán,Servicios financieros e inmobiliarios,2019,1075.1076615062648,8.91409906397154
Tucumán,Resto / no clasificado,2019,949.7958814224606,7.875094635350289
Tucumán,Otros servicios,2019,387.7741739608688,3.2151732565034603
Tucumán,Construcción,2019,355.9776417712364,2.9515369268804
Tucumán,Minería y energía,2019,319.6656624119592,2.650461422717415
Tucumán,Hotelería y gastronomía,2019,220.83883862701572,1.8310531634902423
Tucumán,"Administración pública, salud y educación",2020,2587.1642270153593,23.759722095290016
Tucumán,Comercio,2020,1892.2110743607536,17.377485666732184
Tucumán,Industria manufacturera,2020,1543.420540526197,14.174300470043967
Tucumán,Servicios financieros e inmobiliarios,2020,1074.714806549995,9.869850884873749
Tucumán,"Agro, pesca y silvicultura",2020,995.4307603106273,9.141730541539118
Tucumán,Transporte y comunicaciones,2020,954.2124903576365,8.763194602805342
Tucumán,Resto / no clasificado,2020,863.8584983186565,7.933411275319085
Tucumán,Minería y energía,2020,331.6877596038957,3.0461185680854492
Tucumán,Construcción,2020,290.41004087248297,2.6670366700192654
Tucumán,Otros servicios,2020,244.29608864081297,2.2435402880350637
Tucumán,Hotelería y gastronomía,2020,111.45940235760884,1.02360893725676
Tucumán,"Administración pública, salud y educación",2021,2669.5672825203314,22.52548101892001
Tucumán,Comercio,2021,2072.506768767163,17.487557697880362
Tucumán,Industria manufacturera,2021,1701.6314615289918,14.358157383349825
Tucumán,Servicios financieros e inmobiliarios,2021,1150.3602913374764,9.706598922270944
Tucumán,Transporte y comunicaciones,2021,1051.2881278440036,8.8706401686228
Tucumán,"Agro, pesca y silvicultura",2021,1027.1104538668185,8.66663192360844
Tucumán,Resto / no clasificado,2021,993.1148521712048,8.3797812097360591
Tucumán,Minería y energía,2021,380.0901837139546,3.2071543110325407
Tucumán,Construcción,2021,356.8601378050731,3.0111420353295153
Tucumán,Otros servicios,2021,297.6033114070806,2.5111402084382117
Tucumán,Hotelería y gastronomía,2021,151.1891064822898,1.2757151208112913
Tucumán,"Administración pública, salud y educación",2022,2652.219087869172,22.310489667634297
Tucumán,Comercio,2022,2107.0654661437225,17.724652735682085
Tucumán,Industria manufacturera,2022,1709.0793549428101,14.376790161876528
Tucumán,Servicios financieros e inmobiliarios,2022,1142.7733939064847,9.613019570597276
Tucumán,Transporte y comunicaciones,2022,1136.8808593934677,9.5634515198392709
Tucumán,Resto / no clasificado,2022,1005.471752366108,8.458036986787853
Tucumán,"Agro, pesca y silvicultura",2022,906.796477673366,7.627979731505786
Tucumán,Minería y energía,2022,378.549763921374,3.1843638541333883
Tucumán,Construcción,2022,354.96469470117387,2.985966049987251
Tucumán,Otros servicios,2022,325.9586968697756,2.7419673479657103
Tucumán,Hotelería y gastronomía,2022,168.0077194488697,1.4132823739905553
Tucumán,"Administración pública, salud y educación",2023,2735.596209511185,23.61830049634887
Tucumán,Comercio,2023,2099.853185691539,18.12948978560699
Tucumán,Industria manufacturera,2023,1615.2166933077997,13.945286624036978
Tucumán,Transporte y comunicaciones,2023,1117.5796292355037,9.648840505082722
Tucumán,Servicios financieros e inmobiliarios,2023,1069.38873931266,9.23277510938327
Tucumán,"Agro, pesca y silvicultura",2023,873.3662848544781,7.540377226490871
Tucumán,Resto / no clasificado,2023,871.4398675732448,7.5237451292276365
Tucumán,Minería y energía,2023,387.8743405527736,3.348788354855742
Tucumán,Construcción,2023,328.4592756857621,2.835816867631066
Tucumán,Otros servicios,2023,318.9336810038712,2.753575798272543
Tucumán,Hotelería y gastronomía,2023,164.81984514764744,1.4230041030632994
Tucumán,"Administración pública, salud y educación",2024,2543.0034906014625,22.835568276162732
Tucumán,Comercio,2024,1977.541200736591,17.757851011704503
Tucumán,Industria manufacturera,2024,1546.2257683469954,13.884740714649528
Tucumán,Transporte y comunicaciones,2024,1153.615993355266,10.35919804203918
Tucumán,Servicios financieros e inmobiliarios,2024,1048.3972411354891,9.414358599573815
Tucumán,"Agro, pesca y silvicultura",2024,889.5819835769327,7.9882352494965305
Tucumán,Resto / no clasificado,2024,836.2987582572557,7.509764522162269
Tucumán,Minería y energía,2024,388.9934945823115,3.4930693321292146
Tucumán,Otros servicios,2024,307.2204755181989,2.7587670132814948
Tucumán,Construcción,2024,275.0846132130255,2.4701945907522647
Tucumán,Hotelería y gastronomía,2024,170.18853095786625,1.5282526480484708
